  0
SECTION
  2
HEADER
  9
$ACADVER
  1
AC1024
  9
$ACADMAINTVER
 70
6
  9
$DWGCODEPAGE
  3
ANSI_1252
  9
$LASTSAVEDBY
  1
ezdxf
  9
$INSBASE
 10
0.0
 20
0.0
 30
0.0
  9
$EXTMIN
 10
1e+20
 20
1e+20
 30
1e+20
  9
$EXTMAX
 10
-1e+20
 20
-1e+20
 30
-1e+20
  9
$LIMMIN
 10
0.0
 20
0.0
  9
$LIMMAX
 10
420.0
 20
297.0
  9
$ORTHOMODE
 70
0
  9
$REGENMODE
 70
1
  9
$FILLMODE
 70
1
  9
$QTEXTMODE
 70
0
  9
$MIRRTEXT
 70
1
  9
$LTSCALE
 40
1.0
  9
$ATTMODE
 70
1
  9
$TEXTSIZE
 40
2.5
  9
$TRACEWID
 40
1.0
  9
$TEXTSTYLE
  7
Standard
  9
$CLAYER
  8
0
  9
$CELTYPE
  6
ByLayer
  9
$CECOLOR
 62
256
  9
$CELTSCALE
 40
1.0
  9
$DISPSILH
 70
0
  9
$DIMSCALE
 40
1.0
  9
$DIMASZ
 40
2.5
  9
$DIMEXO
 40
0.625
  9
$DIMDLI
 40
3.75
  9
$DIMRND
 40
0.0
  9
$DIMDLE
 40
0.0
  9
$DIMEXE
 40
1.25
  9
$DIMTP
 40
0.0
  9
$DIMTM
 40
0.0
  9
$DIMTXT
 40
2.5
  9
$DIMCEN
 40
2.5
  9
$DIMTSZ
 40
0.0
  9
$DIMTOL
 70
0
  9
$DIMLIM
 70
0
  9
$DIMTIH
 70
0
  9
$DIMTOH
 70
0
  9
$DIMSE1
 70
0
  9
$DIMSE2
 70
0
  9
$DIMTAD
 70
1
  9
$DIMZIN
 70
8
  9
$DIMBLK
  1

  9
$DIMASO
 70
1
  9
$DIMSHO
 70
1
  9
$DIMPOST
  1

  9
$DIMAPOST
  1

  9
$DIMALT
 70
0
  9
$DIMALTD
 70
3
  9
$DIMALTF
 40
0.03937007874
  9
$DIMLFAC
 40
1.0
  9
$DIMTOFL
 70
1
  9
$DIMTVP
 40
0.0
  9
$DIMTIX
 70
0
  9
$DIMSOXD
 70
0
  9
$DIMSAH
 70
0
  9
$DIMBLK1
  1

  9
$DIMBLK2
  1

  9
$DIMSTYLE
  2
ISO-25
  9
$DIMCLRD
 70
0
  9
$DIMCLRE
 70
0
  9
$DIMCLRT
 70
0
  9
$DIMTFAC
 40
1.0
  9
$DIMGAP
 40
0.625
  9
$DIMJUST
 70
0
  9
$DIMSD1
 70
0
  9
$DIMSD2
 70
0
  9
$DIMTOLJ
 70
0
  9
$DIMTZIN
 70
8
  9
$DIMALTZ
 70
0
  9
$DIMALTTZ
 70
0
  9
$DIMUPT
 70
0
  9
$DIMDEC
 70
2
  9
$DIMTDEC
 70
2
  9
$DIMALTU
 70
2
  9
$DIMALTTD
 70
3
  9
$DIMTXSTY
  7
Standard
  9
$DIMAUNIT
 70
0
  9
$DIMADEC
 70
0
  9
$DIMALTRND
 40
0.0
  9
$DIMAZIN
 70
0
  9
$DIMDSEP
 70
44
  9
$DIMATFIT
 70
3
  9
$DIMFRAC
 70
0
  9
$DIMLDRBLK
  1

  9
$DIMLUNIT
 70
2
  9
$DIMLWD
 70
-2
  9
$DIMLWE
 70
-2
  9
$DIMTMOVE
 70
0
  9
$DIMFXL
 40
1.0
  9
$DIMFXLON
 70
0
  9
$DIMJOGANG
 40
0.785398163397
  9
$DIMTFILL
 70
0
  9
$DIMTFILLCLR
 70
0
  9
$DIMARCSYM
 70
0
  9
$DIMLTYPE
  6

  9
$DIMLTEX1
  6

  9
$DIMLTEX2
  6

  9
$DIMTXTDIRECTION
 70
0
  9
$LUNITS
 70
2
  9
$LUPREC
 70
4
  9
$SKETCHINC
 40
1.0
  9
$FILLETRAD
 40
10.0
  9
$AUNITS
 70
0
  9
$AUPREC
 70
2
  9
$MENU
  1
.
  9
$ELEVATION
 40
0.0
  9
$PELEVATION
 40
0.0
  9
$THICKNESS
 40
0.0
  9
$LIMCHECK
 70
0
  9
$CHAMFERA
 40
0.0
  9
$CHAMFERB
 40
0.0
  9
$CHAMFERC
 40
0.0
  9
$CHAMFERD
 40
0.0
  9
$SKPOLY
 70
0
  9
$TDCREATE
 40
2461292.675914352
  9
$TDUCREATE
 40
2458532.153996898
  9
$TDUPDATE
 40
2461292.675914352
  9
$TDUUPDATE
 40
2458532.1544311
  9
$TDINDWG
 40
0.0
  9
$TDUSRTIMER
 40
0.0
  9
$USRTIMER
 70
1
  9
$ANGBASE
 50
0.0
  9
$ANGDIR
 70
0
  9
$PDMODE
 70
0
  9
$PDSIZE
 40
0.0
  9
$PLINEWID
 40
0.0
  9
$SPLFRAME
 70
0
  9
$SPLINETYPE
 70
6
  9
$SPLINESEGS
 70
8
  9
$HANDSEED
  5
132F
  9
$SURFTAB1
 70
6
  9
$SURFTAB2
 70
6
  9
$SURFTYPE
 70
6
  9
$SURFU
 70
6
  9
$SURFV
 70
6
  9
$UCSBASE
  2

  9
$UCSNAME
  2

  9
$UCSORG
 10
0.0
 20
0.0
 30
0.0
  9
$UCSXDIR
 10
1.0
 20
0.0
 30
0.0
  9
$UCSYDIR
 10
0.0
 20
1.0
 30
0.0
  9
$UCSORTHOREF
  2

  9
$UCSORTHOVIEW
 70
0
  9
$UCSORGTOP
 10
0.0
 20
0.0
 30
0.0
  9
$UCSORGBOTTOM
 10
0.0
 20
0.0
 30
0.0
  9
$UCSORGLEFT
 10
0.0
 20
0.0
 30
0.0
  9
$UCSORGRIGHT
 10
0.0
 20
0.0
 30
0.0
  9
$UCSORGFRONT
 10
0.0
 20
0.0
 30
0.0
  9
$UCSORGBACK
 10
0.0
 20
0.0
 30
0.0
  9
$PUCSBASE
  2

  9
$PUCSNAME
  2

  9
$PUCSORG
 10
0.0
 20
0.0
 30
0.0
  9
$PUCSXDIR
 10
1.0
 20
0.0
 30
0.0
  9
$PUCSYDIR
 10
0.0
 20
1.0
 30
0.0
  9
$PUCSORTHOREF
  2

  9
$PUCSORTHOVIEW
 70
0
  9
$PUCSORGTOP
 10
0.0
 20
0.0
 30
0.0
  9
$PUCSORGBOTTOM
 10
0.0
 20
0.0
 30
0.0
  9
$PUCSORGLEFT
 10
0.0
 20
0.0
 30
0.0
  9
$PUCSORGRIGHT
 10
0.0
 20
0.0
 30
0.0
  9
$PUCSORGFRONT
 10
0.0
 20
0.0
 30
0.0
  9
$PUCSORGBACK
 10
0.0
 20
0.0
 30
0.0
  9
$USERI1
 70
0
  9
$USERI2
 70
0
  9
$USERI3
 70
0
  9
$USERI4
 70
0
  9
$USERI5
 70
0
  9
$USERR1
 40
0.0
  9
$USERR2
 40
0.0
  9
$USERR3
 40
0.0
  9
$USERR4
 40
0.0
  9
$USERR5
 40
0.0
  9
$WORLDVIEW
 70
1
  9
$SHADEDGE
 70
3
  9
$SHADEDIF
 70
70
  9
$TILEMODE
 70
1
  9
$MAXACTVP
 70
64
  9
$PINSBASE
 10
0.0
 20
0.0
 30
0.0
  9
$PLIMCHECK
 70
0
  9
$PEXTMIN
 10
1e+20
 20
1e+20
 30
1e+20
  9
$PEXTMAX
 10
-1e+20
 20
-1e+20
 30
-1e+20
  9
$PLIMMIN
 10
0.0
 20
0.0
  9
$PLIMMAX
 10
420.0
 20
297.0
  9
$UNITMODE
 70
0
  9
$VISRETAIN
 70
1
  9
$PLINEGEN
 70
0
  9
$PSLTSCALE
 70
1
  9
$TREEDEPTH
 70
3020
  9
$CMLSTYLE
  2
Standard
  9
$CMLJUST
 70
0
  9
$CMLSCALE
 40
20.0
  9
$PROXYGRAPHICS
 70
1
  9
$MEASUREMENT
 70
1
  9
$CELWEIGHT
370
-1
  9
$ENDCAPS
280
0
  9
$JOINSTYLE
280
0
  9
$LWDISPLAY
290
0
  9
$INSUNITS
 70
4
  9
$HYPERLINKBASE
  1

  9
$STYLESHEET
  1

  9
$XEDIT
290
1
  9
$CEPSNTYPE
380
0
  9
$PSTYLEMODE
290
1
  9
$FINGERPRINTGUID
  2
{3DC283B7-3086-412F-9522-EE152DE25DCF}
  9
$VERSIONGUID
  2
{5A4DD713-2CBE-42AB-ADE5-D9FC56F21255}
  9
$EXTNAMES
290
1
  9
$PSVPSCALE
 40
0.0
  9
$OLESTARTUP
290
0
  9
$SORTENTS
280
127
  9
$INDEXCTL
280
0
  9
$HIDETEXT
280
1
  9
$XCLIPFRAME
280
1
  9
$HALOGAP
280
0
  9
$OBSCOLOR
 70
257
  9
$OBSLTYPE
280
0
  9
$INTERSECTIONDISPLAY
280
0
  9
$INTERSECTIONCOLOR
 70
257
  9
$DIMASSOC
280
2
  9
$PROJECTNAME
  1

  9
$CAMERADISPLAY
290
0
  9
$LENSLENGTH
 40
50.0
  9
$CAMERAHEIGHT
 40
0.0
  9
$STEPSPERSEC
 40
24.0
  9
$STEPSIZE
 40
100.0
  9
$3DDWFPREC
 40
2.0
  9
$PSOLWIDTH
 40
0.005
  9
$PSOLHEIGHT
 40
0.08
  9
$LOFTANG1
 40
1.570796326795
  9
$LOFTANG2
 40
1.570796326795
  9
$LOFTMAG1
 40
0.0
  9
$LOFTMAG2
 40
0.0
  9
$LOFTPARAM
 70
7
  9
$LOFTNORMALS
280
1
  9
$LATITUDE
 40
37.795
  9
$LONGITUDE
 40
-122.394
  9
$NORTHDIRECTION
 40
0.0
  9
$TIMEZONE
 70
-8000
  9
$LIGHTGLYPHDISPLAY
280
1
  9
$TILEMODELIGHTSYNCH
280
1
  9
$CMATERIAL
347
20
  9
$SOLIDHIST
280
0
  9
$SHOWHIST
280
1
  9
$DWFFRAME
280
2
  9
$DGNFRAME
280
2
  9
$REALWORLDSCALE
290
1
  9
$INTERFERECOLOR
 62
256
  9
$CSHADOW
280
0
  9
$SHADOWPLANELOCATION
 40
0.0
  0
ENDSEC
  0
SECTION
  2
CLASSES
  0
CLASS
  1
ACDBDICTIONARYWDFLT
  2
AcDbDictionaryWithDefault
  3
ObjectDBX Classes
 90
0
 91
0
280
0
281
0
  0
CLASS
  1
SUN
  2
AcDbSun
  3
SCENEOE
 90
1153
 91
0
280
0
281
0
  0
CLASS
  1
VISUALSTYLE
  2
AcDbVisualStyle
  3
ObjectDBX Classes
 90
4095
 91
0
280
0
281
0
  0
CLASS
  1
MATERIAL
  2
AcDbMaterial
  3
ObjectDBX Classes
 90
1153
 91
0
280
0
281
0
  0
CLASS
  1
SCALE
  2
AcDbScale
  3
ObjectDBX Classes
 90
1153
 91
0
280
0
281
0
  0
CLASS
  1
TABLESTYLE
  2
AcDbTableStyle
  3
ObjectDBX Classes
 90
4095
 91
0
280
0
281
0
  0
CLASS
  1
MLEADERSTYLE
  2
AcDbMLeaderStyle
  3
ACDB_MLEADERSTYLE_CLASS
 90
4095
 91
0
280
0
281
0
  0
CLASS
  1
DICTIONARYVAR
  2
AcDbDictionaryVar
  3
ObjectDBX Classes
 90
0
 91
0
280
0
281
0
  0
CLASS
  1
CELLSTYLEMAP
  2
AcDbCellStyleMap
  3
ObjectDBX Classes
 90
1152
 91
0
280
0
281
0
  0
CLASS
  1
MENTALRAYRENDERSETTINGS
  2
AcDbMentalRayRenderSettings
  3
SCENEOE
 90
1024
 91
0
280
0
281
0
  0
CLASS
  1
ACDBDETAILVIEWSTYLE
  2
AcDbDetailViewStyle
  3
ObjectDBX Classes
 90
1025
 91
0
280
0
281
0
  0
CLASS
  1
ACDBSECTIONVIEWSTYLE
  2
AcDbSectionViewStyle
  3
ObjectDBX Classes
 90
1025
 91
0
280
0
281
0
  0
CLASS
  1
RASTERVARIABLES
  2
AcDbRasterVariables
  3
ISM
 90
0
 91
0
280
0
281
0
  0
CLASS
  1
ACDBPLACEHOLDER
  2
AcDbPlaceHolder
  3
ObjectDBX Classes
 90
0
 91
0
280
0
281
0
  0
CLASS
  1
LAYOUT
  2
AcDbLayout
  3
ObjectDBX Classes
 90
0
 91
0
280
0
281
0
  0
ENDSEC
  0
SECTION
  2
TABLES
  0
TABLE
  2
VPORT
  5
8
330
0
100
AcDbSymbolTable
 70
1
  0
VPORT
  5
23
330
8
100
AcDbSymbolTableRecord
100
AcDbViewportTableRecord
  2
*Active
 70
0
 10
0.0
 20
0.0
 11
1.0
 21
1.0
 12
0.0
 22
0.0
 13
0.0
 23
0.0
 14
0.5
 24
0.5
 15
0.5
 25
0.5
 16
0.0
 26
0.0
 36
1.0
 17
0.0
 27
0.0
 37
0.0
 40
1000.0
 41
1.34
 42
50.0
 43
0.0
 44
0.0
 50
0.0
 51
0.0
 71
0
 72
1000
 73
1
 74
3
 75
0
 76
0
 77
0
 78
0
281
0
 65
0
146
0.0
  0
ENDTAB
  0
TABLE
  2
LTYPE
  5
2
330
0
100
AcDbSymbolTable
 70
3
  0
LTYPE
  5
24
330
2
100
AcDbSymbolTableRecord
100
AcDbLinetypeTableRecord
  2
ByBlock
 70
0
  3

 72
65
 73
0
 40
0.0
  0
LTYPE
  5
25
330
2
100
AcDbSymbolTableRecord
100
AcDbLinetypeTableRecord
  2
ByLayer
 70
0
  3

 72
65
 73
0
 40
0.0
  0
LTYPE
  5
26
330
2
100
AcDbSymbolTableRecord
100
AcDbLinetypeTableRecord
  2
Continuous
 70
0
  3

 72
65
 73
0
 40
0.0
  0
ENDTAB
  0
TABLE
  2
LAYER
  5
1
330
0
100
AcDbSymbolTable
 70
12
  0
LAYER
  5
27
330
1
100
AcDbSymbolTableRecord
100
AcDbLayerTableRecord
  2
0
 70
0
 62
7
  6
Continuous
370
-3
390
13
347
21
  0
LAYER
  5
28
330
1
100
AcDbSymbolTableRecord
100
AcDbLayerTableRecord
  2
Defpoints
 70
0
 62
7
  6
Continuous
290
0
370
-3
390
13
347
21
  0
LAYER
  5
2F
330
1
100
AcDbSymbolTableRecord
100
AcDbLayerTableRecord
  2
dek
 70
0
 62
7
420
4473924
  6
Continuous
370
-3
390
13
347
21
  0
LAYER
  5
30
330
1
100
AcDbSymbolTableRecord
100
AcDbLayerTableRecord
  2
kolom
 70
0
 62
7
420
1118481
  6
Continuous
370
-3
390
13
347
21
  0
LAYER
  5
31
330
1
100
AcDbSymbolTableRecord
100
AcDbLayerTableRecord
  2
balok
 70
0
 62
7
420
3355443
  6
Continuous
370
-3
390
13
347
21
  0
LAYER
  5
32
330
1
100
AcDbSymbolTableRecord
100
AcDbLayerTableRecord
  2
stiffener
 70
0
 62
7
420
6710886
  6
Continuous
370
-3
390
13
347
21
  0
LAYER
  5
33
330
1
100
AcDbSymbolTableRecord
100
AcDbLayerTableRecord
  2
bracing
 70
0
 62
7
420
1118481
  6
Continuous
370
-3
390
13
347
21
  0
LAYER
  5
34
330
1
100
AcDbSymbolTableRecord
100
AcDbLayerTableRecord
  2
baseplate
 70
0
 62
7
420
5592405
  6
Continuous
370
-3
390
13
347
21
  0
LAYER
  5
35
330
1
100
AcDbSymbolTableRecord
100
AcDbLayerTableRecord
  2
dim
 70
0
 62
7
420
2236962
  6
Continuous
370
-3
390
13
347
21
  0
LAYER
  5
36
330
1
100
AcDbSymbolTableRecord
100
AcDbLayerTableRecord
  2
detail
 70
0
 62
7
420
3158064
  6
Continuous
370
-3
390
13
347
21
  0
LAYER
  5
37
330
1
100
AcDbSymbolTableRecord
100
AcDbLayerTableRecord
  2
context
 70
0
 62
7
420
10066329
  6
Continuous
370
-3
390
13
347
21
  0
LAYER
  5
38
330
1
100
AcDbSymbolTableRecord
100
AcDbLayerTableRecord
  2
grid
 70
0
 62
7
420
11908533
  6
Continuous
370
-3
390
13
347
21
  0
ENDTAB
  0
TABLE
  2
STYLE
  5
5
330
0
100
AcDbSymbolTable
 70
1
  0
STYLE
  5
29
330
5
100
AcDbSymbolTableRecord
100
AcDbTextStyleTableRecord
  2
Standard
 70
0
 40
0.0
 41
1.0
 50
0.0
 71
0
 42
2.5
  3
txt
  4

  0
ENDTAB
  0
TABLE
  2
VIEW
  5
7
330
0
100
AcDbSymbolTable
 70
0
  0
ENDTAB
  0
TABLE
  2
UCS
  5
6
330
0
100
AcDbSymbolTable
 70
0
  0
ENDTAB
  0
TABLE
  2
APPID
  5
3
330
0
100
AcDbSymbolTable
 70
3
  0
APPID
  5
2A
330
3
100
AcDbSymbolTableRecord
100
AcDbRegAppTableRecord
  2
ACAD
 70
0
  0
APPID
  5
132C
330
3
100
AcDbSymbolTableRecord
100
AcDbRegAppTableRecord
  2
HATCHBACKGROUNDCOLOR
 70
0
  0
APPID
  5
132D
330
3
100
AcDbSymbolTableRecord
100
AcDbRegAppTableRecord
  2
EZDXF
 70
0
  0
ENDTAB
  0
TABLE
  2
DIMSTYLE
  5
4
330
0
100
AcDbSymbolTable
 70
1
100
AcDbDimStyleTable
  0
DIMSTYLE
105
2B
330
4
100
AcDbSymbolTableRecord
100
AcDbDimStyleTableRecord
  2
Standard
 70
0
 40
1.0
 41
2.5
 42
0.625
 43
3.75
 44
1.25
 45
0.0
 46
0.0
 47
0.0
 48
0.0
 49
2.5
140
2.5
141
2.5
142
0.0
143
0.03937007874
144
1.0
145
0.0
146
1.0
147
0.625
148
0.0
 69
0
 70
0
 71
0
 72
0
 73
0
 74
0
 75
0
 76
0
 77
1
 78
8
 79
3
170
0
171
3
172
1
173
0
174
0
175
0
176
0
177
0
178
0
179
2
271
2
272
2
273
2
274
3
275
0
276
0
277
2
278
44
279
0
280
0
281
0
282
0
283
0
284
8
285
0
286
0
288
0
289
3
290
0
371
-2
372
-2
  0
ENDTAB
  0
TABLE
  2
BLOCK_RECORD
  5
9
330
0
100
AcDbSymbolTable
 70
6
  0
BLOCK_RECORD
  5
17
330
9
100
AcDbSymbolTableRecord
100
AcDbBlockTableRecord
  2
*Model_Space
340
1A
 70
0
280
1
281
0
  0
BLOCK_RECORD
  5
1B
330
9
100
AcDbSymbolTableRecord
100
AcDbBlockTableRecord
  2
*Paper_Space
340
1E
 70
0
280
1
281
0
  0
BLOCK_RECORD
  5
3A
330
9
100
AcDbSymbolTableRecord
100
AcDbBlockTableRecord
  2
*D1
340
0
 70
0
280
1
281
0
  0
BLOCK_RECORD
  5
3F
330
9
100
AcDbSymbolTableRecord
100
AcDbBlockTableRecord
  2
_CLOSEDFILLED
340
0
 70
0
280
1
281
0
  0
BLOCK_RECORD
  5
4D
330
9
100
AcDbSymbolTableRecord
100
AcDbBlockTableRecord
  2
*D2
340
0
 70
0
280
1
281
0
  0
BLOCK_RECORD
  5
5C
330
9
100
AcDbSymbolTableRecord
100
AcDbBlockTableRecord
  2
*D3
340
0
 70
0
280
1
281
0
  0
ENDTAB
  0
ENDSEC
  0
SECTION
  2
BLOCKS
  0
BLOCK
  5
18
330
17
100
AcDbEntity
  8
0
100
AcDbBlockBegin
  2
*Model_Space
 70
0
 10
0.0
 20
0.0
 30
0.0
  3
*Model_Space
  1

  0
ENDBLK
  5
19
330
17
100
AcDbEntity
  8
0
100
AcDbBlockEnd
  0
BLOCK
  5
1C
330
1B
100
AcDbEntity
  8
0
100
AcDbBlockBegin
  2
*Paper_Space
 70
0
 10
0.0
 20
0.0
 30
0.0
  3
*Paper_Space
  1

  0
ENDBLK
  5
1D
330
1B
100
AcDbEntity
  8
0
100
AcDbBlockEnd
  0
BLOCK
  5
3B
330
3A
100
AcDbEntity
  8
0
100
AcDbBlockBegin
  2
*D1
 70
1
 10
0.0
 20
0.0
 30
0.0
  3
*D1
  1

  0
LINE
  5
3D
330
3A
100
AcDbEntity
  8
0
100
AcDbLine
 10
-4330.0
 20
-2500.0
 30
0.0
 11
-5030.015400508218
 21
-3712.426673680235
 31
0.0
  0
LINE
  5
3E
330
3A
100
AcDbEntity
  8
0
100
AcDbLine
 10
10998.2
 20
-11350.0
 30
0.0
 11
10298.184599491782
 21
-12562.426673680235
 31
0.0
  0
INSERT
  5
43
330
3A
100
AcDbEntity
  8
dim
100
AcDbBlockReference
  2
_CLOSEDFILLED
 10
-5030.015400508218
 20
-3712.426673680235
 30
0.0
 41
66.5
 42
66.5
 50
149.99927221917264
  0
INSERT
  5
45
330
3A
100
AcDbEntity
  8
dim
100
AcDbBlockReference
  2
_CLOSEDFILLED
 10
10298.184599491782
 20
-12562.426673680235
 30
0.0
 41
66.5
 42
66.5
 50
-30.000727780827372
  0
LINE
  5
47
330
3A
100
AcDbEntity
  8
0
100
AcDbLine
 10
-4972.425133508406
 20
-3745.6774052043756
 30
0.0
 11
10240.594332491972
 21
-12529.175942156095
 31
0.0
  0
MTEXT
  5
48
330
3A
100
AcDbEntity
  8
dim
100
AcDbMText
 10
2681.898151401496
 20
-8054.613601772611
 30
0.0
 40
190.0
 71
5
  1
17700 / X
 50
-30.000727780827372
  0
POINT
  5
49
330
3A
100
AcDbEntity
  8
Defpoints
100
AcDbPoint
 10
-5030.015400508218
 20
-3712.426673680235
 30
0.0
  0
POINT
  5
4A
330
3A
100
AcDbEntity
  8
Defpoints
100
AcDbPoint
 10
-4330.0
 20
-2500.0
 30
0.0
  0
POINT
  5
4B
330
3A
100
AcDbEntity
  8
Defpoints
100
AcDbPoint
 10
10998.2
 20
-11350.0
 30
0.0
  0
ENDBLK
  5
3C
330
3A
100
AcDbEntity
  8
0
100
AcDbBlockEnd
  0
BLOCK
  5
40
330
3F
100
AcDbEntity
  8
0
100
AcDbBlockBegin
  2
_CLOSEDFILLED
 70
0
 10
0.0
 20
0.0
 30
0.0
  3
_CLOSEDFILLED
  1

  0
SOLID
  5
42
330
3F
100
AcDbEntity
  8
0
  6
BYBLOCK
 62
0
100
AcDbTrace
 10
-1.0
 20
0.16439898372402537
 30
0.0
 11
0.0
 21
0.0
 31
0.0
 12
-1.0
 22
-0.16439898372402537
 32
0.0
 13
-1.0
 23
-0.16439898372402537
 33
0.0
  0
ENDBLK
  5
41
330
3F
100
AcDbEntity
  8
0
100
AcDbBlockEnd
  0
BLOCK
  5
4E
330
4D
100
AcDbEntity
  8
0
100
AcDbBlockBegin
  2
*D2
 70
1
 10
0.0
 20
0.0
 30
0.0
  3
*D2
  1

  0
LINE
  5
50
330
4D
100
AcDbEntity
  8
0
100
AcDbLine
 10
0.0
 20
0.0
 30
0.0
 11
-900.0198006534238
 21
1558.834294731731
 31
0.0
  0
LINE
  5
51
330
4D
100
AcDbEntity
  8
0
100
AcDbLine
 10
-4330.0
 20
-2500.0
 30
0.0
 11
-5230.019800653424
 21
-941.1657052682685
 31
0.0
  0
INSERT
  5
52
330
4D
100
AcDbEntity
  8
dim
100
AcDbBlockReference
  2
_CLOSEDFILLED
 10
-900.0198006534238
 20
1558.834294731731
 30
0.0
 41
56.0
 42
56.0
 50
30.00072778082736
  0
INSERT
  5
54
330
4D
100
AcDbEntity
  8
dim
100
AcDbBlockReference
  2
_CLOSEDFILLED
 10
-5230.019800653424
 20
-941.1657052682685
 30
0.0
 41
56.0
 42
56.0
 50
-149.99927221917264
  0
LINE
  5
56
330
4D
100
AcDbEntity
  8
0
100
AcDbLine
 10
-948.5168676006332
 20
1530.8336787114022
 30
0.0
 11
-5181.522733706214
 21
-913.1650892479398
 31
0.0
  0
MTEXT
  5
57
330
4D
100
AcDbEntity
  8
dim
100
AcDbMText
 10
-3024.7064137491557
 20
239.01150861353915
 30
0.0
 40
160.0
 71
5
  1
5000 / Y
 50
-149.99927221917264
  0
POINT
  5
58
330
4D
100
AcDbEntity
  8
Defpoints
100
AcDbPoint
 10
-900.0198006534238
 20
1558.834294731731
 30
0.0
  0
POINT
  5
59
330
4D
100
AcDbEntity
  8
Defpoints
100
AcDbPoint
 10
0.0
 20
0.0
 30
0.0
  0
POINT
  5
5A
330
4D
100
AcDbEntity
  8
Defpoints
100
AcDbPoint
 10
-4330.0
 20
-2500.0
 30
0.0
  0
ENDBLK
  5
4F
330
4D
100
AcDbEntity
  8
0
100
AcDbBlockEnd
  0
BLOCK
  5
5D
330
5C
100
AcDbEntity
  8
0
100
AcDbBlockBegin
  2
*D3
 70
1
 10
0.0
 20
0.0
 30
0.0
  3
*D3
  1

  0
LINE
  5
5F
330
5C
100
AcDbEntity
  8
0
100
AcDbLine
 10
15328.2
 20
-8850.0
 30
0.0
 11
16728.2
 21
-8850.0
 31
0.0
  0
LINE
  5
60
330
5C
100
AcDbEntity
  8
0
100
AcDbLine
 10
15328.2
 20
-6350.0
 30
0.0
 11
16728.2
 21
-6350.0
 31
0.0
  0
INSERT
  5
61
330
5C
100
AcDbEntity
  8
dim
100
AcDbBlockReference
  2
_CLOSEDFILLED
 10
16728.2
 20
-8850.0
 30
0.0
 41
62.99999999999999
 42
62.99999999999999
 50
270.0
  0
INSERT
  5
63
330
5C
100
AcDbEntity
  8
dim
100
AcDbBlockReference
  2
_CLOSEDFILLED
 10
16728.2
 20
-6350.0
 30
0.0
 41
62.99999999999999
 42
62.99999999999999
 50
90.0
  0
LINE
  5
65
330
5C
100
AcDbEntity
  8
0
100
AcDbLine
 10
16728.2
 20
-8787.0
 30
0.0
 11
16728.2
 21
-6413.0
 31
0.0
  0
MTEXT
  5
66
330
5C
100
AcDbEntity
  8
dim
100
AcDbMText
 10
16637.575
 20
-7600.0
 30
0.0
 40
180.0
 71
5
  1
2500 / Z
 50
90.0
  0
POINT
  5
67
330
5C
100
AcDbEntity
  8
Defpoints
100
AcDbPoint
 10
16728.2
 20
-8850.0
 30
0.0
  0
POINT
  5
68
330
5C
100
AcDbEntity
  8
Defpoints
100
AcDbPoint
 10
15328.2
 20
-8850.0
 30
0.0
  0
POINT
  5
69
330
5C
100
AcDbEntity
  8
Defpoints
100
AcDbPoint
 10
15328.2
 20
-6350.0
 30
0.0
  0
ENDBLK
  5
5E
330
5C
100
AcDbEntity
  8
0
100
AcDbBlockEnd
  0
ENDSEC
  0
SECTION
  2
ENTITIES
  0
DIMENSION
  5
39
330
17
100
AcDbEntity
  8
dim
100
AcDbDimension
280
0
  2
*D1
  3
Standard
 10
-5030.015400508218
 20
-3712.426673680235
 30
0.0
 11
2681.898151401496
 21
-8054.613601772611
 31
0.0
 70
32
 71
5
  1
17700 / X
100
AcDbAlignedDimension
 13
-4330.0
 23
-2500.0
 33
0.0
 14
10998.2
 24
-11350.0
 34
0.0
 50
-30.000727780827372
100
AcDbRotatedDimension
1001
ACAD
1000
DSTYLE
1002
{
1070
140
1040
190.0
1070
41
1040
66.5
1070
77
1070
1
1002
}
  0
DIMENSION
  5
4C
330
17
100
AcDbEntity
  8
dim
100
AcDbDimension
280
0
  2
*D2
  3
Standard
 10
-900.0198006534238
 20
1558.834294731731
 30
0.0
 11
-3024.7064137491557
 21
239.01150861353915
 31
0.0
 70
32
 71
5
  1
5000 / Y
100
AcDbAlignedDimension
 13
0.0
 23
0.0
 33
0.0
 14
-4330.0
 24
-2500.0
 34
0.0
 50
-149.99927221917264
100
AcDbRotatedDimension
1001
ACAD
1000
DSTYLE
1002
{
1070
140
1040
160.0
1070
41
1040
56.0
1070
77
1070
1
1002
}
  0
DIMENSION
  5
5B
330
17
100
AcDbEntity
  8
dim
100
AcDbDimension
280
0
  2
*D3
  3
Standard
 10
16728.2
 20
-8850.0
 30
0.0
 11
16637.575
 21
-7600.0
 31
0.0
 70
32
 71
5
  1
2500 / Z
100
AcDbAlignedDimension
 13
15328.2
 23
-8850.0
 33
0.0
 14
15328.2
 24
-6350.0
 34
0.0
 50
90.0
100
AcDbRotatedDimension
1001
ACAD
1000
DSTYLE
1002
{
1070
140
1040
180.0
1070
41
1040
62.99999999999999
1070
77
1070
1
1002
}
  0
LINE
  5
6A
330
17
100
AcDbEntity
  8
balok
100
AcDbLine
 10
54.575320000000005
 20
389.47
 30
0.0
 11
4171.539320000001
 21
-1987.5300000000002
 31
0.0
  0
LINE
  5
6B
330
17
100
AcDbEntity
  8
balok
100
AcDbLine
 10
4171.539320000001
 20
-1987.5300000000002
 30
0.0
 11
4128.239320000001
 21
-2012.5300000000002
 31
0.0
  0
LINE
  5
6C
330
17
100
AcDbEntity
  8
balok
100
AcDbLine
 10
4128.239320000001
 20
-2012.5300000000002
 30
0.0
 11
11.275320000000002
 21
364.47
 31
0.0
  0
LINE
  5
6D
330
17
100
AcDbEntity
  8
balok
100
AcDbLine
 10
11.275320000000002
 20
364.47
 30
0.0
 11
54.575320000000005
 21
389.47
 31
0.0
  0
LINE
  5
6E
330
17
100
AcDbEntity
  8
balok
100
AcDbLine
 10
54.575320000000005
 20
489.47
 30
0.0
 11
4171.539320000001
 21
-1887.5300000000002
 31
0.0
  0
LINE
  5
6F
330
17
100
AcDbEntity
  8
balok
100
AcDbLine
 10
4171.539320000001
 20
-1887.5300000000002
 30
0.0
 11
4128.239320000001
 21
-1912.5300000000002
 31
0.0
  0
LINE
  5
70
330
17
100
AcDbEntity
  8
balok
100
AcDbLine
 10
4128.239320000001
 20
-1912.5300000000002
 30
0.0
 11
11.275320000000002
 21
464.47
 31
0.0
  0
LINE
  5
71
330
17
100
AcDbEntity
  8
balok
100
AcDbLine
 10
11.275320000000002
 20
464.47
 30
0.0
 11
54.575320000000005
 21
489.47
 31
0.0
  0
LINE
  5
72
330
17
100
AcDbEntity
  8
balok
100
AcDbLine
 10
54.575320000000005
 20
389.47
 30
0.0
 11
54.575320000000005
 21
489.47
 31
0.0
  0
LINE
  5
73
330
17
100
AcDbEntity
  8
balok
100
AcDbLine
 10
4171.539320000001
 20
-1987.5300000000002
 30
0.0
 11
4171.539320000001
 21
-1887.5300000000002
 31
0.0
  0
LINE
  5
74
330
17
100
AcDbEntity
  8
balok
100
AcDbLine
 10
4128.239320000001
 20
-2012.5300000000002
 30
0.0
 11
4128.239320000001
 21
-1912.5300000000002
 31
0.0
  0
LINE
  5
75
330
17
100
AcDbEntity
  8
balok
100
AcDbLine
 10
11.275320000000002
 20
364.47
 30
0.0
 11
11.275320000000002
 21
464.47
 31
0.0
  0
LINE
  5
76
330
17
100
AcDbEntity
  8
balok
100
AcDbLine
 10
6004.038619999999
 20
-3045.555
 30
0.0
 11
10579.982619999999
 21
-5687.555
 31
0.0
  0
LINE
  5
77
330
17
100
AcDbEntity
  8
balok
100
AcDbLine
 10
10579.982619999999
 20
-5687.555
 30
0.0
 11
10536.68262
 21
-5712.555
 31
0.0
  0
LINE
  5
78
330
17
100
AcDbEntity
  8
balok
100
AcDbLine
 10
10536.68262
 20
-5712.555
 30
0.0
 11
5960.73862
 21
-3070.555
 31
0.0
  0
LINE
  5
79
330
17
100
AcDbEntity
  8
balok
100
AcDbLine
 10
5960.73862
 20
-3070.555
 30
0.0
 11
6004.038619999999
 21
-3045.555
 31
0.0
  0
LINE
  5
7A
330
17
100
AcDbEntity
  8
balok
100
AcDbLine
 10
6004.038619999999
 20
-2945.555
 30
0.0
 11
10579.982619999999
 21
-5587.555
 31
0.0
  0
LINE
  5
7B
330
17
100
AcDbEntity
  8
balok
100
AcDbLine
 10
10579.982619999999
 20
-5587.555
 30
0.0
 11
10536.68262
 21
-5612.555
 31
0.0
  0
LINE
  5
7C
330
17
100
AcDbEntity
  8
balok
100
AcDbLine
 10
10536.68262
 20
-5612.555
 30
0.0
 11
5960.73862
 21
-2970.555
 31
0.0
  0
LINE
  5
7D
330
17
100
AcDbEntity
  8
balok
100
AcDbLine
 10
5960.73862
 20
-2970.555
 30
0.0
 11
6004.038619999999
 21
-2945.555
 31
0.0
  0
LINE
  5
7E
330
17
100
AcDbEntity
  8
balok
100
AcDbLine
 10
6004.038619999999
 20
-3045.555
 30
0.0
 11
6004.038619999999
 21
-2945.555
 31
0.0
  0
LINE
  5
7F
330
17
100
AcDbEntity
  8
balok
100
AcDbLine
 10
10579.982619999999
 20
-5687.555
 30
0.0
 11
10579.982619999999
 21
-5587.555
 31
0.0
  0
LINE
  5
80
330
17
100
AcDbEntity
  8
balok
100
AcDbLine
 10
10536.68262
 20
-5712.555
 30
0.0
 11
10536.68262
 21
-5612.555
 31
0.0
  0
LINE
  5
81
330
17
100
AcDbEntity
  8
balok
100
AcDbLine
 10
5960.73862
 20
-3070.555
 30
0.0
 11
5960.73862
 21
-2970.555
 31
0.0
  0
LINE
  5
82
330
17
100
AcDbEntity
  8
balok
100
AcDbLine
 10
11200.01264
 20
-6045.540000000001
 30
0.0
 11
15316.97664
 21
-8422.54
 31
0.0
  0
LINE
  5
83
330
17
100
AcDbEntity
  8
balok
100
AcDbLine
 10
15316.97664
 20
-8422.54
 30
0.0
 11
15273.676640000001
 21
-8447.54
 31
0.0
  0
LINE
  5
84
330
17
100
AcDbEntity
  8
balok
100
AcDbLine
 10
15273.676640000001
 20
-8447.54
 30
0.0
 11
11156.712640000002
 21
-6070.540000000001
 31
0.0
  0
LINE
  5
85
330
17
100
AcDbEntity
  8
balok
100
AcDbLine
 10
11156.712640000002
 20
-6070.540000000001
 30
0.0
 11
11200.01264
 21
-6045.540000000001
 31
0.0
  0
LINE
  5
86
330
17
100
AcDbEntity
  8
balok
100
AcDbLine
 10
11200.01264
 20
-5945.540000000001
 30
0.0
 11
15316.97664
 21
-8322.54
 31
0.0
  0
LINE
  5
87
330
17
100
AcDbEntity
  8
balok
100
AcDbLine
 10
15316.97664
 20
-8322.54
 30
0.0
 11
15273.676640000001
 21
-8347.54
 31
0.0
  0
LINE
  5
88
330
17
100
AcDbEntity
  8
balok
100
AcDbLine
 10
15273.676640000001
 20
-8347.54
 30
0.0
 11
11156.712640000002
 21
-5970.540000000001
 31
0.0
  0
LINE
  5
89
330
17
100
AcDbEntity
  8
balok
100
AcDbLine
 10
11156.712640000002
 20
-5970.540000000001
 30
0.0
 11
11200.01264
 21
-5945.540000000001
 31
0.0
  0
LINE
  5
8A
330
17
100
AcDbEntity
  8
balok
100
AcDbLine
 10
11200.01264
 20
-6045.540000000001
 30
0.0
 11
11200.01264
 21
-5945.540000000001
 31
0.0
  0
LINE
  5
8B
330
17
100
AcDbEntity
  8
balok
100
AcDbLine
 10
15316.97664
 20
-8422.54
 30
0.0
 11
15316.97664
 21
-8322.54
 31
0.0
  0
LINE
  5
8C
330
17
100
AcDbEntity
  8
balok
100
AcDbLine
 10
15273.676640000001
 20
-8447.54
 30
0.0
 11
15273.676640000001
 21
-8347.54
 31
0.0
  0
LINE
  5
8D
330
17
100
AcDbEntity
  8
balok
100
AcDbLine
 10
11156.712640000002
 20
-6070.540000000001
 30
0.0
 11
11156.712640000002
 21
-5970.540000000001
 31
0.0
  0
LINE
  5
8E
330
17
100
AcDbEntity
  8
balok
100
AcDbLine
 10
-811.41602
 20
389.475
 30
0.0
 11
3305.5479800000007
 21
-1987.525
 31
0.0
  0
LINE
  5
8F
330
17
100
AcDbEntity
  8
balok
100
AcDbLine
 10
3305.5479800000007
 20
-1987.525
 30
0.0
 11
3262.2479800000006
 21
-2012.525
 31
0.0
  0
LINE
  5
90
330
17
100
AcDbEntity
  8
balok
100
AcDbLine
 10
3262.2479800000006
 20
-2012.525
 30
0.0
 11
-854.7160200000001
 21
364.475
 31
0.0
  0
LINE
  5
91
330
17
100
AcDbEntity
  8
balok
100
AcDbLine
 10
-854.7160200000001
 20
364.475
 30
0.0
 11
-811.41602
 21
389.475
 31
0.0
  0
LINE
  5
92
330
17
100
AcDbEntity
  8
balok
100
AcDbLine
 10
-811.41602
 20
489.475
 30
0.0
 11
3305.5479800000007
 21
-1887.525
 31
0.0
  0
LINE
  5
93
330
17
100
AcDbEntity
  8
balok
100
AcDbLine
 10
3305.5479800000007
 20
-1887.525
 30
0.0
 11
3262.2479800000006
 21
-1912.525
 31
0.0
  0
LINE
  5
94
330
17
100
AcDbEntity
  8
balok
100
AcDbLine
 10
3262.2479800000006
 20
-1912.525
 30
0.0
 11
-854.7160200000001
 21
464.475
 31
0.0
  0
LINE
  5
95
330
17
100
AcDbEntity
  8
balok
100
AcDbLine
 10
-854.7160200000001
 20
464.475
 30
0.0
 11
-811.41602
 21
489.475
 31
0.0
  0
LINE
  5
96
330
17
100
AcDbEntity
  8
balok
100
AcDbLine
 10
-811.41602
 20
389.475
 30
0.0
 11
-811.41602
 21
489.475
 31
0.0
  0
LINE
  5
97
330
17
100
AcDbEntity
  8
balok
100
AcDbLine
 10
3305.5479800000007
 20
-1987.525
 30
0.0
 11
3305.5479800000007
 21
-1887.525
 31
0.0
  0
LINE
  5
98
330
17
100
AcDbEntity
  8
balok
100
AcDbLine
 10
3262.2479800000006
 20
-2012.525
 30
0.0
 11
3262.2479800000006
 21
-1912.525
 31
0.0
  0
LINE
  5
99
330
17
100
AcDbEntity
  8
balok
100
AcDbLine
 10
-854.7160200000001
 20
364.475
 30
0.0
 11
-854.7160200000001
 21
464.475
 31
0.0
  0
LINE
  5
9A
330
17
100
AcDbEntity
  8
balok
100
AcDbLine
 10
5138.04728
 20
-3045.5499999999997
 30
0.0
 11
9713.99128
 21
-5687.549999999999
 31
0.0
  0
LINE
  5
9B
330
17
100
AcDbEntity
  8
balok
100
AcDbLine
 10
9713.99128
 20
-5687.549999999999
 30
0.0
 11
9670.69128
 21
-5712.549999999999
 31
0.0
  0
LINE
  5
9C
330
17
100
AcDbEntity
  8
balok
100
AcDbLine
 10
9670.69128
 20
-5712.549999999999
 30
0.0
 11
5094.74728
 21
-3070.5499999999997
 31
0.0
  0
LINE
  5
9D
330
17
100
AcDbEntity
  8
balok
100
AcDbLine
 10
5094.74728
 20
-3070.5499999999997
 30
0.0
 11
5138.04728
 21
-3045.5499999999997
 31
0.0
  0
LINE
  5
9E
330
17
100
AcDbEntity
  8
balok
100
AcDbLine
 10
5138.04728
 20
-2945.5499999999997
 30
0.0
 11
9713.99128
 21
-5587.549999999999
 31
0.0
  0
LINE
  5
9F
330
17
100
AcDbEntity
  8
balok
100
AcDbLine
 10
9713.99128
 20
-5587.549999999999
 30
0.0
 11
9670.69128
 21
-5612.549999999999
 31
0.0
  0
LINE
  5
A0
330
17
100
AcDbEntity
  8
balok
100
AcDbLine
 10
9670.69128
 20
-5612.549999999999
 30
0.0
 11
5094.74728
 21
-2970.5499999999997
 31
0.0
  0
LINE
  5
A1
330
17
100
AcDbEntity
  8
balok
100
AcDbLine
 10
5094.74728
 20
-2970.5499999999997
 30
0.0
 11
5138.04728
 21
-2945.5499999999997
 31
0.0
  0
LINE
  5
A2
330
17
100
AcDbEntity
  8
balok
100
AcDbLine
 10
5138.04728
 20
-3045.5499999999997
 30
0.0
 11
5138.04728
 21
-2945.5499999999997
 31
0.0
  0
LINE
  5
A3
330
17
100
AcDbEntity
  8
balok
100
AcDbLine
 10
9713.99128
 20
-5687.549999999999
 30
0.0
 11
9713.99128
 21
-5587.549999999999
 31
0.0
  0
LINE
  5
A4
330
17
100
AcDbEntity
  8
balok
100
AcDbLine
 10
9670.69128
 20
-5712.549999999999
 30
0.0
 11
9670.69128
 21
-5612.549999999999
 31
0.0
  0
LINE
  5
A5
330
17
100
AcDbEntity
  8
balok
100
AcDbLine
 10
5094.74728
 20
-3070.5499999999997
 30
0.0
 11
5094.74728
 21
-2970.5499999999997
 31
0.0
  0
LINE
  5
A6
330
17
100
AcDbEntity
  8
balok
100
AcDbLine
 10
10334.0213
 20
-6045.535
 30
0.0
 11
14450.985299999998
 21
-8422.535000000002
 31
0.0
  0
LINE
  5
A7
330
17
100
AcDbEntity
  8
balok
100
AcDbLine
 10
14450.985299999998
 20
-8422.535000000002
 30
0.0
 11
14407.6853
 21
-8447.535000000002
 31
0.0
  0
LINE
  5
A8
330
17
100
AcDbEntity
  8
balok
100
AcDbLine
 10
14407.6853
 20
-8447.535000000002
 30
0.0
 11
10290.721300000001
 21
-6070.535
 31
0.0
  0
LINE
  5
A9
330
17
100
AcDbEntity
  8
balok
100
AcDbLine
 10
10290.721300000001
 20
-6070.535
 30
0.0
 11
10334.0213
 21
-6045.535
 31
0.0
  0
LINE
  5
AA
330
17
100
AcDbEntity
  8
balok
100
AcDbLine
 10
10334.0213
 20
-5945.535
 30
0.0
 11
14450.985299999998
 21
-8322.535000000002
 31
0.0
  0
LINE
  5
AB
330
17
100
AcDbEntity
  8
balok
100
AcDbLine
 10
14450.985299999998
 20
-8322.535000000002
 30
0.0
 11
14407.6853
 21
-8347.535000000002
 31
0.0
  0
LINE
  5
AC
330
17
100
AcDbEntity
  8
balok
100
AcDbLine
 10
14407.6853
 20
-8347.535000000002
 30
0.0
 11
10290.721300000001
 21
-5970.535
 31
0.0
  0
LINE
  5
AD
330
17
100
AcDbEntity
  8
balok
100
AcDbLine
 10
10290.721300000001
 20
-5970.535
 30
0.0
 11
10334.0213
 21
-5945.535
 31
0.0
  0
LINE
  5
AE
330
17
100
AcDbEntity
  8
balok
100
AcDbLine
 10
10334.0213
 20
-6045.535
 30
0.0
 11
10334.0213
 21
-5945.535
 31
0.0
  0
LINE
  5
AF
330
17
100
AcDbEntity
  8
balok
100
AcDbLine
 10
14450.985299999998
 20
-8422.535000000002
 30
0.0
 11
14450.985299999998
 21
-8322.535000000002
 31
0.0
  0
LINE
  5
B0
330
17
100
AcDbEntity
  8
balok
100
AcDbLine
 10
14407.6853
 20
-8447.535000000002
 30
0.0
 11
14407.6853
 21
-8347.535000000002
 31
0.0
  0
LINE
  5
B1
330
17
100
AcDbEntity
  8
balok
100
AcDbLine
 10
10290.721300000001
 20
-6070.535
 30
0.0
 11
10290.721300000001
 21
-5970.535
 31
0.0
  0
LINE
  5
B2
330
17
100
AcDbEntity
  8
balok
100
AcDbLine
 10
-1677.43334
 20
389.485
 30
0.0
 11
2439.5306600000004
 21
-1987.5150000000003
 31
0.0
  0
LINE
  5
B3
330
17
100
AcDbEntity
  8
balok
100
AcDbLine
 10
2439.5306600000004
 20
-1987.5150000000003
 30
0.0
 11
2396.23066
 21
-2012.5150000000003
 31
0.0
  0
LINE
  5
B4
330
17
100
AcDbEntity
  8
balok
100
AcDbLine
 10
2396.23066
 20
-2012.5150000000003
 30
0.0
 11
-1720.73334
 21
364.4849999999999
 31
0.0
  0
LINE
  5
B5
330
17
100
AcDbEntity
  8
balok
100
AcDbLine
 10
-1720.73334
 20
364.4849999999999
 30
0.0
 11
-1677.43334
 21
389.485
 31
0.0
  0
LINE
  5
B6
330
17
100
AcDbEntity
  8
balok
100
AcDbLine
 10
-1677.43334
 20
489.485
 30
0.0
 11
2439.5306600000004
 21
-1887.5150000000003
 31
0.0
  0
LINE
  5
B7
330
17
100
AcDbEntity
  8
balok
100
AcDbLine
 10
2439.5306600000004
 20
-1887.5150000000003
 30
0.0
 11
2396.23066
 21
-1912.5150000000003
 31
0.0
  0
LINE
  5
B8
330
17
100
AcDbEntity
  8
balok
100
AcDbLine
 10
2396.23066
 20
-1912.5150000000003
 30
0.0
 11
-1720.73334
 21
464.4849999999999
 31
0.0
  0
LINE
  5
B9
330
17
100
AcDbEntity
  8
balok
100
AcDbLine
 10
-1720.73334
 20
464.4849999999999
 30
0.0
 11
-1677.43334
 21
489.485
 31
0.0
  0
LINE
  5
BA
330
17
100
AcDbEntity
  8
balok
100
AcDbLine
 10
-1677.43334
 20
389.485
 30
0.0
 11
-1677.43334
 21
489.485
 31
0.0
  0
LINE
  5
BB
330
17
100
AcDbEntity
  8
balok
100
AcDbLine
 10
2439.5306600000004
 20
-1987.5150000000003
 30
0.0
 11
2439.5306600000004
 21
-1887.5150000000003
 31
0.0
  0
LINE
  5
BC
330
17
100
AcDbEntity
  8
balok
100
AcDbLine
 10
2396.23066
 20
-2012.5150000000003
 30
0.0
 11
2396.23066
 21
-1912.5150000000003
 31
0.0
  0
LINE
  5
BD
330
17
100
AcDbEntity
  8
balok
100
AcDbLine
 10
-1720.73334
 20
364.4849999999999
 30
0.0
 11
-1720.73334
 21
464.4849999999999
 31
0.0
  0
LINE
  5
BE
330
17
100
AcDbEntity
  8
balok
100
AcDbLine
 10
4272.02996
 20
-3045.54
 30
0.0
 11
8847.97396
 21
-5687.54
 31
0.0
  0
LINE
  5
BF
330
17
100
AcDbEntity
  8
balok
100
AcDbLine
 10
8847.97396
 20
-5687.54
 30
0.0
 11
8804.67396
 21
-5712.54
 31
0.0
  0
LINE
  5
C0
330
17
100
AcDbEntity
  8
balok
100
AcDbLine
 10
8804.67396
 20
-5712.54
 30
0.0
 11
4228.72996
 21
-3070.54
 31
0.0
  0
LINE
  5
C1
330
17
100
AcDbEntity
  8
balok
100
AcDbLine
 10
4228.72996
 20
-3070.54
 30
0.0
 11
4272.02996
 21
-3045.54
 31
0.0
  0
LINE
  5
C2
330
17
100
AcDbEntity
  8
balok
100
AcDbLine
 10
4272.02996
 20
-2945.54
 30
0.0
 11
8847.97396
 21
-5587.54
 31
0.0
  0
LINE
  5
C3
330
17
100
AcDbEntity
  8
balok
100
AcDbLine
 10
8847.97396
 20
-5587.54
 30
0.0
 11
8804.67396
 21
-5612.54
 31
0.0
  0
LINE
  5
C4
330
17
100
AcDbEntity
  8
balok
100
AcDbLine
 10
8804.67396
 20
-5612.54
 30
0.0
 11
4228.72996
 21
-2970.54
 31
0.0
  0
LINE
  5
C5
330
17
100
AcDbEntity
  8
balok
100
AcDbLine
 10
4228.72996
 20
-2970.54
 30
0.0
 11
4272.02996
 21
-2945.54
 31
0.0
  0
LINE
  5
C6
330
17
100
AcDbEntity
  8
balok
100
AcDbLine
 10
4272.02996
 20
-3045.54
 30
0.0
 11
4272.02996
 21
-2945.54
 31
0.0
  0
LINE
  5
C7
330
17
100
AcDbEntity
  8
balok
100
AcDbLine
 10
8847.97396
 20
-5687.54
 30
0.0
 11
8847.97396
 21
-5587.54
 31
0.0
  0
LINE
  5
C8
330
17
100
AcDbEntity
  8
balok
100
AcDbLine
 10
8804.67396
 20
-5712.54
 30
0.0
 11
8804.67396
 21
-5612.54
 31
0.0
  0
LINE
  5
C9
330
17
100
AcDbEntity
  8
balok
100
AcDbLine
 10
4228.72996
 20
-3070.54
 30
0.0
 11
4228.72996
 21
-2970.54
 31
0.0
  0
LINE
  5
CA
330
17
100
AcDbEntity
  8
balok
100
AcDbLine
 10
9468.003980000001
 20
-6045.525000000001
 30
0.0
 11
13584.967980000001
 21
-8422.525
 31
0.0
  0
LINE
  5
CB
330
17
100
AcDbEntity
  8
balok
100
AcDbLine
 10
13584.967980000001
 20
-8422.525
 30
0.0
 11
13541.66798
 21
-8447.525
 31
0.0
  0
LINE
  5
CC
330
17
100
AcDbEntity
  8
balok
100
AcDbLine
 10
13541.66798
 20
-8447.525
 30
0.0
 11
9424.70398
 21
-6070.525000000001
 31
0.0
  0
LINE
  5
CD
330
17
100
AcDbEntity
  8
balok
100
AcDbLine
 10
9424.70398
 20
-6070.525000000001
 30
0.0
 11
9468.003980000001
 21
-6045.525000000001
 31
0.0
  0
LINE
  5
CE
330
17
100
AcDbEntity
  8
balok
100
AcDbLine
 10
9468.003980000001
 20
-5945.525000000001
 30
0.0
 11
13584.967980000001
 21
-8322.525
 31
0.0
  0
LINE
  5
CF
330
17
100
AcDbEntity
  8
balok
100
AcDbLine
 10
13584.967980000001
 20
-8322.525
 30
0.0
 11
13541.66798
 21
-8347.525
 31
0.0
  0
LINE
  5
D0
330
17
100
AcDbEntity
  8
balok
100
AcDbLine
 10
13541.66798
 20
-8347.525
 30
0.0
 11
9424.70398
 21
-5970.525000000001
 31
0.0
  0
LINE
  5
D1
330
17
100
AcDbEntity
  8
balok
100
AcDbLine
 10
9424.70398
 20
-5970.525000000001
 30
0.0
 11
9468.003980000001
 21
-5945.525000000001
 31
0.0
  0
LINE
  5
D2
330
17
100
AcDbEntity
  8
balok
100
AcDbLine
 10
9468.003980000001
 20
-6045.525000000001
 30
0.0
 11
9468.003980000001
 21
-5945.525000000001
 31
0.0
  0
LINE
  5
D3
330
17
100
AcDbEntity
  8
balok
100
AcDbLine
 10
13584.967980000001
 20
-8422.525
 30
0.0
 11
13584.967980000001
 21
-8322.525
 31
0.0
  0
LINE
  5
D4
330
17
100
AcDbEntity
  8
balok
100
AcDbLine
 10
13541.66798
 20
-8447.525
 30
0.0
 11
13541.66798
 21
-8347.525
 31
0.0
  0
LINE
  5
D5
330
17
100
AcDbEntity
  8
balok
100
AcDbLine
 10
9424.70398
 20
-6070.525000000001
 30
0.0
 11
9424.70398
 21
-5970.525000000001
 31
0.0
  0
LINE
  5
D6
330
17
100
AcDbEntity
  8
balok
100
AcDbLine
 10
-2435.17468
 20
326.98
 30
0.0
 11
1573.5393200000003
 21
-1987.5200000000002
 31
0.0
  0
LINE
  5
D7
330
17
100
AcDbEntity
  8
balok
100
AcDbLine
 10
1573.5393200000003
 20
-1987.5200000000002
 30
0.0
 11
1530.2393200000004
 21
-2012.5200000000002
 31
0.0
  0
LINE
  5
D8
330
17
100
AcDbEntity
  8
balok
100
AcDbLine
 10
1530.2393200000004
 20
-2012.5200000000002
 30
0.0
 11
-2478.47468
 21
301.98
 31
0.0
  0
LINE
  5
D9
330
17
100
AcDbEntity
  8
balok
100
AcDbLine
 10
-2478.47468
 20
301.98
 30
0.0
 11
-2435.17468
 21
326.98
 31
0.0
  0
LINE
  5
DA
330
17
100
AcDbEntity
  8
balok
100
AcDbLine
 10
-2435.17468
 20
426.98
 30
0.0
 11
1573.5393200000003
 21
-1887.5200000000002
 31
0.0
  0
LINE
  5
DB
330
17
100
AcDbEntity
  8
balok
100
AcDbLine
 10
1573.5393200000003
 20
-1887.5200000000002
 30
0.0
 11
1530.2393200000004
 21
-1912.5200000000002
 31
0.0
  0
LINE
  5
DC
330
17
100
AcDbEntity
  8
balok
100
AcDbLine
 10
1530.2393200000004
 20
-1912.5200000000002
 30
0.0
 11
-2478.47468
 21
401.98
 31
0.0
  0
LINE
  5
DD
330
17
100
AcDbEntity
  8
balok
100
AcDbLine
 10
-2478.47468
 20
401.98
 30
0.0
 11
-2435.17468
 21
426.98
 31
0.0
  0
LINE
  5
DE
330
17
100
AcDbEntity
  8
balok
100
AcDbLine
 10
-2435.17468
 20
326.98
 30
0.0
 11
-2435.17468
 21
426.98
 31
0.0
  0
LINE
  5
DF
330
17
100
AcDbEntity
  8
balok
100
AcDbLine
 10
1573.5393200000003
 20
-1987.5200000000002
 30
0.0
 11
1573.5393200000003
 21
-1887.5200000000002
 31
0.0
  0
LINE
  5
E0
330
17
100
AcDbEntity
  8
balok
100
AcDbLine
 10
1530.2393200000004
 20
-2012.5200000000002
 30
0.0
 11
1530.2393200000004
 21
-1912.5200000000002
 31
0.0
  0
LINE
  5
E1
330
17
100
AcDbEntity
  8
balok
100
AcDbLine
 10
-2478.47468
 20
301.98
 30
0.0
 11
-2478.47468
 21
401.98
 31
0.0
  0
LINE
  5
E2
330
17
100
AcDbEntity
  8
balok
100
AcDbLine
 10
8602.01264
 20
-6045.530000000001
 30
0.0
 11
12610.72664
 21
-8360.03
 31
0.0
  0
LINE
  5
E3
330
17
100
AcDbEntity
  8
balok
100
AcDbLine
 10
12610.72664
 20
-8360.03
 30
0.0
 11
12567.426640000001
 21
-8385.03
 31
0.0
  0
LINE
  5
E4
330
17
100
AcDbEntity
  8
balok
100
AcDbLine
 10
12567.426640000001
 20
-8385.03
 30
0.0
 11
8558.712640000002
 21
-6070.530000000001
 31
0.0
  0
LINE
  5
E5
330
17
100
AcDbEntity
  8
balok
100
AcDbLine
 10
8558.712640000002
 20
-6070.530000000001
 30
0.0
 11
8602.01264
 21
-6045.530000000001
 31
0.0
  0
LINE
  5
E6
330
17
100
AcDbEntity
  8
balok
100
AcDbLine
 10
8602.01264
 20
-5945.530000000001
 30
0.0
 11
12610.72664
 21
-8260.03
 31
0.0
  0
LINE
  5
E7
330
17
100
AcDbEntity
  8
balok
100
AcDbLine
 10
12610.72664
 20
-8260.03
 30
0.0
 11
12567.426640000001
 21
-8285.03
 31
0.0
  0
LINE
  5
E8
330
17
100
AcDbEntity
  8
balok
100
AcDbLine
 10
12567.426640000001
 20
-8285.03
 30
0.0
 11
8558.712640000002
 21
-5970.530000000001
 31
0.0
  0
LINE
  5
E9
330
17
100
AcDbEntity
  8
balok
100
AcDbLine
 10
8558.712640000002
 20
-5970.530000000001
 30
0.0
 11
8602.01264
 21
-5945.530000000001
 31
0.0
  0
LINE
  5
EA
330
17
100
AcDbEntity
  8
balok
100
AcDbLine
 10
8602.01264
 20
-6045.530000000001
 30
0.0
 11
8602.01264
 21
-5945.530000000001
 31
0.0
  0
LINE
  5
EB
330
17
100
AcDbEntity
  8
balok
100
AcDbLine
 10
12610.72664
 20
-8360.03
 30
0.0
 11
12610.72664
 21
-8260.03
 31
0.0
  0
LINE
  5
EC
330
17
100
AcDbEntity
  8
balok
100
AcDbLine
 10
12567.426640000001
 20
-8385.03
 30
0.0
 11
12567.426640000001
 21
-8285.03
 31
0.0
  0
LINE
  5
ED
330
17
100
AcDbEntity
  8
balok
100
AcDbLine
 10
8558.712640000002
 20
-6070.530000000001
 30
0.0
 11
8558.712640000002
 21
-5970.530000000001
 31
0.0
  0
LINE
  5
EE
330
17
100
AcDbEntity
  8
balok
100
AcDbLine
 10
-3409.43334
 20
389.4749999999997
 30
0.0
 11
707.5306600000002
 21
-1987.5250000000005
 31
0.0
  0
LINE
  5
EF
330
17
100
AcDbEntity
  8
balok
100
AcDbLine
 10
707.5306600000002
 20
-1987.5250000000005
 30
0.0
 11
664.2306600000002
 21
-2012.5250000000005
 31
0.0
  0
LINE
  5
F0
330
17
100
AcDbEntity
  8
balok
100
AcDbLine
 10
664.2306600000002
 20
-2012.5250000000005
 30
0.0
 11
-3452.73334
 21
364.4749999999997
 31
0.0
  0
LINE
  5
F1
330
17
100
AcDbEntity
  8
balok
100
AcDbLine
 10
-3452.73334
 20
364.4749999999997
 30
0.0
 11
-3409.43334
 21
389.4749999999997
 31
0.0
  0
LINE
  5
F2
330
17
100
AcDbEntity
  8
balok
100
AcDbLine
 10
-3409.43334
 20
489.4749999999997
 30
0.0
 11
707.5306600000002
 21
-1887.5250000000005
 31
0.0
  0
LINE
  5
F3
330
17
100
AcDbEntity
  8
balok
100
AcDbLine
 10
707.5306600000002
 20
-1887.5250000000005
 30
0.0
 11
664.2306600000002
 21
-1912.5250000000005
 31
0.0
  0
LINE
  5
F4
330
17
100
AcDbEntity
  8
balok
100
AcDbLine
 10
664.2306600000002
 20
-1912.5250000000005
 30
0.0
 11
-3452.73334
 21
464.4749999999997
 31
0.0
  0
LINE
  5
F5
330
17
100
AcDbEntity
  8
balok
100
AcDbLine
 10
-3452.73334
 20
464.4749999999997
 30
0.0
 11
-3409.43334
 21
489.4749999999997
 31
0.0
  0
LINE
  5
F6
330
17
100
AcDbEntity
  8
balok
100
AcDbLine
 10
-3409.43334
 20
389.4749999999997
 30
0.0
 11
-3409.43334
 21
489.4749999999997
 31
0.0
  0
LINE
  5
F7
330
17
100
AcDbEntity
  8
balok
100
AcDbLine
 10
707.5306600000002
 20
-1987.5250000000005
 30
0.0
 11
707.5306600000002
 21
-1887.5250000000005
 31
0.0
  0
LINE
  5
F8
330
17
100
AcDbEntity
  8
balok
100
AcDbLine
 10
664.2306600000002
 20
-2012.5250000000005
 30
0.0
 11
664.2306600000002
 21
-1912.5250000000005
 31
0.0
  0
LINE
  5
F9
330
17
100
AcDbEntity
  8
balok
100
AcDbLine
 10
-3452.73334
 20
364.4749999999997
 30
0.0
 11
-3452.73334
 21
464.4749999999997
 31
0.0
  0
LINE
  5
FA
330
17
100
AcDbEntity
  8
balok
100
AcDbLine
 10
2540.0299599999994
 20
-3045.55
 30
0.0
 11
7115.973959999999
 21
-5687.55
 31
0.0
  0
LINE
  5
FB
330
17
100
AcDbEntity
  8
balok
100
AcDbLine
 10
7115.973959999999
 20
-5687.55
 30
0.0
 11
7072.673959999999
 21
-5712.55
 31
0.0
  0
LINE
  5
FC
330
17
100
AcDbEntity
  8
balok
100
AcDbLine
 10
7072.673959999999
 20
-5712.55
 30
0.0
 11
2496.7299599999997
 21
-3070.55
 31
0.0
  0
LINE
  5
FD
330
17
100
AcDbEntity
  8
balok
100
AcDbLine
 10
2496.7299599999997
 20
-3070.55
 30
0.0
 11
2540.0299599999994
 21
-3045.55
 31
0.0
  0
LINE
  5
FE
330
17
100
AcDbEntity
  8
balok
100
AcDbLine
 10
2540.0299599999994
 20
-2945.55
 30
0.0
 11
7115.973959999999
 21
-5587.55
 31
0.0
  0
LINE
  5
FF
330
17
100
AcDbEntity
  8
balok
100
AcDbLine
 10
7115.973959999999
 20
-5587.55
 30
0.0
 11
7072.673959999999
 21
-5612.55
 31
0.0
  0
LINE
  5
100
330
17
100
AcDbEntity
  8
balok
100
AcDbLine
 10
7072.673959999999
 20
-5612.55
 30
0.0
 11
2496.7299599999997
 21
-2970.55
 31
0.0
  0
LINE
  5
101
330
17
100
AcDbEntity
  8
balok
100
AcDbLine
 10
2496.7299599999997
 20
-2970.55
 30
0.0
 11
2540.0299599999994
 21
-2945.55
 31
0.0
  0
LINE
  5
102
330
17
100
AcDbEntity
  8
balok
100
AcDbLine
 10
2540.0299599999994
 20
-3045.55
 30
0.0
 11
2540.0299599999994
 21
-2945.55
 31
0.0
  0
LINE
  5
103
330
17
100
AcDbEntity
  8
balok
100
AcDbLine
 10
7115.973959999999
 20
-5687.55
 30
0.0
 11
7115.973959999999
 21
-5587.55
 31
0.0
  0
LINE
  5
104
330
17
100
AcDbEntity
  8
balok
100
AcDbLine
 10
7072.673959999999
 20
-5712.55
 30
0.0
 11
7072.673959999999
 21
-5612.55
 31
0.0
  0
LINE
  5
105
330
17
100
AcDbEntity
  8
balok
100
AcDbLine
 10
2496.7299599999997
 20
-3070.55
 30
0.0
 11
2496.7299599999997
 21
-2970.55
 31
0.0
  0
LINE
  5
106
330
17
100
AcDbEntity
  8
balok
100
AcDbLine
 10
7736.00398
 20
-6045.535000000002
 30
0.0
 11
11852.967980000001
 21
-8422.535000000002
 31
0.0
  0
LINE
  5
107
330
17
100
AcDbEntity
  8
balok
100
AcDbLine
 10
11852.967980000001
 20
-8422.535000000002
 30
0.0
 11
11809.66798
 21
-8447.535000000002
 31
0.0
  0
LINE
  5
108
330
17
100
AcDbEntity
  8
balok
100
AcDbLine
 10
11809.66798
 20
-8447.535000000002
 30
0.0
 11
7692.70398
 21
-6070.535000000002
 31
0.0
  0
LINE
  5
109
330
17
100
AcDbEntity
  8
balok
100
AcDbLine
 10
7692.70398
 20
-6070.535000000002
 30
0.0
 11
7736.00398
 21
-6045.535000000002
 31
0.0
  0
LINE
  5
10A
330
17
100
AcDbEntity
  8
balok
100
AcDbLine
 10
7736.00398
 20
-5945.535000000002
 30
0.0
 11
11852.967980000001
 21
-8322.535000000002
 31
0.0
  0
LINE
  5
10B
330
17
100
AcDbEntity
  8
balok
100
AcDbLine
 10
11852.967980000001
 20
-8322.535000000002
 30
0.0
 11
11809.66798
 21
-8347.535000000002
 31
0.0
  0
LINE
  5
10C
330
17
100
AcDbEntity
  8
balok
100
AcDbLine
 10
11809.66798
 20
-8347.535000000002
 30
0.0
 11
7692.70398
 21
-5970.535000000002
 31
0.0
  0
LINE
  5
10D
330
17
100
AcDbEntity
  8
balok
100
AcDbLine
 10
7692.70398
 20
-5970.535000000002
 30
0.0
 11
7736.00398
 21
-5945.535000000002
 31
0.0
  0
LINE
  5
10E
330
17
100
AcDbEntity
  8
balok
100
AcDbLine
 10
7736.00398
 20
-6045.535000000002
 30
0.0
 11
7736.00398
 21
-5945.535000000002
 31
0.0
  0
LINE
  5
10F
330
17
100
AcDbEntity
  8
balok
100
AcDbLine
 10
11852.967980000001
 20
-8422.535000000002
 30
0.0
 11
11852.967980000001
 21
-8322.535000000002
 31
0.0
  0
LINE
  5
110
330
17
100
AcDbEntity
  8
balok
100
AcDbLine
 10
11809.66798
 20
-8447.535000000002
 30
0.0
 11
11809.66798
 21
-8347.535000000002
 31
0.0
  0
LINE
  5
111
330
17
100
AcDbEntity
  8
balok
100
AcDbLine
 10
7692.70398
 20
-6070.535000000002
 30
0.0
 11
7692.70398
 21
-5970.535000000002
 31
0.0
  0
LINE
  5
112
330
17
100
AcDbEntity
  8
balok
100
AcDbLine
 10
2413.38612
 20
-2656.62
 30
0.0
 11
2488.72812
 21
-2700.12
 31
0.0
  0
LINE
  5
113
330
17
100
AcDbEntity
  8
balok
100
AcDbLine
 10
2488.72812
 20
-2700.12
 30
0.0
 11
2445.42812
 21
-2725.12
 31
0.0
  0
LINE
  5
114
330
17
100
AcDbEntity
  8
balok
100
AcDbLine
 10
2445.42812
 20
-2725.12
 30
0.0
 11
2370.08612
 21
-2681.62
 31
0.0
  0
LINE
  5
115
330
17
100
AcDbEntity
  8
balok
100
AcDbLine
 10
2370.08612
 20
-2681.62
 30
0.0
 11
2413.38612
 21
-2656.62
 31
0.0
  0
LINE
  5
116
330
17
100
AcDbEntity
  8
balok
100
AcDbLine
 10
2413.38612
 20
-2556.62
 30
0.0
 11
2488.72812
 21
-2600.12
 31
0.0
  0
LINE
  5
117
330
17
100
AcDbEntity
  8
balok
100
AcDbLine
 10
2488.72812
 20
-2600.12
 30
0.0
 11
2445.42812
 21
-2625.12
 31
0.0
  0
LINE
  5
118
330
17
100
AcDbEntity
  8
balok
100
AcDbLine
 10
2445.42812
 20
-2625.12
 30
0.0
 11
2370.08612
 21
-2581.62
 31
0.0
  0
LINE
  5
119
330
17
100
AcDbEntity
  8
balok
100
AcDbLine
 10
2370.08612
 20
-2581.62
 30
0.0
 11
2413.38612
 21
-2556.62
 31
0.0
  0
LINE
  5
11A
330
17
100
AcDbEntity
  8
balok
100
AcDbLine
 10
2413.38612
 20
-2656.62
 30
0.0
 11
2413.38612
 21
-2556.62
 31
0.0
  0
LINE
  5
11B
330
17
100
AcDbEntity
  8
balok
100
AcDbLine
 10
2488.72812
 20
-2700.12
 30
0.0
 11
2488.72812
 21
-2600.12
 31
0.0
  0
LINE
  5
11C
330
17
100
AcDbEntity
  8
balok
100
AcDbLine
 10
2445.42812
 20
-2725.12
 30
0.0
 11
2445.42812
 21
-2625.12
 31
0.0
  0
LINE
  5
11D
330
17
100
AcDbEntity
  8
balok
100
AcDbLine
 10
2370.08612
 20
-2681.62
 30
0.0
 11
2370.08612
 21
-2581.62
 31
0.0
  0
LINE
  5
11E
330
17
100
AcDbEntity
  8
balok
100
AcDbLine
 10
1980.4986999999999
 20
-2906.5550000000003
 30
0.0
 11
2055.8406999999997
 21
-2950.0550000000003
 31
0.0
  0
LINE
  5
11F
330
17
100
AcDbEntity
  8
balok
100
AcDbLine
 10
2055.8406999999997
 20
-2950.0550000000003
 30
0.0
 11
2012.5406999999998
 21
-2975.0550000000003
 31
0.0
  0
LINE
  5
120
330
17
100
AcDbEntity
  8
balok
100
AcDbLine
 10
2012.5406999999998
 20
-2975.0550000000003
 30
0.0
 11
1937.1987
 21
-2931.5550000000003
 31
0.0
  0
LINE
  5
121
330
17
100
AcDbEntity
  8
balok
100
AcDbLine
 10
1937.1987
 20
-2931.5550000000003
 30
0.0
 11
1980.4986999999999
 21
-2906.5550000000003
 31
0.0
  0
LINE
  5
122
330
17
100
AcDbEntity
  8
balok
100
AcDbLine
 10
1980.4986999999999
 20
-2806.5550000000003
 30
0.0
 11
2055.8406999999997
 21
-2850.0550000000003
 31
0.0
  0
LINE
  5
123
330
17
100
AcDbEntity
  8
balok
100
AcDbLine
 10
2055.8406999999997
 20
-2850.0550000000003
 30
0.0
 11
2012.5406999999998
 21
-2875.0550000000003
 31
0.0
  0
LINE
  5
124
330
17
100
AcDbEntity
  8
balok
100
AcDbLine
 10
2012.5406999999998
 20
-2875.0550000000003
 30
0.0
 11
1937.1987
 21
-2831.5550000000003
 31
0.0
  0
LINE
  5
125
330
17
100
AcDbEntity
  8
balok
100
AcDbLine
 10
1937.1987
 20
-2831.5550000000003
 30
0.0
 11
1980.4986999999999
 21
-2806.5550000000003
 31
0.0
  0
LINE
  5
126
330
17
100
AcDbEntity
  8
balok
100
AcDbLine
 10
1980.4986999999999
 20
-2906.5550000000003
 30
0.0
 11
1980.4986999999999
 21
-2806.5550000000003
 31
0.0
  0
LINE
  5
127
330
17
100
AcDbEntity
  8
balok
100
AcDbLine
 10
2055.8406999999997
 20
-2950.0550000000003
 30
0.0
 11
2055.8406999999997
 21
-2850.0550000000003
 31
0.0
  0
LINE
  5
128
330
17
100
AcDbEntity
  8
balok
100
AcDbLine
 10
2012.5406999999998
 20
-2975.0550000000003
 30
0.0
 11
2012.5406999999998
 21
-2875.0550000000003
 31
0.0
  0
LINE
  5
129
330
17
100
AcDbEntity
  8
balok
100
AcDbLine
 10
1937.1987
 20
-2931.5550000000003
 30
0.0
 11
1937.1987
 21
-2831.5550000000003
 31
0.0
  0
LINE
  5
12A
330
17
100
AcDbEntity
  8
balok
100
AcDbLine
 10
2413.38612
 20
-2156.62
 30
0.0
 11
2488.72812
 21
-2200.12
 31
0.0
  0
LINE
  5
12B
330
17
100
AcDbEntity
  8
balok
100
AcDbLine
 10
2488.72812
 20
-2200.12
 30
0.0
 11
2445.42812
 21
-2225.12
 31
0.0
  0
LINE
  5
12C
330
17
100
AcDbEntity
  8
balok
100
AcDbLine
 10
2445.42812
 20
-2225.12
 30
0.0
 11
2370.08612
 21
-2181.62
 31
0.0
  0
LINE
  5
12D
330
17
100
AcDbEntity
  8
balok
100
AcDbLine
 10
2370.08612
 20
-2181.62
 30
0.0
 11
2413.38612
 21
-2156.62
 31
0.0
  0
LINE
  5
12E
330
17
100
AcDbEntity
  8
balok
100
AcDbLine
 10
2413.38612
 20
-2056.62
 30
0.0
 11
2488.72812
 21
-2100.12
 31
0.0
  0
LINE
  5
12F
330
17
100
AcDbEntity
  8
balok
100
AcDbLine
 10
2488.72812
 20
-2100.12
 30
0.0
 11
2445.42812
 21
-2125.12
 31
0.0
  0
LINE
  5
130
330
17
100
AcDbEntity
  8
balok
100
AcDbLine
 10
2445.42812
 20
-2125.12
 30
0.0
 11
2370.08612
 21
-2081.62
 31
0.0
  0
LINE
  5
131
330
17
100
AcDbEntity
  8
balok
100
AcDbLine
 10
2370.08612
 20
-2081.62
 30
0.0
 11
2413.38612
 21
-2056.62
 31
0.0
  0
LINE
  5
132
330
17
100
AcDbEntity
  8
balok
100
AcDbLine
 10
2413.38612
 20
-2156.62
 30
0.0
 11
2413.38612
 21
-2056.62
 31
0.0
  0
LINE
  5
133
330
17
100
AcDbEntity
  8
balok
100
AcDbLine
 10
2488.72812
 20
-2200.12
 30
0.0
 11
2488.72812
 21
-2100.12
 31
0.0
  0
LINE
  5
134
330
17
100
AcDbEntity
  8
balok
100
AcDbLine
 10
2445.42812
 20
-2225.12
 30
0.0
 11
2445.42812
 21
-2125.12
 31
0.0
  0
LINE
  5
135
330
17
100
AcDbEntity
  8
balok
100
AcDbLine
 10
2370.08612
 20
-2181.62
 30
0.0
 11
2370.08612
 21
-2081.62
 31
0.0
  0
LINE
  5
136
330
17
100
AcDbEntity
  8
balok
100
AcDbLine
 10
1980.4986999999999
 20
-2406.5550000000003
 30
0.0
 11
2055.8406999999997
 21
-2450.0550000000003
 31
0.0
  0
LINE
  5
137
330
17
100
AcDbEntity
  8
balok
100
AcDbLine
 10
2055.8406999999997
 20
-2450.0550000000003
 30
0.0
 11
2012.5406999999998
 21
-2475.0550000000003
 31
0.0
  0
LINE
  5
138
330
17
100
AcDbEntity
  8
balok
100
AcDbLine
 10
2012.5406999999998
 20
-2475.0550000000003
 30
0.0
 11
1937.1987
 21
-2431.5550000000003
 31
0.0
  0
LINE
  5
139
330
17
100
AcDbEntity
  8
balok
100
AcDbLine
 10
1937.1987
 20
-2431.5550000000003
 30
0.0
 11
1980.4986999999999
 21
-2406.5550000000003
 31
0.0
  0
LINE
  5
13A
330
17
100
AcDbEntity
  8
balok
100
AcDbLine
 10
1980.4986999999999
 20
-2306.5550000000003
 30
0.0
 11
2055.8406999999997
 21
-2350.0550000000003
 31
0.0
  0
LINE
  5
13B
330
17
100
AcDbEntity
  8
balok
100
AcDbLine
 10
2055.8406999999997
 20
-2350.0550000000003
 30
0.0
 11
2012.5406999999998
 21
-2375.0550000000003
 31
0.0
  0
LINE
  5
13C
330
17
100
AcDbEntity
  8
balok
100
AcDbLine
 10
2012.5406999999998
 20
-2375.0550000000003
 30
0.0
 11
1937.1987
 21
-2331.5550000000003
 31
0.0
  0
LINE
  5
13D
330
17
100
AcDbEntity
  8
balok
100
AcDbLine
 10
1937.1987
 20
-2331.5550000000003
 30
0.0
 11
1980.4986999999999
 21
-2306.5550000000003
 31
0.0
  0
LINE
  5
13E
330
17
100
AcDbEntity
  8
balok
100
AcDbLine
 10
1980.4986999999999
 20
-2406.5550000000003
 30
0.0
 11
1980.4986999999999
 21
-2306.5550000000003
 31
0.0
  0
LINE
  5
13F
330
17
100
AcDbEntity
  8
balok
100
AcDbLine
 10
2055.8406999999997
 20
-2450.0550000000003
 30
0.0
 11
2055.8406999999997
 21
-2350.0550000000003
 31
0.0
  0
LINE
  5
140
330
17
100
AcDbEntity
  8
balok
100
AcDbLine
 10
2012.5406999999998
 20
-2475.0550000000003
 30
0.0
 11
2012.5406999999998
 21
-2375.0550000000003
 31
0.0
  0
LINE
  5
141
330
17
100
AcDbEntity
  8
balok
100
AcDbLine
 10
1937.1987
 20
-2431.5550000000003
 30
0.0
 11
1937.1987
 21
-2331.5550000000003
 31
0.0
  0
LINE
  5
142
330
17
100
AcDbEntity
  8
balok
100
AcDbLine
 10
3030.8701
 20
-3013.1349999999993
 30
0.0
 11
3106.2120999999997
 21
-3056.6349999999993
 31
0.0
  0
LINE
  5
143
330
17
100
AcDbEntity
  8
balok
100
AcDbLine
 10
3106.2120999999997
 20
-3056.6349999999993
 30
0.0
 11
3062.9121
 21
-3081.6349999999993
 31
0.0
  0
LINE
  5
144
330
17
100
AcDbEntity
  8
balok
100
AcDbLine
 10
3062.9121
 20
-3081.6349999999993
 30
0.0
 11
2987.5701
 21
-3038.1349999999993
 31
0.0
  0
LINE
  5
145
330
17
100
AcDbEntity
  8
balok
100
AcDbLine
 10
2987.5701
 20
-3038.1349999999993
 30
0.0
 11
3030.8701
 21
-3013.1349999999993
 31
0.0
  0
LINE
  5
146
330
17
100
AcDbEntity
  8
balok
100
AcDbLine
 10
3030.8701
 20
-2913.1349999999993
 30
0.0
 11
3106.2120999999997
 21
-2956.6349999999993
 31
0.0
  0
LINE
  5
147
330
17
100
AcDbEntity
  8
balok
100
AcDbLine
 10
3106.2120999999997
 20
-2956.6349999999993
 30
0.0
 11
3062.9121
 21
-2981.6349999999993
 31
0.0
  0
LINE
  5
148
330
17
100
AcDbEntity
  8
balok
100
AcDbLine
 10
3062.9121
 20
-2981.6349999999993
 30
0.0
 11
2987.5701
 21
-2938.1349999999993
 31
0.0
  0
LINE
  5
149
330
17
100
AcDbEntity
  8
balok
100
AcDbLine
 10
2987.5701
 20
-2938.1349999999993
 30
0.0
 11
3030.8701
 21
-2913.1349999999993
 31
0.0
  0
LINE
  5
14A
330
17
100
AcDbEntity
  8
balok
100
AcDbLine
 10
3030.8701
 20
-3013.1349999999993
 30
0.0
 11
3030.8701
 21
-2913.1349999999993
 31
0.0
  0
LINE
  5
14B
330
17
100
AcDbEntity
  8
balok
100
AcDbLine
 10
3106.2120999999997
 20
-3056.6349999999993
 30
0.0
 11
3106.2120999999997
 21
-2956.6349999999993
 31
0.0
  0
LINE
  5
14C
330
17
100
AcDbEntity
  8
balok
100
AcDbLine
 10
3062.9121
 20
-3081.6349999999993
 30
0.0
 11
3062.9121
 21
-2981.6349999999993
 31
0.0
  0
LINE
  5
14D
330
17
100
AcDbEntity
  8
balok
100
AcDbLine
 10
2987.5701
 20
-3038.1349999999993
 30
0.0
 11
2987.5701
 21
-2938.1349999999993
 31
0.0
  0
LINE
  5
14E
330
17
100
AcDbEntity
  8
balok
100
AcDbLine
 10
2597.9826799999996
 20
-3263.0699999999997
 30
0.0
 11
2673.3246799999997
 21
-3306.5699999999997
 31
0.0
  0
LINE
  5
14F
330
17
100
AcDbEntity
  8
balok
100
AcDbLine
 10
2673.3246799999997
 20
-3306.5699999999997
 30
0.0
 11
2630.0246799999995
 21
-3331.5699999999997
 31
0.0
  0
LINE
  5
150
330
17
100
AcDbEntity
  8
balok
100
AcDbLine
 10
2630.0246799999995
 20
-3331.5699999999997
 30
0.0
 11
2554.6826799999994
 21
-3288.0699999999997
 31
0.0
  0
LINE
  5
151
330
17
100
AcDbEntity
  8
balok
100
AcDbLine
 10
2554.6826799999994
 20
-3288.0699999999997
 30
0.0
 11
2597.9826799999996
 21
-3263.0699999999997
 31
0.0
  0
LINE
  5
152
330
17
100
AcDbEntity
  8
balok
100
AcDbLine
 10
2597.9826799999996
 20
-3163.0699999999997
 30
0.0
 11
2673.3246799999997
 21
-3206.5699999999997
 31
0.0
  0
LINE
  5
153
330
17
100
AcDbEntity
  8
balok
100
AcDbLine
 10
2673.3246799999997
 20
-3206.5699999999997
 30
0.0
 11
2630.0246799999995
 21
-3231.5699999999997
 31
0.0
  0
LINE
  5
154
330
17
100
AcDbEntity
  8
balok
100
AcDbLine
 10
2630.0246799999995
 20
-3231.5699999999997
 30
0.0
 11
2554.6826799999994
 21
-3188.0699999999997
 31
0.0
  0
LINE
  5
155
330
17
100
AcDbEntity
  8
balok
100
AcDbLine
 10
2554.6826799999994
 20
-3188.0699999999997
 30
0.0
 11
2597.9826799999996
 21
-3163.0699999999997
 31
0.0
  0
LINE
  5
156
330
17
100
AcDbEntity
  8
balok
100
AcDbLine
 10
2597.9826799999996
 20
-3263.0699999999997
 30
0.0
 11
2597.9826799999996
 21
-3163.0699999999997
 31
0.0
  0
LINE
  5
157
330
17
100
AcDbEntity
  8
balok
100
AcDbLine
 10
2673.3246799999997
 20
-3306.5699999999997
 30
0.0
 11
2673.3246799999997
 21
-3206.5699999999997
 31
0.0
  0
LINE
  5
158
330
17
100
AcDbEntity
  8
balok
100
AcDbLine
 10
2630.0246799999995
 20
-3331.5699999999997
 30
0.0
 11
2630.0246799999995
 21
-3231.5699999999997
 31
0.0
  0
LINE
  5
159
330
17
100
AcDbEntity
  8
balok
100
AcDbLine
 10
2554.6826799999994
 20
-3288.0699999999997
 30
0.0
 11
2554.6826799999994
 21
-3188.0699999999997
 31
0.0
  0
LINE
  5
15A
330
17
100
AcDbEntity
  8
balok
100
AcDbLine
 10
3030.8701
 20
-2513.1349999999993
 30
0.0
 11
3106.2120999999997
 21
-2556.6349999999993
 31
0.0
  0
LINE
  5
15B
330
17
100
AcDbEntity
  8
balok
100
AcDbLine
 10
3106.2120999999997
 20
-2556.6349999999993
 30
0.0
 11
3062.9121
 21
-2581.6349999999993
 31
0.0
  0
LINE
  5
15C
330
17
100
AcDbEntity
  8
balok
100
AcDbLine
 10
3062.9121
 20
-2581.6349999999993
 30
0.0
 11
2987.5701
 21
-2538.1349999999993
 31
0.0
  0
LINE
  5
15D
330
17
100
AcDbEntity
  8
balok
100
AcDbLine
 10
2987.5701
 20
-2538.1349999999993
 30
0.0
 11
3030.8701
 21
-2513.1349999999993
 31
0.0
  0
LINE
  5
15E
330
17
100
AcDbEntity
  8
balok
100
AcDbLine
 10
3030.8701
 20
-2413.1349999999993
 30
0.0
 11
3106.2120999999997
 21
-2456.6349999999993
 31
0.0
  0
LINE
  5
15F
330
17
100
AcDbEntity
  8
balok
100
AcDbLine
 10
3106.2120999999997
 20
-2456.6349999999993
 30
0.0
 11
3062.9121
 21
-2481.6349999999993
 31
0.0
  0
LINE
  5
160
330
17
100
AcDbEntity
  8
balok
100
AcDbLine
 10
3062.9121
 20
-2481.6349999999993
 30
0.0
 11
2987.5701
 21
-2438.1349999999993
 31
0.0
  0
LINE
  5
161
330
17
100
AcDbEntity
  8
balok
100
AcDbLine
 10
2987.5701
 20
-2438.1349999999993
 30
0.0
 11
3030.8701
 21
-2413.1349999999993
 31
0.0
  0
LINE
  5
162
330
17
100
AcDbEntity
  8
balok
100
AcDbLine
 10
3030.8701
 20
-2513.1349999999993
 30
0.0
 11
3030.8701
 21
-2413.1349999999993
 31
0.0
  0
LINE
  5
163
330
17
100
AcDbEntity
  8
balok
100
AcDbLine
 10
3106.2120999999997
 20
-2556.6349999999993
 30
0.0
 11
3106.2120999999997
 21
-2456.6349999999993
 31
0.0
  0
LINE
  5
164
330
17
100
AcDbEntity
  8
balok
100
AcDbLine
 10
3062.9121
 20
-2581.6349999999993
 30
0.0
 11
3062.9121
 21
-2481.6349999999993
 31
0.0
  0
LINE
  5
165
330
17
100
AcDbEntity
  8
balok
100
AcDbLine
 10
2987.5701
 20
-2538.1349999999993
 30
0.0
 11
2987.5701
 21
-2438.1349999999993
 31
0.0
  0
LINE
  5
166
330
17
100
AcDbEntity
  8
balok
100
AcDbLine
 10
2597.9826799999996
 20
-2763.0699999999997
 30
0.0
 11
2673.3246799999997
 21
-2806.5699999999997
 31
0.0
  0
LINE
  5
167
330
17
100
AcDbEntity
  8
balok
100
AcDbLine
 10
2673.3246799999997
 20
-2806.5699999999997
 30
0.0
 11
2630.0246799999995
 21
-2831.5699999999997
 31
0.0
  0
LINE
  5
168
330
17
100
AcDbEntity
  8
balok
100
AcDbLine
 10
2630.0246799999995
 20
-2831.5699999999997
 30
0.0
 11
2554.6826799999994
 21
-2788.0699999999997
 31
0.0
  0
LINE
  5
169
330
17
100
AcDbEntity
  8
balok
100
AcDbLine
 10
2554.6826799999994
 20
-2788.0699999999997
 30
0.0
 11
2597.9826799999996
 21
-2763.0699999999997
 31
0.0
  0
LINE
  5
16A
330
17
100
AcDbEntity
  8
balok
100
AcDbLine
 10
2597.9826799999996
 20
-2663.0699999999997
 30
0.0
 11
2673.3246799999997
 21
-2706.5699999999997
 31
0.0
  0
LINE
  5
16B
330
17
100
AcDbEntity
  8
balok
100
AcDbLine
 10
2673.3246799999997
 20
-2706.5699999999997
 30
0.0
 11
2630.0246799999995
 21
-2731.5699999999997
 31
0.0
  0
LINE
  5
16C
330
17
100
AcDbEntity
  8
balok
100
AcDbLine
 10
2630.0246799999995
 20
-2731.5699999999997
 30
0.0
 11
2554.6826799999994
 21
-2688.0699999999997
 31
0.0
  0
LINE
  5
16D
330
17
100
AcDbEntity
  8
balok
100
AcDbLine
 10
2554.6826799999994
 20
-2688.0699999999997
 30
0.0
 11
2597.9826799999996
 21
-2663.0699999999997
 31
0.0
  0
LINE
  5
16E
330
17
100
AcDbEntity
  8
balok
100
AcDbLine
 10
2597.9826799999996
 20
-2763.0699999999997
 30
0.0
 11
2597.9826799999996
 21
-2663.0699999999997
 31
0.0
  0
LINE
  5
16F
330
17
100
AcDbEntity
  8
balok
100
AcDbLine
 10
2673.3246799999997
 20
-2806.5699999999997
 30
0.0
 11
2673.3246799999997
 21
-2706.5699999999997
 31
0.0
  0
LINE
  5
170
330
17
100
AcDbEntity
  8
balok
100
AcDbLine
 10
2630.0246799999995
 20
-2831.5699999999997
 30
0.0
 11
2630.0246799999995
 21
-2731.5699999999997
 31
0.0
  0
LINE
  5
171
330
17
100
AcDbEntity
  8
balok
100
AcDbLine
 10
2554.6826799999994
 20
-2788.0699999999997
 30
0.0
 11
2554.6826799999994
 21
-2688.0699999999997
 31
0.0
  0
LINE
  5
172
330
17
100
AcDbEntity
  8
balok
100
AcDbLine
 10
8226.86144
 20
-6013.129999999999
 30
0.0
 11
8302.20344
 21
-6056.629999999999
 31
0.0
  0
LINE
  5
173
330
17
100
AcDbEntity
  8
balok
100
AcDbLine
 10
8302.20344
 20
-6056.629999999999
 30
0.0
 11
8258.90344
 21
-6081.629999999999
 31
0.0
  0
LINE
  5
174
330
17
100
AcDbEntity
  8
balok
100
AcDbLine
 10
8258.90344
 20
-6081.629999999999
 30
0.0
 11
8183.56144
 21
-6038.129999999999
 31
0.0
  0
LINE
  5
175
330
17
100
AcDbEntity
  8
balok
100
AcDbLine
 10
8183.56144
 20
-6038.129999999999
 30
0.0
 11
8226.86144
 21
-6013.129999999999
 31
0.0
  0
LINE
  5
176
330
17
100
AcDbEntity
  8
balok
100
AcDbLine
 10
8226.86144
 20
-5913.129999999999
 30
0.0
 11
8302.20344
 21
-5956.629999999999
 31
0.0
  0
LINE
  5
177
330
17
100
AcDbEntity
  8
balok
100
AcDbLine
 10
8302.20344
 20
-5956.629999999999
 30
0.0
 11
8258.90344
 21
-5981.629999999999
 31
0.0
  0
LINE
  5
178
330
17
100
AcDbEntity
  8
balok
100
AcDbLine
 10
8258.90344
 20
-5981.629999999999
 30
0.0
 11
8183.56144
 21
-5938.129999999999
 31
0.0
  0
LINE
  5
179
330
17
100
AcDbEntity
  8
balok
100
AcDbLine
 10
8183.56144
 20
-5938.129999999999
 30
0.0
 11
8226.86144
 21
-5913.129999999999
 31
0.0
  0
LINE
  5
17A
330
17
100
AcDbEntity
  8
balok
100
AcDbLine
 10
8226.86144
 20
-6013.129999999999
 30
0.0
 11
8226.86144
 21
-5913.129999999999
 31
0.0
  0
LINE
  5
17B
330
17
100
AcDbEntity
  8
balok
100
AcDbLine
 10
8302.20344
 20
-6056.629999999999
 30
0.0
 11
8302.20344
 21
-5956.629999999999
 31
0.0
  0
LINE
  5
17C
330
17
100
AcDbEntity
  8
balok
100
AcDbLine
 10
8258.90344
 20
-6081.629999999999
 30
0.0
 11
8258.90344
 21
-5981.629999999999
 31
0.0
  0
LINE
  5
17D
330
17
100
AcDbEntity
  8
balok
100
AcDbLine
 10
8183.56144
 20
-6038.129999999999
 30
0.0
 11
8183.56144
 21
-5938.129999999999
 31
0.0
  0
LINE
  5
17E
330
17
100
AcDbEntity
  8
balok
100
AcDbLine
 10
7793.97402
 20
-6263.065
 30
0.0
 11
7869.316019999999
 21
-6306.565
 31
0.0
  0
LINE
  5
17F
330
17
100
AcDbEntity
  8
balok
100
AcDbLine
 10
7869.316019999999
 20
-6306.565
 30
0.0
 11
7826.016019999999
 21
-6331.565
 31
0.0
  0
LINE
  5
180
330
17
100
AcDbEntity
  8
balok
100
AcDbLine
 10
7826.016019999999
 20
-6331.565
 30
0.0
 11
7750.6740199999995
 21
-6288.065
 31
0.0
  0
LINE
  5
181
330
17
100
AcDbEntity
  8
balok
100
AcDbLine
 10
7750.6740199999995
 20
-6288.065
 30
0.0
 11
7793.97402
 21
-6263.065
 31
0.0
  0
LINE
  5
182
330
17
100
AcDbEntity
  8
balok
100
AcDbLine
 10
7793.97402
 20
-6163.065
 30
0.0
 11
7869.316019999999
 21
-6206.565
 31
0.0
  0
LINE
  5
183
330
17
100
AcDbEntity
  8
balok
100
AcDbLine
 10
7869.316019999999
 20
-6206.565
 30
0.0
 11
7826.016019999999
 21
-6231.565
 31
0.0
  0
LINE
  5
184
330
17
100
AcDbEntity
  8
balok
100
AcDbLine
 10
7826.016019999999
 20
-6231.565
 30
0.0
 11
7750.6740199999995
 21
-6188.065
 31
0.0
  0
LINE
  5
185
330
17
100
AcDbEntity
  8
balok
100
AcDbLine
 10
7750.6740199999995
 20
-6188.065
 30
0.0
 11
7793.97402
 21
-6163.065
 31
0.0
  0
LINE
  5
186
330
17
100
AcDbEntity
  8
balok
100
AcDbLine
 10
7793.97402
 20
-6263.065
 30
0.0
 11
7793.97402
 21
-6163.065
 31
0.0
  0
LINE
  5
187
330
17
100
AcDbEntity
  8
balok
100
AcDbLine
 10
7869.316019999999
 20
-6306.565
 30
0.0
 11
7869.316019999999
 21
-6206.565
 31
0.0
  0
LINE
  5
188
330
17
100
AcDbEntity
  8
balok
100
AcDbLine
 10
7826.016019999999
 20
-6331.565
 30
0.0
 11
7826.016019999999
 21
-6231.565
 31
0.0
  0
LINE
  5
189
330
17
100
AcDbEntity
  8
balok
100
AcDbLine
 10
7750.6740199999995
 20
-6288.065
 30
0.0
 11
7750.6740199999995
 21
-6188.065
 31
0.0
  0
LINE
  5
18A
330
17
100
AcDbEntity
  8
balok
100
AcDbLine
 10
8226.86144
 20
-5513.129999999999
 30
0.0
 11
8302.20344
 21
-5556.629999999999
 31
0.0
  0
LINE
  5
18B
330
17
100
AcDbEntity
  8
balok
100
AcDbLine
 10
8302.20344
 20
-5556.629999999999
 30
0.0
 11
8258.90344
 21
-5581.629999999999
 31
0.0
  0
LINE
  5
18C
330
17
100
AcDbEntity
  8
balok
100
AcDbLine
 10
8258.90344
 20
-5581.629999999999
 30
0.0
 11
8183.56144
 21
-5538.129999999999
 31
0.0
  0
LINE
  5
18D
330
17
100
AcDbEntity
  8
balok
100
AcDbLine
 10
8183.56144
 20
-5538.129999999999
 30
0.0
 11
8226.86144
 21
-5513.129999999999
 31
0.0
  0
LINE
  5
18E
330
17
100
AcDbEntity
  8
balok
100
AcDbLine
 10
8226.86144
 20
-5413.129999999999
 30
0.0
 11
8302.20344
 21
-5456.629999999999
 31
0.0
  0
LINE
  5
18F
330
17
100
AcDbEntity
  8
balok
100
AcDbLine
 10
8302.20344
 20
-5456.629999999999
 30
0.0
 11
8258.90344
 21
-5481.629999999999
 31
0.0
  0
LINE
  5
190
330
17
100
AcDbEntity
  8
balok
100
AcDbLine
 10
8258.90344
 20
-5481.629999999999
 30
0.0
 11
8183.56144
 21
-5438.129999999999
 31
0.0
  0
LINE
  5
191
330
17
100
AcDbEntity
  8
balok
100
AcDbLine
 10
8183.56144
 20
-5438.129999999999
 30
0.0
 11
8226.86144
 21
-5413.129999999999
 31
0.0
  0
LINE
  5
192
330
17
100
AcDbEntity
  8
balok
100
AcDbLine
 10
8226.86144
 20
-5513.129999999999
 30
0.0
 11
8226.86144
 21
-5413.129999999999
 31
0.0
  0
LINE
  5
193
330
17
100
AcDbEntity
  8
balok
100
AcDbLine
 10
8302.20344
 20
-5556.629999999999
 30
0.0
 11
8302.20344
 21
-5456.629999999999
 31
0.0
  0
LINE
  5
194
330
17
100
AcDbEntity
  8
balok
100
AcDbLine
 10
8258.90344
 20
-5581.629999999999
 30
0.0
 11
8258.90344
 21
-5481.629999999999
 31
0.0
  0
LINE
  5
195
330
17
100
AcDbEntity
  8
balok
100
AcDbLine
 10
8183.56144
 20
-5538.129999999999
 30
0.0
 11
8183.56144
 21
-5438.129999999999
 31
0.0
  0
LINE
  5
196
330
17
100
AcDbEntity
  8
balok
100
AcDbLine
 10
7793.97402
 20
-5763.065
 30
0.0
 11
7869.316019999999
 21
-5806.565
 31
0.0
  0
LINE
  5
197
330
17
100
AcDbEntity
  8
balok
100
AcDbLine
 10
7869.316019999999
 20
-5806.565
 30
0.0
 11
7826.016019999999
 21
-5831.565
 31
0.0
  0
LINE
  5
198
330
17
100
AcDbEntity
  8
balok
100
AcDbLine
 10
7826.016019999999
 20
-5831.565
 30
0.0
 11
7750.6740199999995
 21
-5788.065
 31
0.0
  0
LINE
  5
199
330
17
100
AcDbEntity
  8
balok
100
AcDbLine
 10
7750.6740199999995
 20
-5788.065
 30
0.0
 11
7793.97402
 21
-5763.065
 31
0.0
  0
LINE
  5
19A
330
17
100
AcDbEntity
  8
balok
100
AcDbLine
 10
7793.97402
 20
-5663.065
 30
0.0
 11
7869.316019999999
 21
-5706.565
 31
0.0
  0
LINE
  5
19B
330
17
100
AcDbEntity
  8
balok
100
AcDbLine
 10
7869.316019999999
 20
-5706.565
 30
0.0
 11
7826.016019999999
 21
-5731.565
 31
0.0
  0
LINE
  5
19C
330
17
100
AcDbEntity
  8
balok
100
AcDbLine
 10
7826.016019999999
 20
-5731.565
 30
0.0
 11
7750.6740199999995
 21
-5688.065
 31
0.0
  0
LINE
  5
19D
330
17
100
AcDbEntity
  8
balok
100
AcDbLine
 10
7750.6740199999995
 20
-5688.065
 30
0.0
 11
7793.97402
 21
-5663.065
 31
0.0
  0
LINE
  5
19E
330
17
100
AcDbEntity
  8
balok
100
AcDbLine
 10
7793.97402
 20
-5763.065
 30
0.0
 11
7793.97402
 21
-5663.065
 31
0.0
  0
LINE
  5
19F
330
17
100
AcDbEntity
  8
balok
100
AcDbLine
 10
7869.316019999999
 20
-5806.565
 30
0.0
 11
7869.316019999999
 21
-5706.565
 31
0.0
  0
LINE
  5
1A0
330
17
100
AcDbEntity
  8
balok
100
AcDbLine
 10
7826.016019999999
 20
-5831.565
 30
0.0
 11
7826.016019999999
 21
-5731.565
 31
0.0
  0
LINE
  5
1A1
330
17
100
AcDbEntity
  8
balok
100
AcDbLine
 10
7750.6740199999995
 20
-5788.065
 30
0.0
 11
7750.6740199999995
 21
-5688.065
 31
0.0
  0
LINE
  5
1A2
330
17
100
AcDbEntity
  8
stiffener
100
AcDbLine
 10
-411.33268000000004
 20
158.47000000000003
 30
0.0
 11
3788.7673200000004
 21
-2266.53
 31
0.0
  0
LINE
  5
1A3
330
17
100
AcDbEntity
  8
stiffener
100
AcDbLine
 10
3788.7673200000004
 20
-2266.53
 30
0.0
 11
3745.46732
 21
-2291.53
 31
0.0
  0
LINE
  5
1A4
330
17
100
AcDbEntity
  8
stiffener
100
AcDbLine
 10
3745.46732
 20
-2291.53
 30
0.0
 11
-454.63268
 21
133.47000000000003
 31
0.0
  0
LINE
  5
1A5
330
17
100
AcDbEntity
  8
stiffener
100
AcDbLine
 10
-454.63268
 20
133.47000000000003
 30
0.0
 11
-411.33268000000004
 21
158.47000000000003
 31
0.0
  0
LINE
  5
1A6
330
17
100
AcDbEntity
  8
stiffener
100
AcDbLine
 10
-411.33268000000004
 20
258.47
 30
0.0
 11
3788.7673200000004
 21
-2166.53
 31
0.0
  0
LINE
  5
1A7
330
17
100
AcDbEntity
  8
stiffener
100
AcDbLine
 10
3788.7673200000004
 20
-2166.53
 30
0.0
 11
3745.46732
 21
-2191.53
 31
0.0
  0
LINE
  5
1A8
330
17
100
AcDbEntity
  8
stiffener
100
AcDbLine
 10
3745.46732
 20
-2191.53
 30
0.0
 11
-454.63268
 21
233.47000000000003
 31
0.0
  0
LINE
  5
1A9
330
17
100
AcDbEntity
  8
stiffener
100
AcDbLine
 10
-454.63268
 20
233.47000000000003
 30
0.0
 11
-411.33268000000004
 21
258.47
 31
0.0
  0
LINE
  5
1AA
330
17
100
AcDbEntity
  8
stiffener
100
AcDbLine
 10
-411.33268000000004
 20
158.47000000000003
 30
0.0
 11
-411.33268000000004
 21
258.47
 31
0.0
  0
LINE
  5
1AB
330
17
100
AcDbEntity
  8
stiffener
100
AcDbLine
 10
3788.7673200000004
 20
-2266.53
 30
0.0
 11
3788.7673200000004
 21
-2166.53
 31
0.0
  0
LINE
  5
1AC
330
17
100
AcDbEntity
  8
stiffener
100
AcDbLine
 10
3745.46732
 20
-2291.53
 30
0.0
 11
3745.46732
 21
-2191.53
 31
0.0
  0
LINE
  5
1AD
330
17
100
AcDbEntity
  8
stiffener
100
AcDbLine
 10
-454.63268
 20
133.47000000000003
 30
0.0
 11
-454.63268
 21
233.47000000000003
 31
0.0
  0
LINE
  5
1AE
330
17
100
AcDbEntity
  8
stiffener
100
AcDbLine
 10
5521.243619999999
 20
-3266.805
 30
0.0
 11
10196.777619999999
 21
-5966.305
 31
0.0
  0
LINE
  5
1AF
330
17
100
AcDbEntity
  8
stiffener
100
AcDbLine
 10
10196.777619999999
 20
-5966.305
 30
0.0
 11
10153.47762
 21
-5991.305
 31
0.0
  0
LINE
  5
1B0
330
17
100
AcDbEntity
  8
stiffener
100
AcDbLine
 10
10153.47762
 20
-5991.305
 30
0.0
 11
5477.94362
 21
-3291.805
 31
0.0
  0
LINE
  5
1B1
330
17
100
AcDbEntity
  8
stiffener
100
AcDbLine
 10
5477.94362
 20
-3291.805
 30
0.0
 11
5521.243619999999
 21
-3266.805
 31
0.0
  0
LINE
  5
1B2
330
17
100
AcDbEntity
  8
stiffener
100
AcDbLine
 10
5521.243619999999
 20
-3166.805
 30
0.0
 11
10196.777619999999
 21
-5866.305
 31
0.0
  0
LINE
  5
1B3
330
17
100
AcDbEntity
  8
stiffener
100
AcDbLine
 10
10196.777619999999
 20
-5866.305
 30
0.0
 11
10153.47762
 21
-5891.305
 31
0.0
  0
LINE
  5
1B4
330
17
100
AcDbEntity
  8
stiffener
100
AcDbLine
 10
10153.47762
 20
-5891.305
 30
0.0
 11
5477.94362
 21
-3191.805
 31
0.0
  0
LINE
  5
1B5
330
17
100
AcDbEntity
  8
stiffener
100
AcDbLine
 10
5477.94362
 20
-3191.805
 30
0.0
 11
5521.243619999999
 21
-3166.805
 31
0.0
  0
LINE
  5
1B6
330
17
100
AcDbEntity
  8
stiffener
100
AcDbLine
 10
5521.243619999999
 20
-3266.805
 30
0.0
 11
5521.243619999999
 21
-3166.805
 31
0.0
  0
LINE
  5
1B7
330
17
100
AcDbEntity
  8
stiffener
100
AcDbLine
 10
10196.777619999999
 20
-5966.305
 30
0.0
 11
10196.777619999999
 21
-5866.305
 31
0.0
  0
LINE
  5
1B8
330
17
100
AcDbEntity
  8
stiffener
100
AcDbLine
 10
10153.47762
 20
-5991.305
 30
0.0
 11
10153.47762
 21
-5891.305
 31
0.0
  0
LINE
  5
1B9
330
17
100
AcDbEntity
  8
stiffener
100
AcDbLine
 10
5477.94362
 20
-3291.805
 30
0.0
 11
5477.94362
 21
-3191.805
 31
0.0
  0
LINE
  5
1BA
330
17
100
AcDbEntity
  8
stiffener
100
AcDbLine
 10
10717.21764
 20
-6266.790000000001
 30
0.0
 11
14916.451640000001
 21
-8691.29
 31
0.0
  0
LINE
  5
1BB
330
17
100
AcDbEntity
  8
stiffener
100
AcDbLine
 10
14916.451640000001
 20
-8691.29
 30
0.0
 11
14873.15164
 21
-8716.29
 31
0.0
  0
LINE
  5
1BC
330
17
100
AcDbEntity
  8
stiffener
100
AcDbLine
 10
14873.15164
 20
-8716.29
 30
0.0
 11
10673.917640000001
 21
-6291.790000000001
 31
0.0
  0
LINE
  5
1BD
330
17
100
AcDbEntity
  8
stiffener
100
AcDbLine
 10
10673.917640000001
 20
-6291.790000000001
 30
0.0
 11
10717.21764
 21
-6266.790000000001
 31
0.0
  0
LINE
  5
1BE
330
17
100
AcDbEntity
  8
stiffener
100
AcDbLine
 10
10717.21764
 20
-6166.790000000001
 30
0.0
 11
14916.451640000001
 21
-8591.29
 31
0.0
  0
LINE
  5
1BF
330
17
100
AcDbEntity
  8
stiffener
100
AcDbLine
 10
14916.451640000001
 20
-8591.29
 30
0.0
 11
14873.15164
 21
-8616.29
 31
0.0
  0
LINE
  5
1C0
330
17
100
AcDbEntity
  8
stiffener
100
AcDbLine
 10
14873.15164
 20
-8616.29
 30
0.0
 11
10673.917640000001
 21
-6191.790000000001
 31
0.0
  0
LINE
  5
1C1
330
17
100
AcDbEntity
  8
stiffener
100
AcDbLine
 10
10673.917640000001
 20
-6191.790000000001
 30
0.0
 11
10717.21764
 21
-6166.790000000001
 31
0.0
  0
LINE
  5
1C2
330
17
100
AcDbEntity
  8
stiffener
100
AcDbLine
 10
10717.21764
 20
-6266.790000000001
 30
0.0
 11
10717.21764
 21
-6166.790000000001
 31
0.0
  0
LINE
  5
1C3
330
17
100
AcDbEntity
  8
stiffener
100
AcDbLine
 10
14916.451640000001
 20
-8691.29
 30
0.0
 11
14916.451640000001
 21
-8591.29
 31
0.0
  0
LINE
  5
1C4
330
17
100
AcDbEntity
  8
stiffener
100
AcDbLine
 10
14873.15164
 20
-8716.29
 30
0.0
 11
14873.15164
 21
-8616.29
 31
0.0
  0
LINE
  5
1C5
330
17
100
AcDbEntity
  8
stiffener
100
AcDbLine
 10
10673.917640000001
 20
-6291.790000000001
 30
0.0
 11
10673.917640000001
 21
-6191.790000000001
 31
0.0
  0
LINE
  5
1C6
330
17
100
AcDbEntity
  8
stiffener
100
AcDbLine
 10
-1277.31536
 20
158.48000000000002
 30
0.0
 11
2922.7846400000003
 21
-2266.52
 31
0.0
  0
LINE
  5
1C7
330
17
100
AcDbEntity
  8
stiffener
100
AcDbLine
 10
2922.7846400000003
 20
-2266.52
 30
0.0
 11
2879.48464
 21
-2291.52
 31
0.0
  0
LINE
  5
1C8
330
17
100
AcDbEntity
  8
stiffener
100
AcDbLine
 10
2879.48464
 20
-2291.52
 30
0.0
 11
-1320.61536
 21
133.48000000000002
 31
0.0
  0
LINE
  5
1C9
330
17
100
AcDbEntity
  8
stiffener
100
AcDbLine
 10
-1320.61536
 20
133.48000000000002
 30
0.0
 11
-1277.31536
 21
158.48000000000002
 31
0.0
  0
LINE
  5
1CA
330
17
100
AcDbEntity
  8
stiffener
100
AcDbLine
 10
-1277.31536
 20
258.48
 30
0.0
 11
2922.7846400000003
 21
-2166.52
 31
0.0
  0
LINE
  5
1CB
330
17
100
AcDbEntity
  8
stiffener
100
AcDbLine
 10
2922.7846400000003
 20
-2166.52
 30
0.0
 11
2879.48464
 21
-2191.52
 31
0.0
  0
LINE
  5
1CC
330
17
100
AcDbEntity
  8
stiffener
100
AcDbLine
 10
2879.48464
 20
-2191.52
 30
0.0
 11
-1320.61536
 21
233.48000000000002
 31
0.0
  0
LINE
  5
1CD
330
17
100
AcDbEntity
  8
stiffener
100
AcDbLine
 10
-1320.61536
 20
233.48000000000002
 30
0.0
 11
-1277.31536
 21
258.48
 31
0.0
  0
LINE
  5
1CE
330
17
100
AcDbEntity
  8
stiffener
100
AcDbLine
 10
-1277.31536
 20
158.48000000000002
 30
0.0
 11
-1277.31536
 21
258.48
 31
0.0
  0
LINE
  5
1CF
330
17
100
AcDbEntity
  8
stiffener
100
AcDbLine
 10
2922.7846400000003
 20
-2266.52
 30
0.0
 11
2922.7846400000003
 21
-2166.52
 31
0.0
  0
LINE
  5
1D0
330
17
100
AcDbEntity
  8
stiffener
100
AcDbLine
 10
2879.48464
 20
-2291.52
 30
0.0
 11
2879.48464
 21
-2191.52
 31
0.0
  0
LINE
  5
1D1
330
17
100
AcDbEntity
  8
stiffener
100
AcDbLine
 10
-1320.61536
 20
133.48000000000002
 30
0.0
 11
-1320.61536
 21
233.48000000000002
 31
0.0
  0
LINE
  5
1D2
330
17
100
AcDbEntity
  8
stiffener
100
AcDbLine
 10
4655.26094
 20
-3266.7949999999996
 30
0.0
 11
9330.79494
 21
-5966.295
 31
0.0
  0
LINE
  5
1D3
330
17
100
AcDbEntity
  8
stiffener
100
AcDbLine
 10
9330.79494
 20
-5966.295
 30
0.0
 11
9287.49494
 21
-5991.295
 31
0.0
  0
LINE
  5
1D4
330
17
100
AcDbEntity
  8
stiffener
100
AcDbLine
 10
9287.49494
 20
-5991.295
 30
0.0
 11
4611.96094
 21
-3291.7949999999996
 31
0.0
  0
LINE
  5
1D5
330
17
100
AcDbEntity
  8
stiffener
100
AcDbLine
 10
4611.96094
 20
-3291.7949999999996
 30
0.0
 11
4655.26094
 21
-3266.7949999999996
 31
0.0
  0
LINE
  5
1D6
330
17
100
AcDbEntity
  8
stiffener
100
AcDbLine
 10
4655.26094
 20
-3166.7949999999996
 30
0.0
 11
9330.79494
 21
-5866.295
 31
0.0
  0
LINE
  5
1D7
330
17
100
AcDbEntity
  8
stiffener
100
AcDbLine
 10
9330.79494
 20
-5866.295
 30
0.0
 11
9287.49494
 21
-5891.295
 31
0.0
  0
LINE
  5
1D8
330
17
100
AcDbEntity
  8
stiffener
100
AcDbLine
 10
9287.49494
 20
-5891.295
 30
0.0
 11
4611.96094
 21
-3191.7949999999996
 31
0.0
  0
LINE
  5
1D9
330
17
100
AcDbEntity
  8
stiffener
100
AcDbLine
 10
4611.96094
 20
-3191.7949999999996
 30
0.0
 11
4655.26094
 21
-3166.7949999999996
 31
0.0
  0
LINE
  5
1DA
330
17
100
AcDbEntity
  8
stiffener
100
AcDbLine
 10
4655.26094
 20
-3266.7949999999996
 30
0.0
 11
4655.26094
 21
-3166.7949999999996
 31
0.0
  0
LINE
  5
1DB
330
17
100
AcDbEntity
  8
stiffener
100
AcDbLine
 10
9330.79494
 20
-5966.295
 30
0.0
 11
9330.79494
 21
-5866.295
 31
0.0
  0
LINE
  5
1DC
330
17
100
AcDbEntity
  8
stiffener
100
AcDbLine
 10
9287.49494
 20
-5991.295
 30
0.0
 11
9287.49494
 21
-5891.295
 31
0.0
  0
LINE
  5
1DD
330
17
100
AcDbEntity
  8
stiffener
100
AcDbLine
 10
4611.96094
 20
-3291.7949999999996
 30
0.0
 11
4611.96094
 21
-3191.7949999999996
 31
0.0
  0
LINE
  5
1DE
330
17
100
AcDbEntity
  8
stiffener
100
AcDbLine
 10
9851.234960000002
 20
-6266.780000000001
 30
0.0
 11
14050.46896
 21
-8691.28
 31
0.0
  0
LINE
  5
1DF
330
17
100
AcDbEntity
  8
stiffener
100
AcDbLine
 10
14050.46896
 20
-8691.28
 30
0.0
 11
14007.16896
 21
-8716.28
 31
0.0
  0
LINE
  5
1E0
330
17
100
AcDbEntity
  8
stiffener
100
AcDbLine
 10
14007.16896
 20
-8716.28
 30
0.0
 11
9807.93496
 21
-6291.780000000001
 31
0.0
  0
LINE
  5
1E1
330
17
100
AcDbEntity
  8
stiffener
100
AcDbLine
 10
9807.93496
 20
-6291.780000000001
 30
0.0
 11
9851.234960000002
 21
-6266.780000000001
 31
0.0
  0
LINE
  5
1E2
330
17
100
AcDbEntity
  8
stiffener
100
AcDbLine
 10
9851.234960000002
 20
-6166.780000000001
 30
0.0
 11
14050.46896
 21
-8591.28
 31
0.0
  0
LINE
  5
1E3
330
17
100
AcDbEntity
  8
stiffener
100
AcDbLine
 10
14050.46896
 20
-8591.28
 30
0.0
 11
14007.16896
 21
-8616.28
 31
0.0
  0
LINE
  5
1E4
330
17
100
AcDbEntity
  8
stiffener
100
AcDbLine
 10
14007.16896
 20
-8616.28
 30
0.0
 11
9807.93496
 21
-6191.780000000001
 31
0.0
  0
LINE
  5
1E5
330
17
100
AcDbEntity
  8
stiffener
100
AcDbLine
 10
9807.93496
 20
-6191.780000000001
 30
0.0
 11
9851.234960000002
 21
-6166.780000000001
 31
0.0
  0
LINE
  5
1E6
330
17
100
AcDbEntity
  8
stiffener
100
AcDbLine
 10
9851.234960000002
 20
-6266.780000000001
 30
0.0
 11
9851.234960000002
 21
-6166.780000000001
 31
0.0
  0
LINE
  5
1E7
330
17
100
AcDbEntity
  8
stiffener
100
AcDbLine
 10
14050.46896
 20
-8691.28
 30
0.0
 11
14050.46896
 21
-8591.28
 31
0.0
  0
LINE
  5
1E8
330
17
100
AcDbEntity
  8
stiffener
100
AcDbLine
 10
14007.16896
 20
-8716.28
 30
0.0
 11
14007.16896
 21
-8616.28
 31
0.0
  0
LINE
  5
1E9
330
17
100
AcDbEntity
  8
stiffener
100
AcDbLine
 10
9807.93496
 20
-6291.780000000001
 30
0.0
 11
9807.93496
 21
-6191.780000000001
 31
0.0
  0
LINE
  5
1EA
330
17
100
AcDbEntity
  8
stiffener
100
AcDbLine
 10
-2143.33268
 20
158.46000000000004
 30
0.0
 11
2056.7673200000004
 21
-2266.54
 31
0.0
  0
LINE
  5
1EB
330
17
100
AcDbEntity
  8
stiffener
100
AcDbLine
 10
2056.7673200000004
 20
-2266.54
 30
0.0
 11
2013.4673200000004
 21
-2291.54
 31
0.0
  0
LINE
  5
1EC
330
17
100
AcDbEntity
  8
stiffener
100
AcDbLine
 10
2013.4673200000004
 20
-2291.54
 30
0.0
 11
-2186.63268
 21
133.46000000000004
 31
0.0
  0
LINE
  5
1ED
330
17
100
AcDbEntity
  8
stiffener
100
AcDbLine
 10
-2186.63268
 20
133.46000000000004
 30
0.0
 11
-2143.33268
 21
158.46000000000004
 31
0.0
  0
LINE
  5
1EE
330
17
100
AcDbEntity
  8
stiffener
100
AcDbLine
 10
-2143.33268
 20
258.46000000000004
 30
0.0
 11
2056.7673200000004
 21
-2166.54
 31
0.0
  0
LINE
  5
1EF
330
17
100
AcDbEntity
  8
stiffener
100
AcDbLine
 10
2056.7673200000004
 20
-2166.54
 30
0.0
 11
2013.4673200000004
 21
-2191.54
 31
0.0
  0
LINE
  5
1F0
330
17
100
AcDbEntity
  8
stiffener
100
AcDbLine
 10
2013.4673200000004
 20
-2191.54
 30
0.0
 11
-2186.63268
 21
233.46000000000004
 31
0.0
  0
LINE
  5
1F1
330
17
100
AcDbEntity
  8
stiffener
100
AcDbLine
 10
-2186.63268
 20
233.46000000000004
 30
0.0
 11
-2143.33268
 21
258.46000000000004
 31
0.0
  0
LINE
  5
1F2
330
17
100
AcDbEntity
  8
stiffener
100
AcDbLine
 10
-2143.33268
 20
158.46000000000004
 30
0.0
 11
-2143.33268
 21
258.46000000000004
 31
0.0
  0
LINE
  5
1F3
330
17
100
AcDbEntity
  8
stiffener
100
AcDbLine
 10
2056.7673200000004
 20
-2266.54
 30
0.0
 11
2056.7673200000004
 21
-2166.54
 31
0.0
  0
LINE
  5
1F4
330
17
100
AcDbEntity
  8
stiffener
100
AcDbLine
 10
2013.4673200000004
 20
-2291.54
 30
0.0
 11
2013.4673200000004
 21
-2191.54
 31
0.0
  0
LINE
  5
1F5
330
17
100
AcDbEntity
  8
stiffener
100
AcDbLine
 10
-2186.63268
 20
133.46000000000004
 30
0.0
 11
-2186.63268
 21
233.46000000000004
 31
0.0
  0
LINE
  5
1F6
330
17
100
AcDbEntity
  8
stiffener
100
AcDbLine
 10
3789.2436199999997
 20
-3266.8149999999996
 30
0.0
 11
8464.777619999999
 21
-5966.315
 31
0.0
  0
LINE
  5
1F7
330
17
100
AcDbEntity
  8
stiffener
100
AcDbLine
 10
8464.777619999999
 20
-5966.315
 30
0.0
 11
8421.47762
 21
-5991.315
 31
0.0
  0
LINE
  5
1F8
330
17
100
AcDbEntity
  8
stiffener
100
AcDbLine
 10
8421.47762
 20
-5991.315
 30
0.0
 11
3745.9436199999996
 21
-3291.8149999999996
 31
0.0
  0
LINE
  5
1F9
330
17
100
AcDbEntity
  8
stiffener
100
AcDbLine
 10
3745.9436199999996
 20
-3291.8149999999996
 30
0.0
 11
3789.2436199999997
 21
-3266.8149999999996
 31
0.0
  0
LINE
  5
1FA
330
17
100
AcDbEntity
  8
stiffener
100
AcDbLine
 10
3789.2436199999997
 20
-3166.8149999999996
 30
0.0
 11
8464.777619999999
 21
-5866.315
 31
0.0
  0
LINE
  5
1FB
330
17
100
AcDbEntity
  8
stiffener
100
AcDbLine
 10
8464.777619999999
 20
-5866.315
 30
0.0
 11
8421.47762
 21
-5891.315
 31
0.0
  0
LINE
  5
1FC
330
17
100
AcDbEntity
  8
stiffener
100
AcDbLine
 10
8421.47762
 20
-5891.315
 30
0.0
 11
3745.9436199999996
 21
-3191.8149999999996
 31
0.0
  0
LINE
  5
1FD
330
17
100
AcDbEntity
  8
stiffener
100
AcDbLine
 10
3745.9436199999996
 20
-3191.8149999999996
 30
0.0
 11
3789.2436199999997
 21
-3166.8149999999996
 31
0.0
  0
LINE
  5
1FE
330
17
100
AcDbEntity
  8
stiffener
100
AcDbLine
 10
3789.2436199999997
 20
-3266.8149999999996
 30
0.0
 11
3789.2436199999997
 21
-3166.8149999999996
 31
0.0
  0
LINE
  5
1FF
330
17
100
AcDbEntity
  8
stiffener
100
AcDbLine
 10
8464.777619999999
 20
-5966.315
 30
0.0
 11
8464.777619999999
 21
-5866.315
 31
0.0
  0
LINE
  5
200
330
17
100
AcDbEntity
  8
stiffener
100
AcDbLine
 10
8421.47762
 20
-5991.315
 30
0.0
 11
8421.47762
 21
-5891.315
 31
0.0
  0
LINE
  5
201
330
17
100
AcDbEntity
  8
stiffener
100
AcDbLine
 10
3745.9436199999996
 20
-3291.8149999999996
 30
0.0
 11
3745.9436199999996
 21
-3191.8149999999996
 31
0.0
  0
LINE
  5
202
330
17
100
AcDbEntity
  8
stiffener
100
AcDbLine
 10
8985.21764
 20
-6266.8
 30
0.0
 11
13184.451640000001
 21
-8691.300000000001
 31
0.0
  0
LINE
  5
203
330
17
100
AcDbEntity
  8
stiffener
100
AcDbLine
 10
13184.451640000001
 20
-8691.300000000001
 30
0.0
 11
13141.15164
 21
-8716.300000000001
 31
0.0
  0
LINE
  5
204
330
17
100
AcDbEntity
  8
stiffener
100
AcDbLine
 10
13141.15164
 20
-8716.300000000001
 30
0.0
 11
8941.917640000001
 21
-6291.8
 31
0.0
  0
LINE
  5
205
330
17
100
AcDbEntity
  8
stiffener
100
AcDbLine
 10
8941.917640000001
 20
-6291.8
 30
0.0
 11
8985.21764
 21
-6266.8
 31
0.0
  0
LINE
  5
206
330
17
100
AcDbEntity
  8
stiffener
100
AcDbLine
 10
8985.21764
 20
-6166.8
 30
0.0
 11
13184.451640000001
 21
-8591.300000000001
 31
0.0
  0
LINE
  5
207
330
17
100
AcDbEntity
  8
stiffener
100
AcDbLine
 10
13184.451640000001
 20
-8591.300000000001
 30
0.0
 11
13141.15164
 21
-8616.300000000001
 31
0.0
  0
LINE
  5
208
330
17
100
AcDbEntity
  8
stiffener
100
AcDbLine
 10
13141.15164
 20
-8616.300000000001
 30
0.0
 11
8941.917640000001
 21
-6191.8
 31
0.0
  0
LINE
  5
209
330
17
100
AcDbEntity
  8
stiffener
100
AcDbLine
 10
8941.917640000001
 20
-6191.8
 30
0.0
 11
8985.21764
 21
-6166.8
 31
0.0
  0
LINE
  5
20A
330
17
100
AcDbEntity
  8
stiffener
100
AcDbLine
 10
8985.21764
 20
-6266.8
 30
0.0
 11
8985.21764
 21
-6166.8
 31
0.0
  0
LINE
  5
20B
330
17
100
AcDbEntity
  8
stiffener
100
AcDbLine
 10
13184.451640000001
 20
-8691.300000000001
 30
0.0
 11
13184.451640000001
 21
-8591.300000000001
 31
0.0
  0
LINE
  5
20C
330
17
100
AcDbEntity
  8
stiffener
100
AcDbLine
 10
13141.15164
 20
-8716.300000000001
 30
0.0
 11
13141.15164
 21
-8616.300000000001
 31
0.0
  0
LINE
  5
20D
330
17
100
AcDbEntity
  8
stiffener
100
AcDbLine
 10
8941.917640000001
 20
-6291.8
 30
0.0
 11
8941.917640000001
 21
-6191.8
 31
0.0
  0
LINE
  5
20E
330
17
100
AcDbEntity
  8
stiffener
100
AcDbLine
 10
-3009.32402
 20
158.48500000000013
 30
0.0
 11
1190.7759800000006
 21
-2266.5150000000003
 31
0.0
  0
LINE
  5
20F
330
17
100
AcDbEntity
  8
stiffener
100
AcDbLine
 10
1190.7759800000006
 20
-2266.5150000000003
 30
0.0
 11
1147.4759800000006
 21
-2291.5150000000003
 31
0.0
  0
LINE
  5
210
330
17
100
AcDbEntity
  8
stiffener
100
AcDbLine
 10
1147.4759800000006
 20
-2291.5150000000003
 30
0.0
 11
-3052.6240199999997
 21
133.48500000000013
 31
0.0
  0
LINE
  5
211
330
17
100
AcDbEntity
  8
stiffener
100
AcDbLine
 10
-3052.6240199999997
 20
133.48500000000013
 30
0.0
 11
-3009.32402
 21
158.48500000000013
 31
0.0
  0
LINE
  5
212
330
17
100
AcDbEntity
  8
stiffener
100
AcDbLine
 10
-3009.32402
 20
258.4850000000001
 30
0.0
 11
1190.7759800000006
 21
-2166.5150000000003
 31
0.0
  0
LINE
  5
213
330
17
100
AcDbEntity
  8
stiffener
100
AcDbLine
 10
1190.7759800000006
 20
-2166.5150000000003
 30
0.0
 11
1147.4759800000006
 21
-2191.5150000000003
 31
0.0
  0
LINE
  5
214
330
17
100
AcDbEntity
  8
stiffener
100
AcDbLine
 10
1147.4759800000006
 20
-2191.5150000000003
 30
0.0
 11
-3052.6240199999997
 21
233.48500000000013
 31
0.0
  0
LINE
  5
215
330
17
100
AcDbEntity
  8
stiffener
100
AcDbLine
 10
-3052.6240199999997
 20
233.48500000000013
 30
0.0
 11
-3009.32402
 21
258.4850000000001
 31
0.0
  0
LINE
  5
216
330
17
100
AcDbEntity
  8
stiffener
100
AcDbLine
 10
-3009.32402
 20
158.48500000000013
 30
0.0
 11
-3009.32402
 21
258.4850000000001
 31
0.0
  0
LINE
  5
217
330
17
100
AcDbEntity
  8
stiffener
100
AcDbLine
 10
1190.7759800000006
 20
-2266.5150000000003
 30
0.0
 11
1190.7759800000006
 21
-2166.5150000000003
 31
0.0
  0
LINE
  5
218
330
17
100
AcDbEntity
  8
stiffener
100
AcDbLine
 10
1147.4759800000006
 20
-2291.5150000000003
 30
0.0
 11
1147.4759800000006
 21
-2191.5150000000003
 31
0.0
  0
LINE
  5
219
330
17
100
AcDbEntity
  8
stiffener
100
AcDbLine
 10
-3052.6240199999997
 20
133.48500000000013
 30
0.0
 11
-3052.6240199999997
 21
233.48500000000013
 31
0.0
  0
LINE
  5
21A
330
17
100
AcDbEntity
  8
stiffener
100
AcDbLine
 10
2923.2522799999997
 20
-3266.79
 30
0.0
 11
7598.78628
 21
-5966.29
 31
0.0
  0
LINE
  5
21B
330
17
100
AcDbEntity
  8
stiffener
100
AcDbLine
 10
7598.78628
 20
-5966.29
 30
0.0
 11
7555.48628
 21
-5991.29
 31
0.0
  0
LINE
  5
21C
330
17
100
AcDbEntity
  8
stiffener
100
AcDbLine
 10
7555.48628
 20
-5991.29
 30
0.0
 11
2879.95228
 21
-3291.79
 31
0.0
  0
LINE
  5
21D
330
17
100
AcDbEntity
  8
stiffener
100
AcDbLine
 10
2879.95228
 20
-3291.79
 30
0.0
 11
2923.2522799999997
 21
-3266.79
 31
0.0
  0
LINE
  5
21E
330
17
100
AcDbEntity
  8
stiffener
100
AcDbLine
 10
2923.2522799999997
 20
-3166.79
 30
0.0
 11
7598.78628
 21
-5866.29
 31
0.0
  0
LINE
  5
21F
330
17
100
AcDbEntity
  8
stiffener
100
AcDbLine
 10
7598.78628
 20
-5866.29
 30
0.0
 11
7555.48628
 21
-5891.29
 31
0.0
  0
LINE
  5
220
330
17
100
AcDbEntity
  8
stiffener
100
AcDbLine
 10
7555.48628
 20
-5891.29
 30
0.0
 11
2879.95228
 21
-3191.79
 31
0.0
  0
LINE
  5
221
330
17
100
AcDbEntity
  8
stiffener
100
AcDbLine
 10
2879.95228
 20
-3191.79
 30
0.0
 11
2923.2522799999997
 21
-3166.79
 31
0.0
  0
LINE
  5
222
330
17
100
AcDbEntity
  8
stiffener
100
AcDbLine
 10
2923.2522799999997
 20
-3266.79
 30
0.0
 11
2923.2522799999997
 21
-3166.79
 31
0.0
  0
LINE
  5
223
330
17
100
AcDbEntity
  8
stiffener
100
AcDbLine
 10
7598.78628
 20
-5966.29
 30
0.0
 11
7598.78628
 21
-5866.29
 31
0.0
  0
LINE
  5
224
330
17
100
AcDbEntity
  8
stiffener
100
AcDbLine
 10
7555.48628
 20
-5991.29
 30
0.0
 11
7555.48628
 21
-5891.29
 31
0.0
  0
LINE
  5
225
330
17
100
AcDbEntity
  8
stiffener
100
AcDbLine
 10
2879.95228
 20
-3291.79
 30
0.0
 11
2879.95228
 21
-3191.79
 31
0.0
  0
LINE
  5
226
330
17
100
AcDbEntity
  8
stiffener
100
AcDbLine
 10
8119.226300000001
 20
-6266.775000000001
 30
0.0
 11
12318.4603
 21
-8691.275
 31
0.0
  0
LINE
  5
227
330
17
100
AcDbEntity
  8
stiffener
100
AcDbLine
 10
12318.4603
 20
-8691.275
 30
0.0
 11
12275.160300000001
 21
-8716.275
 31
0.0
  0
LINE
  5
228
330
17
100
AcDbEntity
  8
stiffener
100
AcDbLine
 10
12275.160300000001
 20
-8716.275
 30
0.0
 11
8075.926300000001
 21
-6291.775000000001
 31
0.0
  0
LINE
  5
229
330
17
100
AcDbEntity
  8
stiffener
100
AcDbLine
 10
8075.926300000001
 20
-6291.775000000001
 30
0.0
 11
8119.226300000001
 21
-6266.775000000001
 31
0.0
  0
LINE
  5
22A
330
17
100
AcDbEntity
  8
stiffener
100
AcDbLine
 10
8119.226300000001
 20
-6166.775000000001
 30
0.0
 11
12318.4603
 21
-8591.275
 31
0.0
  0
LINE
  5
22B
330
17
100
AcDbEntity
  8
stiffener
100
AcDbLine
 10
12318.4603
 20
-8591.275
 30
0.0
 11
12275.160300000001
 21
-8616.275
 31
0.0
  0
LINE
  5
22C
330
17
100
AcDbEntity
  8
stiffener
100
AcDbLine
 10
12275.160300000001
 20
-8616.275
 30
0.0
 11
8075.926300000001
 21
-6191.775000000001
 31
0.0
  0
LINE
  5
22D
330
17
100
AcDbEntity
  8
stiffener
100
AcDbLine
 10
8075.926300000001
 20
-6191.775000000001
 30
0.0
 11
8119.226300000001
 21
-6166.775000000001
 31
0.0
  0
LINE
  5
22E
330
17
100
AcDbEntity
  8
stiffener
100
AcDbLine
 10
8119.226300000001
 20
-6266.775000000001
 30
0.0
 11
8119.226300000001
 21
-6166.775000000001
 31
0.0
  0
LINE
  5
22F
330
17
100
AcDbEntity
  8
stiffener
100
AcDbLine
 10
12318.4603
 20
-8691.275
 30
0.0
 11
12318.4603
 21
-8591.275
 31
0.0
  0
LINE
  5
230
330
17
100
AcDbEntity
  8
stiffener
100
AcDbLine
 10
12275.160300000001
 20
-8716.275
 30
0.0
 11
12275.160300000001
 21
-8616.275
 31
0.0
  0
LINE
  5
231
330
17
100
AcDbEntity
  8
stiffener
100
AcDbLine
 10
8075.926300000001
 20
-6291.775000000001
 30
0.0
 11
8075.926300000001
 21
-6191.775000000001
 31
0.0
  0
LINE
  5
232
330
17
100
AcDbEntity
  8
stiffener
100
AcDbLine
 10
-3875.34134
 20
158.47499999999945
 30
0.0
 11
324.7586600000002
 21
-2266.5250000000005
 31
0.0
  0
LINE
  5
233
330
17
100
AcDbEntity
  8
stiffener
100
AcDbLine
 10
324.7586600000002
 20
-2266.5250000000005
 30
0.0
 11
281.4586600000002
 21
-2291.5250000000005
 31
0.0
  0
LINE
  5
234
330
17
100
AcDbEntity
  8
stiffener
100
AcDbLine
 10
281.4586600000002
 20
-2291.5250000000005
 30
0.0
 11
-3918.6413399999997
 21
133.47499999999945
 31
0.0
  0
LINE
  5
235
330
17
100
AcDbEntity
  8
stiffener
100
AcDbLine
 10
-3918.6413399999997
 20
133.47499999999945
 30
0.0
 11
-3875.34134
 21
158.47499999999945
 31
0.0
  0
LINE
  5
236
330
17
100
AcDbEntity
  8
stiffener
100
AcDbLine
 10
-3875.34134
 20
258.47499999999945
 30
0.0
 11
324.7586600000002
 21
-2166.5250000000005
 31
0.0
  0
LINE
  5
237
330
17
100
AcDbEntity
  8
stiffener
100
AcDbLine
 10
324.7586600000002
 20
-2166.5250000000005
 30
0.0
 11
281.4586600000002
 21
-2191.5250000000005
 31
0.0
  0
LINE
  5
238
330
17
100
AcDbEntity
  8
stiffener
100
AcDbLine
 10
281.4586600000002
 20
-2191.5250000000005
 30
0.0
 11
-3918.6413399999997
 21
233.47499999999945
 31
0.0
  0
LINE
  5
239
330
17
100
AcDbEntity
  8
stiffener
100
AcDbLine
 10
-3918.6413399999997
 20
233.47499999999945
 30
0.0
 11
-3875.34134
 21
258.47499999999945
 31
0.0
  0
LINE
  5
23A
330
17
100
AcDbEntity
  8
stiffener
100
AcDbLine
 10
-3875.34134
 20
158.47499999999945
 30
0.0
 11
-3875.34134
 21
258.47499999999945
 31
0.0
  0
LINE
  5
23B
330
17
100
AcDbEntity
  8
stiffener
100
AcDbLine
 10
324.7586600000002
 20
-2266.5250000000005
 30
0.0
 11
324.7586600000002
 21
-2166.5250000000005
 31
0.0
  0
LINE
  5
23C
330
17
100
AcDbEntity
  8
stiffener
100
AcDbLine
 10
281.4586600000002
 20
-2291.5250000000005
 30
0.0
 11
281.4586600000002
 21
-2191.5250000000005
 31
0.0
  0
LINE
  5
23D
330
17
100
AcDbEntity
  8
stiffener
100
AcDbLine
 10
-3918.6413399999997
 20
133.47499999999945
 30
0.0
 11
-3918.6413399999997
 21
233.47499999999945
 31
0.0
  0
LINE
  5
23E
330
17
100
AcDbEntity
  8
stiffener
100
AcDbLine
 10
2057.2349599999993
 20
-3266.8
 30
0.0
 11
6732.768959999999
 21
-5966.300000000001
 31
0.0
  0
LINE
  5
23F
330
17
100
AcDbEntity
  8
stiffener
100
AcDbLine
 10
6732.768959999999
 20
-5966.300000000001
 30
0.0
 11
6689.468959999999
 21
-5991.300000000001
 31
0.0
  0
LINE
  5
240
330
17
100
AcDbEntity
  8
stiffener
100
AcDbLine
 10
6689.468959999999
 20
-5991.300000000001
 30
0.0
 11
2013.9349599999996
 21
-3291.8
 31
0.0
  0
LINE
  5
241
330
17
100
AcDbEntity
  8
stiffener
100
AcDbLine
 10
2013.9349599999996
 20
-3291.8
 30
0.0
 11
2057.2349599999993
 21
-3266.8
 31
0.0
  0
LINE
  5
242
330
17
100
AcDbEntity
  8
stiffener
100
AcDbLine
 10
2057.2349599999993
 20
-3166.8
 30
0.0
 11
6732.768959999999
 21
-5866.300000000001
 31
0.0
  0
LINE
  5
243
330
17
100
AcDbEntity
  8
stiffener
100
AcDbLine
 10
6732.768959999999
 20
-5866.300000000001
 30
0.0
 11
6689.468959999999
 21
-5891.300000000001
 31
0.0
  0
LINE
  5
244
330
17
100
AcDbEntity
  8
stiffener
100
AcDbLine
 10
6689.468959999999
 20
-5891.300000000001
 30
0.0
 11
2013.9349599999996
 21
-3191.8
 31
0.0
  0
LINE
  5
245
330
17
100
AcDbEntity
  8
stiffener
100
AcDbLine
 10
2013.9349599999996
 20
-3191.8
 30
0.0
 11
2057.2349599999993
 21
-3166.8
 31
0.0
  0
LINE
  5
246
330
17
100
AcDbEntity
  8
stiffener
100
AcDbLine
 10
2057.2349599999993
 20
-3266.8
 30
0.0
 11
2057.2349599999993
 21
-3166.8
 31
0.0
  0
LINE
  5
247
330
17
100
AcDbEntity
  8
stiffener
100
AcDbLine
 10
6732.768959999999
 20
-5966.300000000001
 30
0.0
 11
6732.768959999999
 21
-5866.300000000001
 31
0.0
  0
LINE
  5
248
330
17
100
AcDbEntity
  8
stiffener
100
AcDbLine
 10
6689.468959999999
 20
-5991.300000000001
 30
0.0
 11
6689.468959999999
 21
-5891.300000000001
 31
0.0
  0
LINE
  5
249
330
17
100
AcDbEntity
  8
stiffener
100
AcDbLine
 10
2013.9349599999996
 20
-3291.8
 30
0.0
 11
2013.9349599999996
 21
-3191.8
 31
0.0
  0
LINE
  5
24A
330
17
100
AcDbEntity
  8
stiffener
100
AcDbLine
 10
7253.20898
 20
-6266.785000000002
 30
0.0
 11
11452.44298
 21
-8691.285000000002
 31
0.0
  0
LINE
  5
24B
330
17
100
AcDbEntity
  8
stiffener
100
AcDbLine
 10
11452.44298
 20
-8691.285000000002
 30
0.0
 11
11409.14298
 21
-8716.285000000002
 31
0.0
  0
LINE
  5
24C
330
17
100
AcDbEntity
  8
stiffener
100
AcDbLine
 10
11409.14298
 20
-8716.285000000002
 30
0.0
 11
7209.90898
 21
-6291.785000000002
 31
0.0
  0
LINE
  5
24D
330
17
100
AcDbEntity
  8
stiffener
100
AcDbLine
 10
7209.90898
 20
-6291.785000000002
 30
0.0
 11
7253.20898
 21
-6266.785000000002
 31
0.0
  0
LINE
  5
24E
330
17
100
AcDbEntity
  8
stiffener
100
AcDbLine
 10
7253.20898
 20
-6166.785000000002
 30
0.0
 11
11452.44298
 21
-8591.285000000002
 31
0.0
  0
LINE
  5
24F
330
17
100
AcDbEntity
  8
stiffener
100
AcDbLine
 10
11452.44298
 20
-8591.285000000002
 30
0.0
 11
11409.14298
 21
-8616.285000000002
 31
0.0
  0
LINE
  5
250
330
17
100
AcDbEntity
  8
stiffener
100
AcDbLine
 10
11409.14298
 20
-8616.285000000002
 30
0.0
 11
7209.90898
 21
-6191.785000000002
 31
0.0
  0
LINE
  5
251
330
17
100
AcDbEntity
  8
stiffener
100
AcDbLine
 10
7209.90898
 20
-6191.785000000002
 30
0.0
 11
7253.20898
 21
-6166.785000000002
 31
0.0
  0
LINE
  5
252
330
17
100
AcDbEntity
  8
stiffener
100
AcDbLine
 10
7253.20898
 20
-6266.785000000002
 30
0.0
 11
7253.20898
 21
-6166.785000000002
 31
0.0
  0
LINE
  5
253
330
17
100
AcDbEntity
  8
stiffener
100
AcDbLine
 10
11452.44298
 20
-8691.285000000002
 30
0.0
 11
11452.44298
 21
-8591.285000000002
 31
0.0
  0
LINE
  5
254
330
17
100
AcDbEntity
  8
stiffener
100
AcDbLine
 10
11409.14298
 20
-8716.285000000002
 30
0.0
 11
11409.14298
 21
-8616.285000000002
 31
0.0
  0
LINE
  5
255
330
17
100
AcDbEntity
  8
stiffener
100
AcDbLine
 10
7209.90898
 20
-6291.785000000002
 30
0.0
 11
7209.90898
 21
-6191.785000000002
 31
0.0
  0
LINE
  5
256
330
17
100
AcDbEntity
  8
bracing
100
AcDbLine
 10
-4296.962100000001
 20
-2322.875
 30
0.0
 11
-2890.13644
 21
-1115.9699999999998
 31
0.0
  0
LINE
  5
257
330
17
100
AcDbEntity
  8
bracing
100
AcDbLine
 10
-2890.13644
 20
-1115.9699999999998
 30
0.0
 11
-2821.15954
 21
-1212.8349999999996
 31
0.0
  0
LINE
  5
258
330
17
100
AcDbEntity
  8
bracing
100
AcDbLine
 10
-2821.15954
 20
-1212.8349999999996
 30
0.0
 11
-4227.9852
 21
-2420.69
 31
0.0
  0
LINE
  5
259
330
17
100
AcDbEntity
  8
bracing
100
AcDbLine
 10
-4227.9852
 20
-2420.69
 30
0.0
 11
-4296.962100000001
 21
-2322.875
 31
0.0
  0
LINE
  5
25A
330
17
100
AcDbEntity
  8
bracing
100
AcDbLine
 10
-4253.6621000000005
 20
-2297.875
 30
0.0
 11
-2846.83644
 21
-1090.9699999999998
 31
0.0
  0
LINE
  5
25B
330
17
100
AcDbEntity
  8
bracing
100
AcDbLine
 10
-2846.83644
 20
-1090.9699999999998
 30
0.0
 11
-2777.85954
 21
-1187.8349999999996
 31
0.0
  0
LINE
  5
25C
330
17
100
AcDbEntity
  8
bracing
100
AcDbLine
 10
-2777.85954
 20
-1187.8349999999996
 30
0.0
 11
-4184.6852
 21
-2395.69
 31
0.0
  0
LINE
  5
25D
330
17
100
AcDbEntity
  8
bracing
100
AcDbLine
 10
-4184.6852
 20
-2395.69
 30
0.0
 11
-4253.6621000000005
 21
-2297.875
 31
0.0
  0
LINE
  5
25E
330
17
100
AcDbEntity
  8
bracing
100
AcDbLine
 10
-4296.962100000001
 20
-2322.875
 30
0.0
 11
-4253.6621000000005
 21
-2297.875
 31
0.0
  0
LINE
  5
25F
330
17
100
AcDbEntity
  8
bracing
100
AcDbLine
 10
-2890.13644
 20
-1115.9699999999998
 30
0.0
 11
-2846.83644
 21
-1090.9699999999998
 31
0.0
  0
LINE
  5
260
330
17
100
AcDbEntity
  8
bracing
100
AcDbLine
 10
-2821.15954
 20
-1212.8349999999996
 30
0.0
 11
-2777.85954
 21
-1187.8349999999996
 31
0.0
  0
LINE
  5
261
330
17
100
AcDbEntity
  8
bracing
100
AcDbLine
 10
-4227.9852
 20
-2420.69
 30
0.0
 11
-4184.6852
 21
-2395.69
 31
0.0
  0
LINE
  5
262
330
17
100
AcDbEntity
  8
bracing
100
AcDbLine
 10
-4306.020460000001
 20
-365.52499999999964
 30
0.0
 11
-2899.1948
 21
-3197.89
 31
0.0
  0
LINE
  5
263
330
17
100
AcDbEntity
  8
bracing
100
AcDbLine
 10
-2899.1948
 20
-3197.89
 30
0.0
 11
-2830.20924
 21
-3179.73
 31
0.0
  0
LINE
  5
264
330
17
100
AcDbEntity
  8
bracing
100
AcDbLine
 10
-2830.20924
 20
-3179.73
 30
0.0
 11
-4237.0349
 21
-348.31500000000005
 31
0.0
  0
LINE
  5
265
330
17
100
AcDbEntity
  8
bracing
100
AcDbLine
 10
-4237.0349
 20
-348.31500000000005
 30
0.0
 11
-4306.020460000001
 21
-365.52499999999964
 31
0.0
  0
LINE
  5
266
330
17
100
AcDbEntity
  8
bracing
100
AcDbLine
 10
-4349.32046
 20
-390.52499999999964
 30
0.0
 11
-2942.4948
 21
-3222.89
 31
0.0
  0
LINE
  5
267
330
17
100
AcDbEntity
  8
bracing
100
AcDbLine
 10
-2942.4948
 20
-3222.89
 30
0.0
 11
-2873.5092400000003
 21
-3204.73
 31
0.0
  0
LINE
  5
268
330
17
100
AcDbEntity
  8
bracing
100
AcDbLine
 10
-2873.5092400000003
 20
-3204.73
 30
0.0
 11
-4280.3349
 21
-373.31500000000005
 31
0.0
  0
LINE
  5
269
330
17
100
AcDbEntity
  8
bracing
100
AcDbLine
 10
-4280.3349
 20
-373.31500000000005
 30
0.0
 11
-4349.32046
 21
-390.52499999999964
 31
0.0
  0
LINE
  5
26A
330
17
100
AcDbEntity
  8
bracing
100
AcDbLine
 10
-4306.020460000001
 20
-365.52499999999964
 30
0.0
 11
-4349.32046
 21
-390.52499999999964
 31
0.0
  0
LINE
  5
26B
330
17
100
AcDbEntity
  8
bracing
100
AcDbLine
 10
-2899.1948
 20
-3197.89
 30
0.0
 11
-2942.4948
 21
-3222.89
 31
0.0
  0
LINE
  5
26C
330
17
100
AcDbEntity
  8
bracing
100
AcDbLine
 10
-2830.20924
 20
-3179.73
 30
0.0
 11
-2873.5092400000003
 21
-3204.73
 31
0.0
  0
LINE
  5
26D
330
17
100
AcDbEntity
  8
bracing
100
AcDbLine
 10
-4237.0349
 20
-348.31500000000005
 30
0.0
 11
-4280.3349
 21
-373.31500000000005
 31
0.0
  0
LINE
  5
26E
330
17
100
AcDbEntity
  8
bracing
100
AcDbLine
 10
-1231.3220999999999
 20
-4092.875
 30
0.0
 11
175.51222000000007
 21
-2885.975
 31
0.0
  0
LINE
  5
26F
330
17
100
AcDbEntity
  8
bracing
100
AcDbLine
 10
175.51222000000007
 20
-2885.975
 30
0.0
 11
244.48911999999976
 21
-2982.8399999999997
 31
0.0
  0
LINE
  5
270
330
17
100
AcDbEntity
  8
bracing
100
AcDbLine
 10
244.48911999999976
 20
-2982.8399999999997
 30
0.0
 11
-1162.33654
 21
-4190.695
 31
0.0
  0
LINE
  5
271
330
17
100
AcDbEntity
  8
bracing
100
AcDbLine
 10
-1162.33654
 20
-4190.695
 30
0.0
 11
-1231.3220999999999
 21
-4092.875
 31
0.0
  0
LINE
  5
272
330
17
100
AcDbEntity
  8
bracing
100
AcDbLine
 10
-1188.0221
 20
-4067.875
 30
0.0
 11
218.81222000000005
 21
-2860.975
 31
0.0
  0
LINE
  5
273
330
17
100
AcDbEntity
  8
bracing
100
AcDbLine
 10
218.81222000000005
 20
-2860.975
 30
0.0
 11
287.78911999999974
 21
-2957.8399999999997
 31
0.0
  0
LINE
  5
274
330
17
100
AcDbEntity
  8
bracing
100
AcDbLine
 10
287.78911999999974
 20
-2957.8399999999997
 30
0.0
 11
-1119.03654
 21
-4165.695
 31
0.0
  0
LINE
  5
275
330
17
100
AcDbEntity
  8
bracing
100
AcDbLine
 10
-1119.03654
 20
-4165.695
 30
0.0
 11
-1188.0221
 21
-4067.875
 31
0.0
  0
LINE
  5
276
330
17
100
AcDbEntity
  8
bracing
100
AcDbLine
 10
-1231.3220999999999
 20
-4092.875
 30
0.0
 11
-1188.0221
 21
-4067.875
 31
0.0
  0
LINE
  5
277
330
17
100
AcDbEntity
  8
bracing
100
AcDbLine
 10
175.51222000000007
 20
-2885.975
 30
0.0
 11
218.81222000000005
 21
-2860.975
 31
0.0
  0
LINE
  5
278
330
17
100
AcDbEntity
  8
bracing
100
AcDbLine
 10
244.48911999999976
 20
-2982.8399999999997
 30
0.0
 11
287.78911999999974
 21
-2957.8399999999997
 31
0.0
  0
LINE
  5
279
330
17
100
AcDbEntity
  8
bracing
100
AcDbLine
 10
-1162.33654
 20
-4190.695
 30
0.0
 11
-1119.03654
 21
-4165.695
 31
0.0
  0
LINE
  5
27A
330
17
100
AcDbEntity
  8
bracing
100
AcDbLine
 10
-1240.3718000000001
 20
-2135.53
 30
0.0
 11
166.45386000000002
 21
-4967.8949999999995
 31
0.0
  0
LINE
  5
27B
330
17
100
AcDbEntity
  8
bracing
100
AcDbLine
 10
166.45386000000002
 20
-4967.8949999999995
 30
0.0
 11
235.4394199999999
 21
-4949.735
 31
0.0
  0
LINE
  5
27C
330
17
100
AcDbEntity
  8
bracing
100
AcDbLine
 10
235.4394199999999
 20
-4949.735
 30
0.0
 11
-1171.3949
 21
-2118.315
 31
0.0
  0
LINE
  5
27D
330
17
100
AcDbEntity
  8
bracing
100
AcDbLine
 10
-1171.3949
 20
-2118.315
 30
0.0
 11
-1240.3718000000001
 21
-2135.53
 31
0.0
  0
LINE
  5
27E
330
17
100
AcDbEntity
  8
bracing
100
AcDbLine
 10
-1283.6718
 20
-2160.53
 30
0.0
 11
123.15386000000004
 21
-4992.8949999999995
 31
0.0
  0
LINE
  5
27F
330
17
100
AcDbEntity
  8
bracing
100
AcDbLine
 10
123.15386000000004
 20
-4992.8949999999995
 30
0.0
 11
192.13941999999992
 21
-4974.735
 31
0.0
  0
LINE
  5
280
330
17
100
AcDbEntity
  8
bracing
100
AcDbLine
 10
192.13941999999992
 20
-4974.735
 30
0.0
 11
-1214.6949
 21
-2143.315
 31
0.0
  0
LINE
  5
281
330
17
100
AcDbEntity
  8
bracing
100
AcDbLine
 10
-1214.6949
 20
-2143.315
 30
0.0
 11
-1283.6718
 21
-2160.53
 31
0.0
  0
LINE
  5
282
330
17
100
AcDbEntity
  8
bracing
100
AcDbLine
 10
-1240.3718000000001
 20
-2135.53
 30
0.0
 11
-1283.6718
 21
-2160.53
 31
0.0
  0
LINE
  5
283
330
17
100
AcDbEntity
  8
bracing
100
AcDbLine
 10
166.45386000000002
 20
-4967.8949999999995
 30
0.0
 11
123.15386000000004
 21
-4992.8949999999995
 31
0.0
  0
LINE
  5
284
330
17
100
AcDbEntity
  8
bracing
100
AcDbLine
 10
235.4394199999999
 20
-4949.735
 30
0.0
 11
192.13941999999992
 21
-4974.735
 31
0.0
  0
LINE
  5
285
330
17
100
AcDbEntity
  8
bracing
100
AcDbLine
 10
-1171.3949
 20
-2118.315
 30
0.0
 11
-1214.6949
 21
-2143.315
 31
0.0
  0
LINE
  5
286
330
17
100
AcDbEntity
  8
bracing
100
AcDbLine
 10
3366.8867600000003
 20
-6748.110000000001
 30
0.0
 11
4773.721079999999
 21
-5541.209999999999
 31
0.0
  0
LINE
  5
287
330
17
100
AcDbEntity
  8
bracing
100
AcDbLine
 10
4773.721079999999
 20
-5541.209999999999
 30
0.0
 11
4842.697980000001
 21
-5638.0650000000005
 31
0.0
  0
LINE
  5
288
330
17
100
AcDbEntity
  8
bracing
100
AcDbLine
 10
4842.697980000001
 20
-5638.0650000000005
 30
0.0
 11
3435.8723200000004
 21
-6845.95
 31
0.0
  0
LINE
  5
289
330
17
100
AcDbEntity
  8
bracing
100
AcDbLine
 10
3435.8723200000004
 20
-6845.95
 30
0.0
 11
3366.8867600000003
 21
-6748.110000000001
 31
0.0
  0
LINE
  5
28A
330
17
100
AcDbEntity
  8
bracing
100
AcDbLine
 10
3410.1867600000005
 20
-6723.110000000001
 30
0.0
 11
4817.0210799999995
 21
-5516.209999999999
 31
0.0
  0
LINE
  5
28B
330
17
100
AcDbEntity
  8
bracing
100
AcDbLine
 10
4817.0210799999995
 20
-5516.209999999999
 30
0.0
 11
4885.99798
 21
-5613.0650000000005
 31
0.0
  0
LINE
  5
28C
330
17
100
AcDbEntity
  8
bracing
100
AcDbLine
 10
4885.99798
 20
-5613.0650000000005
 30
0.0
 11
3479.17232
 21
-6820.95
 31
0.0
  0
LINE
  5
28D
330
17
100
AcDbEntity
  8
bracing
100
AcDbLine
 10
3479.17232
 20
-6820.95
 30
0.0
 11
3410.1867600000005
 21
-6723.110000000001
 31
0.0
  0
LINE
  5
28E
330
17
100
AcDbEntity
  8
bracing
100
AcDbLine
 10
3366.8867600000003
 20
-6748.110000000001
 30
0.0
 11
3410.1867600000005
 21
-6723.110000000001
 31
0.0
  0
LINE
  5
28F
330
17
100
AcDbEntity
  8
bracing
100
AcDbLine
 10
4773.721079999999
 20
-5541.209999999999
 30
0.0
 11
4817.0210799999995
 21
-5516.209999999999
 31
0.0
  0
LINE
  5
290
330
17
100
AcDbEntity
  8
bracing
100
AcDbLine
 10
4842.697980000001
 20
-5638.0650000000005
 30
0.0
 11
4885.99798
 21
-5613.0650000000005
 31
0.0
  0
LINE
  5
291
330
17
100
AcDbEntity
  8
bracing
100
AcDbLine
 10
3435.8723200000004
 20
-6845.95
 30
0.0
 11
3479.17232
 21
-6820.95
 31
0.0
  0
LINE
  5
292
330
17
100
AcDbEntity
  8
bracing
100
AcDbLine
 10
3358.096859999999
 20
-4790.535
 30
0.0
 11
4764.922519999999
 21
-7622.9
 31
0.0
  0
LINE
  5
293
330
17
100
AcDbEntity
  8
bracing
100
AcDbLine
 10
4764.922519999999
 20
-7622.9
 30
0.0
 11
4833.908079999999
 21
-7604.74
 31
0.0
  0
LINE
  5
294
330
17
100
AcDbEntity
  8
bracing
100
AcDbLine
 10
4833.908079999999
 20
-7604.74
 30
0.0
 11
3427.0824200000006
 21
-4773.325000000001
 31
0.0
  0
LINE
  5
295
330
17
100
AcDbEntity
  8
bracing
100
AcDbLine
 10
3427.0824200000006
 20
-4773.325000000001
 30
0.0
 11
3358.096859999999
 21
-4790.535
 31
0.0
  0
LINE
  5
296
330
17
100
AcDbEntity
  8
bracing
100
AcDbLine
 10
3314.796859999999
 20
-4815.535
 30
0.0
 11
4721.622519999999
 21
-7647.9
 31
0.0
  0
LINE
  5
297
330
17
100
AcDbEntity
  8
bracing
100
AcDbLine
 10
4721.622519999999
 20
-7647.9
 30
0.0
 11
4790.608079999999
 21
-7629.74
 31
0.0
  0
LINE
  5
298
330
17
100
AcDbEntity
  8
bracing
100
AcDbLine
 10
4790.608079999999
 20
-7629.74
 30
0.0
 11
3383.7824200000005
 21
-4798.325000000001
 31
0.0
  0
LINE
  5
299
330
17
100
AcDbEntity
  8
bracing
100
AcDbLine
 10
3383.7824200000005
 20
-4798.325000000001
 30
0.0
 11
3314.796859999999
 21
-4815.535
 31
0.0
  0
LINE
  5
29A
330
17
100
AcDbEntity
  8
bracing
100
AcDbLine
 10
3358.096859999999
 20
-4790.535
 30
0.0
 11
3314.796859999999
 21
-4815.535
 31
0.0
  0
LINE
  5
29B
330
17
100
AcDbEntity
  8
bracing
100
AcDbLine
 10
4764.922519999999
 20
-7622.9
 30
0.0
 11
4721.622519999999
 21
-7647.9
 31
0.0
  0
LINE
  5
29C
330
17
100
AcDbEntity
  8
bracing
100
AcDbLine
 10
4833.908079999999
 20
-7604.74
 30
0.0
 11
4790.608079999999
 21
-7629.74
 31
0.0
  0
LINE
  5
29D
330
17
100
AcDbEntity
  8
bracing
100
AcDbLine
 10
3427.0824200000006
 20
-4773.325000000001
 30
0.0
 11
3383.7824200000005
 21
-4798.325000000001
 31
0.0
  0
LINE
  5
29E
330
17
100
AcDbEntity
  8
bracing
100
AcDbLine
 10
9610.469640000001
 20
-10360.960000000001
 30
0.0
 11
11017.2953
 21
-9153.075
 31
0.0
  0
LINE
  5
29F
330
17
100
AcDbEntity
  8
bracing
100
AcDbLine
 10
11017.2953
 20
-9153.075
 30
0.0
 11
10948.309739999999
 21
-9056.215
 31
0.0
  0
LINE
  5
2A0
330
17
100
AcDbEntity
  8
bracing
100
AcDbLine
 10
10948.309739999999
 20
-9056.215
 30
0.0
 11
9541.484079999998
 21
-10263.119999999999
 31
0.0
  0
LINE
  5
2A1
330
17
100
AcDbEntity
  8
bracing
100
AcDbLine
 10
9541.484079999998
 20
-10263.119999999999
 30
0.0
 11
9610.469640000001
 21
-10360.960000000001
 31
0.0
  0
LINE
  5
2A2
330
17
100
AcDbEntity
  8
bracing
100
AcDbLine
 10
9567.16964
 20
-10385.960000000001
 30
0.0
 11
10973.995299999999
 21
-9178.075
 31
0.0
  0
LINE
  5
2A3
330
17
100
AcDbEntity
  8
bracing
100
AcDbLine
 10
10973.995299999999
 20
-9178.075
 30
0.0
 11
10905.00974
 21
-9081.215
 31
0.0
  0
LINE
  5
2A4
330
17
100
AcDbEntity
  8
bracing
100
AcDbLine
 10
10905.00974
 20
-9081.215
 30
0.0
 11
9498.184079999999
 21
-10288.119999999999
 31
0.0
  0
LINE
  5
2A5
330
17
100
AcDbEntity
  8
bracing
100
AcDbLine
 10
9498.184079999999
 20
-10288.119999999999
 30
0.0
 11
9567.16964
 21
-10385.960000000001
 31
0.0
  0
LINE
  5
2A6
330
17
100
AcDbEntity
  8
bracing
100
AcDbLine
 10
9610.469640000001
 20
-10360.960000000001
 30
0.0
 11
9567.16964
 21
-10385.960000000001
 31
0.0
  0
LINE
  5
2A7
330
17
100
AcDbEntity
  8
bracing
100
AcDbLine
 10
11017.2953
 20
-9153.075
 30
0.0
 11
10973.995299999999
 21
-9178.075
 31
0.0
  0
LINE
  5
2A8
330
17
100
AcDbEntity
  8
bracing
100
AcDbLine
 10
10948.309739999999
 20
-9056.215
 30
0.0
 11
10905.00974
 21
-9081.215
 31
0.0
  0
LINE
  5
2A9
330
17
100
AcDbEntity
  8
bracing
100
AcDbLine
 10
9541.484079999998
 20
-10263.119999999999
 30
0.0
 11
9498.184079999999
 21
-10288.119999999999
 31
0.0
  0
LINE
  5
2AA
330
17
100
AcDbEntity
  8
bracing
100
AcDbLine
 10
9489.39418
 20
-8330.545
 30
0.0
 11
10896.219840000002
 21
-11162.910000000002
 31
0.0
  0
LINE
  5
2AB
330
17
100
AcDbEntity
  8
bracing
100
AcDbLine
 10
10896.219840000002
 20
-11162.910000000002
 30
0.0
 11
10965.19674
 21
-11144.744999999999
 31
0.0
  0
LINE
  5
2AC
330
17
100
AcDbEntity
  8
bracing
100
AcDbLine
 10
10965.19674
 20
-11144.744999999999
 30
0.0
 11
9558.371079999999
 21
-8313.329999999998
 31
0.0
  0
LINE
  5
2AD
330
17
100
AcDbEntity
  8
bracing
100
AcDbLine
 10
9558.371079999999
 20
-8313.329999999998
 30
0.0
 11
9489.39418
 21
-8330.545
 31
0.0
  0
LINE
  5
2AE
330
17
100
AcDbEntity
  8
bracing
100
AcDbLine
 10
9446.09418
 20
-8355.545
 30
0.0
 11
10852.91984
 21
-11187.910000000002
 31
0.0
  0
LINE
  5
2AF
330
17
100
AcDbEntity
  8
bracing
100
AcDbLine
 10
10852.91984
 20
-11187.910000000002
 30
0.0
 11
10921.89674
 21
-11169.744999999999
 31
0.0
  0
LINE
  5
2B0
330
17
100
AcDbEntity
  8
bracing
100
AcDbLine
 10
10921.89674
 20
-11169.744999999999
 30
0.0
 11
9515.07108
 21
-8338.329999999998
 31
0.0
  0
LINE
  5
2B1
330
17
100
AcDbEntity
  8
bracing
100
AcDbLine
 10
9515.07108
 20
-8338.329999999998
 30
0.0
 11
9446.09418
 21
-8355.545
 31
0.0
  0
LINE
  5
2B2
330
17
100
AcDbEntity
  8
bracing
100
AcDbLine
 10
9489.39418
 20
-8330.545
 30
0.0
 11
9446.09418
 21
-8355.545
 31
0.0
  0
LINE
  5
2B3
330
17
100
AcDbEntity
  8
bracing
100
AcDbLine
 10
10896.219840000002
 20
-11162.910000000002
 30
0.0
 11
10852.91984
 21
-11187.910000000002
 31
0.0
  0
LINE
  5
2B4
330
17
100
AcDbEntity
  8
bracing
100
AcDbLine
 10
10965.19674
 20
-11144.744999999999
 30
0.0
 11
10921.89674
 21
-11169.744999999999
 31
0.0
  0
LINE
  5
2B5
330
17
100
AcDbEntity
  8
bracing
100
AcDbLine
 10
9558.371079999999
 20
-8313.329999999998
 30
0.0
 11
9515.07108
 21
-8338.329999999998
 31
0.0
  0
LINE
  5
2B6
330
17
100
AcDbEntity
  8
balok
100
AcDbLine
 10
3406.03862
 20
-3045.545
 30
0.0
 11
7981.98262
 21
-5687.545
 31
0.0
  0
LINE
  5
2B7
330
17
100
AcDbEntity
  8
balok
100
AcDbLine
 10
7981.98262
 20
-5687.545
 30
0.0
 11
7938.68262
 21
-5712.545
 31
0.0
  0
LINE
  5
2B8
330
17
100
AcDbEntity
  8
balok
100
AcDbLine
 10
7938.68262
 20
-5712.545
 30
0.0
 11
3362.7386199999996
 21
-3070.545
 31
0.0
  0
LINE
  5
2B9
330
17
100
AcDbEntity
  8
balok
100
AcDbLine
 10
3362.7386199999996
 20
-3070.545
 30
0.0
 11
3406.03862
 21
-3045.545
 31
0.0
  0
LINE
  5
2BA
330
17
100
AcDbEntity
  8
balok
100
AcDbLine
 10
3406.03862
 20
-2945.545
 30
0.0
 11
7981.98262
 21
-5587.545
 31
0.0
  0
LINE
  5
2BB
330
17
100
AcDbEntity
  8
balok
100
AcDbLine
 10
7981.98262
 20
-5587.545
 30
0.0
 11
7938.68262
 21
-5612.545
 31
0.0
  0
LINE
  5
2BC
330
17
100
AcDbEntity
  8
balok
100
AcDbLine
 10
7938.68262
 20
-5612.545
 30
0.0
 11
3362.7386199999996
 21
-2970.545
 31
0.0
  0
LINE
  5
2BD
330
17
100
AcDbEntity
  8
balok
100
AcDbLine
 10
3362.7386199999996
 20
-2970.545
 30
0.0
 11
3406.03862
 21
-2945.545
 31
0.0
  0
LINE
  5
2BE
330
17
100
AcDbEntity
  8
balok
100
AcDbLine
 10
3406.03862
 20
-3045.545
 30
0.0
 11
3406.03862
 21
-2945.545
 31
0.0
  0
LINE
  5
2BF
330
17
100
AcDbEntity
  8
balok
100
AcDbLine
 10
7981.98262
 20
-5687.545
 30
0.0
 11
7981.98262
 21
-5587.545
 31
0.0
  0
LINE
  5
2C0
330
17
100
AcDbEntity
  8
balok
100
AcDbLine
 10
7938.68262
 20
-5712.545
 30
0.0
 11
7938.68262
 21
-5612.545
 31
0.0
  0
LINE
  5
2C1
330
17
100
AcDbEntity
  8
balok
100
AcDbLine
 10
3362.7386199999996
 20
-3070.545
 30
0.0
 11
3362.7386199999996
 21
-2970.545
 31
0.0
  0
LINE
  5
2C2
330
17
100
AcDbEntity
  8
balok
100
AcDbLine
 10
-2361.21828
 20
-438.29999999999995
 30
0.0
 11
-2317.91828
 21
-463.29999999999995
 31
0.0
  0
LINE
  5
2C3
330
17
100
AcDbEntity
  8
balok
100
AcDbLine
 10
-2317.91828
 20
-463.29999999999995
 30
0.0
 11
-2575.98628
 21
-612.3
 31
0.0
  0
LINE
  5
2C4
330
17
100
AcDbEntity
  8
balok
100
AcDbLine
 10
-2575.98628
 20
-612.3
 30
0.0
 11
-2619.28628
 21
-587.3
 31
0.0
  0
LINE
  5
2C5
330
17
100
AcDbEntity
  8
balok
100
AcDbLine
 10
-2619.28628
 20
-587.3
 30
0.0
 11
-2361.21828
 21
-438.29999999999995
 31
0.0
  0
LINE
  5
2C6
330
17
100
AcDbEntity
  8
balok
100
AcDbLine
 10
-2361.21828
 20
-338.29999999999995
 30
0.0
 11
-2317.91828
 21
-363.29999999999995
 31
0.0
  0
LINE
  5
2C7
330
17
100
AcDbEntity
  8
balok
100
AcDbLine
 10
-2317.91828
 20
-363.29999999999995
 30
0.0
 11
-2575.98628
 21
-512.3
 31
0.0
  0
LINE
  5
2C8
330
17
100
AcDbEntity
  8
balok
100
AcDbLine
 10
-2575.98628
 20
-512.3
 30
0.0
 11
-2619.28628
 21
-487.29999999999995
 31
0.0
  0
LINE
  5
2C9
330
17
100
AcDbEntity
  8
balok
100
AcDbLine
 10
-2619.28628
 20
-487.29999999999995
 30
0.0
 11
-2361.21828
 21
-338.29999999999995
 31
0.0
  0
LINE
  5
2CA
330
17
100
AcDbEntity
  8
balok
100
AcDbLine
 10
-2361.21828
 20
-438.29999999999995
 30
0.0
 11
-2361.21828
 21
-338.29999999999995
 31
0.0
  0
LINE
  5
2CB
330
17
100
AcDbEntity
  8
balok
100
AcDbLine
 10
-2317.91828
 20
-463.29999999999995
 30
0.0
 11
-2317.91828
 21
-363.29999999999995
 31
0.0
  0
LINE
  5
2CC
330
17
100
AcDbEntity
  8
balok
100
AcDbLine
 10
-2575.98628
 20
-612.3
 30
0.0
 11
-2575.98628
 21
-512.3
 31
0.0
  0
LINE
  5
2CD
330
17
100
AcDbEntity
  8
balok
100
AcDbLine
 10
-2619.28628
 20
-587.3
 30
0.0
 11
-2619.28628
 21
-487.29999999999995
 31
0.0
  0
LINE
  5
2CE
330
17
100
AcDbEntity
  8
balok
100
AcDbLine
 10
-2360.78528
 20
561.97
 30
0.0
 11
-2317.48528
 21
536.97
 31
0.0
  0
LINE
  5
2CF
330
17
100
AcDbEntity
  8
balok
100
AcDbLine
 10
-2317.48528
 20
536.97
 30
0.0
 11
-2547.84128
 21
403.97
 31
0.0
  0
LINE
  5
2D0
330
17
100
AcDbEntity
  8
balok
100
AcDbLine
 10
-2547.84128
 20
403.97
 30
0.0
 11
-2591.14128
 21
428.97
 31
0.0
  0
LINE
  5
2D1
330
17
100
AcDbEntity
  8
balok
100
AcDbLine
 10
-2591.14128
 20
428.97
 30
0.0
 11
-2360.78528
 21
561.97
 31
0.0
  0
LINE
  5
2D2
330
17
100
AcDbEntity
  8
balok
100
AcDbLine
 10
-2360.78528
 20
661.97
 30
0.0
 11
-2317.48528
 21
636.97
 31
0.0
  0
LINE
  5
2D3
330
17
100
AcDbEntity
  8
balok
100
AcDbLine
 10
-2317.48528
 20
636.97
 30
0.0
 11
-2547.84128
 21
503.97
 31
0.0
  0
LINE
  5
2D4
330
17
100
AcDbEntity
  8
balok
100
AcDbLine
 10
-2547.84128
 20
503.97
 30
0.0
 11
-2591.14128
 21
528.97
 31
0.0
  0
LINE
  5
2D5
330
17
100
AcDbEntity
  8
balok
100
AcDbLine
 10
-2591.14128
 20
528.97
 30
0.0
 11
-2360.78528
 21
661.97
 31
0.0
  0
LINE
  5
2D6
330
17
100
AcDbEntity
  8
balok
100
AcDbLine
 10
-2360.78528
 20
561.97
 30
0.0
 11
-2360.78528
 21
661.97
 31
0.0
  0
LINE
  5
2D7
330
17
100
AcDbEntity
  8
balok
100
AcDbLine
 10
-2317.48528
 20
536.97
 30
0.0
 11
-2317.48528
 21
636.97
 31
0.0
  0
LINE
  5
2D8
330
17
100
AcDbEntity
  8
balok
100
AcDbLine
 10
-2547.84128
 20
403.97
 30
0.0
 11
-2547.84128
 21
503.97
 31
0.0
  0
LINE
  5
2D9
330
17
100
AcDbEntity
  8
balok
100
AcDbLine
 10
-2591.14128
 20
428.97
 30
0.0
 11
-2591.14128
 21
528.97
 31
0.0
  0
LINE
  5
2DA
330
17
100
AcDbEntity
  8
balok
100
AcDbLine
 10
12966.99038
 20
-9288.304999999998
 30
0.0
 11
13010.290379999999
 21
-9313.304999999998
 31
0.0
  0
LINE
  5
2DB
330
17
100
AcDbEntity
  8
balok
100
AcDbLine
 10
13010.290379999999
 20
-9313.304999999998
 30
0.0
 11
12752.22238
 21
-9462.304999999998
 31
0.0
  0
LINE
  5
2DC
330
17
100
AcDbEntity
  8
balok
100
AcDbLine
 10
12752.22238
 20
-9462.304999999998
 30
0.0
 11
12708.922379999998
 21
-9437.304999999998
 31
0.0
  0
LINE
  5
2DD
330
17
100
AcDbEntity
  8
balok
100
AcDbLine
 10
12708.922379999998
 20
-9437.304999999998
 30
0.0
 11
12966.99038
 21
-9288.304999999998
 31
0.0
  0
LINE
  5
2DE
330
17
100
AcDbEntity
  8
balok
100
AcDbLine
 10
12966.99038
 20
-9188.304999999998
 30
0.0
 11
13010.290379999999
 21
-9213.304999999998
 31
0.0
  0
LINE
  5
2DF
330
17
100
AcDbEntity
  8
balok
100
AcDbLine
 10
13010.290379999999
 20
-9213.304999999998
 30
0.0
 11
12752.22238
 21
-9362.304999999998
 31
0.0
  0
LINE
  5
2E0
330
17
100
AcDbEntity
  8
balok
100
AcDbLine
 10
12752.22238
 20
-9362.304999999998
 30
0.0
 11
12708.922379999998
 21
-9337.304999999998
 31
0.0
  0
LINE
  5
2E1
330
17
100
AcDbEntity
  8
balok
100
AcDbLine
 10
12708.922379999998
 20
-9337.304999999998
 30
0.0
 11
12966.99038
 21
-9188.304999999998
 31
0.0
  0
LINE
  5
2E2
330
17
100
AcDbEntity
  8
balok
100
AcDbLine
 10
12966.99038
 20
-9288.304999999998
 30
0.0
 11
12966.99038
 21
-9188.304999999998
 31
0.0
  0
LINE
  5
2E3
330
17
100
AcDbEntity
  8
balok
100
AcDbLine
 10
13010.290379999999
 20
-9313.304999999998
 30
0.0
 11
13010.290379999999
 21
-9213.304999999998
 31
0.0
  0
LINE
  5
2E4
330
17
100
AcDbEntity
  8
balok
100
AcDbLine
 10
12752.22238
 20
-9462.304999999998
 30
0.0
 11
12752.22238
 21
-9362.304999999998
 31
0.0
  0
LINE
  5
2E5
330
17
100
AcDbEntity
  8
balok
100
AcDbLine
 10
12708.922379999998
 20
-9437.304999999998
 30
0.0
 11
12708.922379999998
 21
-9337.304999999998
 31
0.0
  0
LINE
  5
2E6
330
17
100
AcDbEntity
  8
balok
100
AcDbLine
 10
12967.423379999998
 20
-8288.034999999998
 30
0.0
 11
13010.72338
 21
-8313.034999999998
 31
0.0
  0
LINE
  5
2E7
330
17
100
AcDbEntity
  8
balok
100
AcDbLine
 10
13010.72338
 20
-8313.034999999998
 30
0.0
 11
12780.367379999998
 21
-8446.034999999998
 31
0.0
  0
LINE
  5
2E8
330
17
100
AcDbEntity
  8
balok
100
AcDbLine
 10
12780.367379999998
 20
-8446.034999999998
 30
0.0
 11
12737.067379999999
 21
-8421.034999999998
 31
0.0
  0
LINE
  5
2E9
330
17
100
AcDbEntity
  8
balok
100
AcDbLine
 10
12737.067379999999
 20
-8421.034999999998
 30
0.0
 11
12967.423379999998
 21
-8288.034999999998
 31
0.0
  0
LINE
  5
2EA
330
17
100
AcDbEntity
  8
balok
100
AcDbLine
 10
12967.423379999998
 20
-8188.034999999998
 30
0.0
 11
13010.72338
 21
-8213.034999999998
 31
0.0
  0
LINE
  5
2EB
330
17
100
AcDbEntity
  8
balok
100
AcDbLine
 10
13010.72338
 20
-8213.034999999998
 30
0.0
 11
12780.367379999998
 21
-8346.034999999998
 31
0.0
  0
LINE
  5
2EC
330
17
100
AcDbEntity
  8
balok
100
AcDbLine
 10
12780.367379999998
 20
-8346.034999999998
 30
0.0
 11
12737.067379999999
 21
-8321.034999999998
 31
0.0
  0
LINE
  5
2ED
330
17
100
AcDbEntity
  8
balok
100
AcDbLine
 10
12737.067379999999
 20
-8321.034999999998
 30
0.0
 11
12967.423379999998
 21
-8188.034999999998
 31
0.0
  0
LINE
  5
2EE
330
17
100
AcDbEntity
  8
balok
100
AcDbLine
 10
12967.423379999998
 20
-8288.034999999998
 30
0.0
 11
12967.423379999998
 21
-8188.034999999998
 31
0.0
  0
LINE
  5
2EF
330
17
100
AcDbEntity
  8
balok
100
AcDbLine
 10
13010.72338
 20
-8313.034999999998
 30
0.0
 11
13010.72338
 21
-8213.034999999998
 31
0.0
  0
LINE
  5
2F0
330
17
100
AcDbEntity
  8
balok
100
AcDbLine
 10
12780.367379999998
 20
-8446.034999999998
 30
0.0
 11
12780.367379999998
 21
-8346.034999999998
 31
0.0
  0
LINE
  5
2F1
330
17
100
AcDbEntity
  8
balok
100
AcDbLine
 10
12737.067379999999
 20
-8421.034999999998
 30
0.0
 11
12737.067379999999
 21
-8321.034999999998
 31
0.0
  0
LINE
  5
2F2
330
17
100
AcDbEntity
  8
stiffener
100
AcDbLine
 10
-194.83267999999998
 20
283.47
 30
0.0
 11
4005.2673200000004
 21
-2141.53
 31
0.0
  0
LINE
  5
2F3
330
17
100
AcDbEntity
  8
stiffener
100
AcDbLine
 10
4005.2673200000004
 20
-2141.53
 30
0.0
 11
3961.96732
 21
-2166.53
 31
0.0
  0
LINE
  5
2F4
330
17
100
AcDbEntity
  8
stiffener
100
AcDbLine
 10
3961.96732
 20
-2166.53
 30
0.0
 11
-238.13268000000002
 21
258.47
 31
0.0
  0
LINE
  5
2F5
330
17
100
AcDbEntity
  8
stiffener
100
AcDbLine
 10
-238.13268000000002
 20
258.47
 30
0.0
 11
-194.83267999999998
 21
283.47
 31
0.0
  0
LINE
  5
2F6
330
17
100
AcDbEntity
  8
stiffener
100
AcDbLine
 10
-194.83267999999998
 20
383.47
 30
0.0
 11
4005.2673200000004
 21
-2041.5300000000002
 31
0.0
  0
LINE
  5
2F7
330
17
100
AcDbEntity
  8
stiffener
100
AcDbLine
 10
4005.2673200000004
 20
-2041.5300000000002
 30
0.0
 11
3961.96732
 21
-2066.53
 31
0.0
  0
LINE
  5
2F8
330
17
100
AcDbEntity
  8
stiffener
100
AcDbLine
 10
3961.96732
 20
-2066.53
 30
0.0
 11
-238.13268000000002
 21
358.47
 31
0.0
  0
LINE
  5
2F9
330
17
100
AcDbEntity
  8
stiffener
100
AcDbLine
 10
-238.13268000000002
 20
358.47
 30
0.0
 11
-194.83267999999998
 21
383.47
 31
0.0
  0
LINE
  5
2FA
330
17
100
AcDbEntity
  8
stiffener
100
AcDbLine
 10
-194.83267999999998
 20
283.47
 30
0.0
 11
-194.83267999999998
 21
383.47
 31
0.0
  0
LINE
  5
2FB
330
17
100
AcDbEntity
  8
stiffener
100
AcDbLine
 10
4005.2673200000004
 20
-2141.53
 30
0.0
 11
4005.2673200000004
 21
-2041.5300000000002
 31
0.0
  0
LINE
  5
2FC
330
17
100
AcDbEntity
  8
stiffener
100
AcDbLine
 10
3961.96732
 20
-2166.53
 30
0.0
 11
3961.96732
 21
-2066.53
 31
0.0
  0
LINE
  5
2FD
330
17
100
AcDbEntity
  8
stiffener
100
AcDbLine
 10
-238.13268000000002
 20
258.47
 30
0.0
 11
-238.13268000000002
 21
358.47
 31
0.0
  0
LINE
  5
2FE
330
17
100
AcDbEntity
  8
stiffener
100
AcDbLine
 10
-627.83268
 20
33.47000000000003
 30
0.0
 11
3572.2673200000004
 21
-2391.53
 31
0.0
  0
LINE
  5
2FF
330
17
100
AcDbEntity
  8
stiffener
100
AcDbLine
 10
3572.2673200000004
 20
-2391.53
 30
0.0
 11
3528.96732
 21
-2416.53
 31
0.0
  0
LINE
  5
300
330
17
100
AcDbEntity
  8
stiffener
100
AcDbLine
 10
3528.96732
 20
-2416.53
 30
0.0
 11
-671.13268
 21
8.470000000000027
 31
0.0
  0
LINE
  5
301
330
17
100
AcDbEntity
  8
stiffener
100
AcDbLine
 10
-671.13268
 20
8.470000000000027
 30
0.0
 11
-627.83268
 21
33.47000000000003
 31
0.0
  0
LINE
  5
302
330
17
100
AcDbEntity
  8
stiffener
100
AcDbLine
 10
-627.83268
 20
133.47000000000003
 30
0.0
 11
3572.2673200000004
 21
-2291.53
 31
0.0
  0
LINE
  5
303
330
17
100
AcDbEntity
  8
stiffener
100
AcDbLine
 10
3572.2673200000004
 20
-2291.53
 30
0.0
 11
3528.96732
 21
-2316.53
 31
0.0
  0
LINE
  5
304
330
17
100
AcDbEntity
  8
stiffener
100
AcDbLine
 10
3528.96732
 20
-2316.53
 30
0.0
 11
-671.13268
 21
108.47000000000003
 31
0.0
  0
LINE
  5
305
330
17
100
AcDbEntity
  8
stiffener
100
AcDbLine
 10
-671.13268
 20
108.47000000000003
 30
0.0
 11
-627.83268
 21
133.47000000000003
 31
0.0
  0
LINE
  5
306
330
17
100
AcDbEntity
  8
stiffener
100
AcDbLine
 10
-627.83268
 20
33.47000000000003
 30
0.0
 11
-627.83268
 21
133.47000000000003
 31
0.0
  0
LINE
  5
307
330
17
100
AcDbEntity
  8
stiffener
100
AcDbLine
 10
3572.2673200000004
 20
-2391.53
 30
0.0
 11
3572.2673200000004
 21
-2291.53
 31
0.0
  0
LINE
  5
308
330
17
100
AcDbEntity
  8
stiffener
100
AcDbLine
 10
3528.96732
 20
-2416.53
 30
0.0
 11
3528.96732
 21
-2316.53
 31
0.0
  0
LINE
  5
309
330
17
100
AcDbEntity
  8
stiffener
100
AcDbLine
 10
-671.13268
 20
8.470000000000027
 30
0.0
 11
-671.13268
 21
108.47000000000003
 31
0.0
  0
LINE
  5
30A
330
17
100
AcDbEntity
  8
stiffener
100
AcDbLine
 10
5737.743619999999
 20
-3141.805
 30
0.0
 11
10413.277619999999
 21
-5841.305
 31
0.0
  0
LINE
  5
30B
330
17
100
AcDbEntity
  8
stiffener
100
AcDbLine
 10
10413.277619999999
 20
-5841.305
 30
0.0
 11
10369.97762
 21
-5866.305
 31
0.0
  0
LINE
  5
30C
330
17
100
AcDbEntity
  8
stiffener
100
AcDbLine
 10
10369.97762
 20
-5866.305
 30
0.0
 11
5694.44362
 21
-3166.805
 31
0.0
  0
LINE
  5
30D
330
17
100
AcDbEntity
  8
stiffener
100
AcDbLine
 10
5694.44362
 20
-3166.805
 30
0.0
 11
5737.743619999999
 21
-3141.805
 31
0.0
  0
LINE
  5
30E
330
17
100
AcDbEntity
  8
stiffener
100
AcDbLine
 10
5737.743619999999
 20
-3041.805
 30
0.0
 11
10413.277619999999
 21
-5741.305
 31
0.0
  0
LINE
  5
30F
330
17
100
AcDbEntity
  8
stiffener
100
AcDbLine
 10
10413.277619999999
 20
-5741.305
 30
0.0
 11
10369.97762
 21
-5766.305
 31
0.0
  0
LINE
  5
310
330
17
100
AcDbEntity
  8
stiffener
100
AcDbLine
 10
10369.97762
 20
-5766.305
 30
0.0
 11
5694.44362
 21
-3066.805
 31
0.0
  0
LINE
  5
311
330
17
100
AcDbEntity
  8
stiffener
100
AcDbLine
 10
5694.44362
 20
-3066.805
 30
0.0
 11
5737.743619999999
 21
-3041.805
 31
0.0
  0
LINE
  5
312
330
17
100
AcDbEntity
  8
stiffener
100
AcDbLine
 10
5737.743619999999
 20
-3141.805
 30
0.0
 11
5737.743619999999
 21
-3041.805
 31
0.0
  0
LINE
  5
313
330
17
100
AcDbEntity
  8
stiffener
100
AcDbLine
 10
10413.277619999999
 20
-5841.305
 30
0.0
 11
10413.277619999999
 21
-5741.305
 31
0.0
  0
LINE
  5
314
330
17
100
AcDbEntity
  8
stiffener
100
AcDbLine
 10
10369.97762
 20
-5866.305
 30
0.0
 11
10369.97762
 21
-5766.305
 31
0.0
  0
LINE
  5
315
330
17
100
AcDbEntity
  8
stiffener
100
AcDbLine
 10
5694.44362
 20
-3166.805
 30
0.0
 11
5694.44362
 21
-3066.805
 31
0.0
  0
LINE
  5
316
330
17
100
AcDbEntity
  8
stiffener
100
AcDbLine
 10
5304.743619999999
 20
-3391.805
 30
0.0
 11
9980.277619999999
 21
-6091.305
 31
0.0
  0
LINE
  5
317
330
17
100
AcDbEntity
  8
stiffener
100
AcDbLine
 10
9980.277619999999
 20
-6091.305
 30
0.0
 11
9936.97762
 21
-6116.305
 31
0.0
  0
LINE
  5
318
330
17
100
AcDbEntity
  8
stiffener
100
AcDbLine
 10
9936.97762
 20
-6116.305
 30
0.0
 11
5261.44362
 21
-3416.805
 31
0.0
  0
LINE
  5
319
330
17
100
AcDbEntity
  8
stiffener
100
AcDbLine
 10
5261.44362
 20
-3416.805
 30
0.0
 11
5304.743619999999
 21
-3391.805
 31
0.0
  0
LINE
  5
31A
330
17
100
AcDbEntity
  8
stiffener
100
AcDbLine
 10
5304.743619999999
 20
-3291.805
 30
0.0
 11
9980.277619999999
 21
-5991.305
 31
0.0
  0
LINE
  5
31B
330
17
100
AcDbEntity
  8
stiffener
100
AcDbLine
 10
9980.277619999999
 20
-5991.305
 30
0.0
 11
9936.97762
 21
-6016.305
 31
0.0
  0
LINE
  5
31C
330
17
100
AcDbEntity
  8
stiffener
100
AcDbLine
 10
9936.97762
 20
-6016.305
 30
0.0
 11
5261.44362
 21
-3316.805
 31
0.0
  0
LINE
  5
31D
330
17
100
AcDbEntity
  8
stiffener
100
AcDbLine
 10
5261.44362
 20
-3316.805
 30
0.0
 11
5304.743619999999
 21
-3291.805
 31
0.0
  0
LINE
  5
31E
330
17
100
AcDbEntity
  8
stiffener
100
AcDbLine
 10
5304.743619999999
 20
-3391.805
 30
0.0
 11
5304.743619999999
 21
-3291.805
 31
0.0
  0
LINE
  5
31F
330
17
100
AcDbEntity
  8
stiffener
100
AcDbLine
 10
9980.277619999999
 20
-6091.305
 30
0.0
 11
9980.277619999999
 21
-5991.305
 31
0.0
  0
LINE
  5
320
330
17
100
AcDbEntity
  8
stiffener
100
AcDbLine
 10
9936.97762
 20
-6116.305
 30
0.0
 11
9936.97762
 21
-6016.305
 31
0.0
  0
LINE
  5
321
330
17
100
AcDbEntity
  8
stiffener
100
AcDbLine
 10
5261.44362
 20
-3416.805
 30
0.0
 11
5261.44362
 21
-3316.805
 31
0.0
  0
LINE
  5
322
330
17
100
AcDbEntity
  8
stiffener
100
AcDbLine
 10
10933.71764
 20
-6141.790000000001
 30
0.0
 11
15132.951640000001
 21
-8566.29
 31
0.0
  0
LINE
  5
323
330
17
100
AcDbEntity
  8
stiffener
100
AcDbLine
 10
15132.951640000001
 20
-8566.29
 30
0.0
 11
15089.65164
 21
-8591.29
 31
0.0
  0
LINE
  5
324
330
17
100
AcDbEntity
  8
stiffener
100
AcDbLine
 10
15089.65164
 20
-8591.29
 30
0.0
 11
10890.417640000001
 21
-6166.790000000001
 31
0.0
  0
LINE
  5
325
330
17
100
AcDbEntity
  8
stiffener
100
AcDbLine
 10
10890.417640000001
 20
-6166.790000000001
 30
0.0
 11
10933.71764
 21
-6141.790000000001
 31
0.0
  0
LINE
  5
326
330
17
100
AcDbEntity
  8
stiffener
100
AcDbLine
 10
10933.71764
 20
-6041.790000000001
 30
0.0
 11
15132.951640000001
 21
-8466.29
 31
0.0
  0
LINE
  5
327
330
17
100
AcDbEntity
  8
stiffener
100
AcDbLine
 10
15132.951640000001
 20
-8466.29
 30
0.0
 11
15089.65164
 21
-8491.29
 31
0.0
  0
LINE
  5
328
330
17
100
AcDbEntity
  8
stiffener
100
AcDbLine
 10
15089.65164
 20
-8491.29
 30
0.0
 11
10890.417640000001
 21
-6066.790000000001
 31
0.0
  0
LINE
  5
329
330
17
100
AcDbEntity
  8
stiffener
100
AcDbLine
 10
10890.417640000001
 20
-6066.790000000001
 30
0.0
 11
10933.71764
 21
-6041.790000000001
 31
0.0
  0
LINE
  5
32A
330
17
100
AcDbEntity
  8
stiffener
100
AcDbLine
 10
10933.71764
 20
-6141.790000000001
 30
0.0
 11
10933.71764
 21
-6041.790000000001
 31
0.0
  0
LINE
  5
32B
330
17
100
AcDbEntity
  8
stiffener
100
AcDbLine
 10
15132.951640000001
 20
-8566.29
 30
0.0
 11
15132.951640000001
 21
-8466.29
 31
0.0
  0
LINE
  5
32C
330
17
100
AcDbEntity
  8
stiffener
100
AcDbLine
 10
15089.65164
 20
-8591.29
 30
0.0
 11
15089.65164
 21
-8491.29
 31
0.0
  0
LINE
  5
32D
330
17
100
AcDbEntity
  8
stiffener
100
AcDbLine
 10
10890.417640000001
 20
-6166.790000000001
 30
0.0
 11
10890.417640000001
 21
-6066.790000000001
 31
0.0
  0
LINE
  5
32E
330
17
100
AcDbEntity
  8
stiffener
100
AcDbLine
 10
10500.71764
 20
-6391.790000000001
 30
0.0
 11
14699.951640000001
 21
-8816.29
 31
0.0
  0
LINE
  5
32F
330
17
100
AcDbEntity
  8
stiffener
100
AcDbLine
 10
14699.951640000001
 20
-8816.29
 30
0.0
 11
14656.65164
 21
-8841.29
 31
0.0
  0
LINE
  5
330
330
17
100
AcDbEntity
  8
stiffener
100
AcDbLine
 10
14656.65164
 20
-8841.29
 30
0.0
 11
10457.417640000001
 21
-6416.790000000001
 31
0.0
  0
LINE
  5
331
330
17
100
AcDbEntity
  8
stiffener
100
AcDbLine
 10
10457.417640000001
 20
-6416.790000000001
 30
0.0
 11
10500.71764
 21
-6391.790000000001
 31
0.0
  0
LINE
  5
332
330
17
100
AcDbEntity
  8
stiffener
100
AcDbLine
 10
10500.71764
 20
-6291.790000000001
 30
0.0
 11
14699.951640000001
 21
-8716.29
 31
0.0
  0
LINE
  5
333
330
17
100
AcDbEntity
  8
stiffener
100
AcDbLine
 10
14699.951640000001
 20
-8716.29
 30
0.0
 11
14656.65164
 21
-8741.29
 31
0.0
  0
LINE
  5
334
330
17
100
AcDbEntity
  8
stiffener
100
AcDbLine
 10
14656.65164
 20
-8741.29
 30
0.0
 11
10457.417640000001
 21
-6316.790000000001
 31
0.0
  0
LINE
  5
335
330
17
100
AcDbEntity
  8
stiffener
100
AcDbLine
 10
10457.417640000001
 20
-6316.790000000001
 30
0.0
 11
10500.71764
 21
-6291.790000000001
 31
0.0
  0
LINE
  5
336
330
17
100
AcDbEntity
  8
stiffener
100
AcDbLine
 10
10500.71764
 20
-6391.790000000001
 30
0.0
 11
10500.71764
 21
-6291.790000000001
 31
0.0
  0
LINE
  5
337
330
17
100
AcDbEntity
  8
stiffener
100
AcDbLine
 10
14699.951640000001
 20
-8816.29
 30
0.0
 11
14699.951640000001
 21
-8716.29
 31
0.0
  0
LINE
  5
338
330
17
100
AcDbEntity
  8
stiffener
100
AcDbLine
 10
14656.65164
 20
-8841.29
 30
0.0
 11
14656.65164
 21
-8741.29
 31
0.0
  0
LINE
  5
339
330
17
100
AcDbEntity
  8
stiffener
100
AcDbLine
 10
10457.417640000001
 20
-6416.790000000001
 30
0.0
 11
10457.417640000001
 21
-6316.790000000001
 31
0.0
  0
LINE
  5
33A
330
17
100
AcDbEntity
  8
stiffener
100
AcDbLine
 10
-1060.81536
 20
283.48
 30
0.0
 11
3139.2846400000003
 21
-2141.52
 31
0.0
  0
LINE
  5
33B
330
17
100
AcDbEntity
  8
stiffener
100
AcDbLine
 10
3139.2846400000003
 20
-2141.52
 30
0.0
 11
3095.98464
 21
-2166.52
 31
0.0
  0
LINE
  5
33C
330
17
100
AcDbEntity
  8
stiffener
100
AcDbLine
 10
3095.98464
 20
-2166.52
 30
0.0
 11
-1104.11536
 21
258.48
 31
0.0
  0
LINE
  5
33D
330
17
100
AcDbEntity
  8
stiffener
100
AcDbLine
 10
-1104.11536
 20
258.48
 30
0.0
 11
-1060.81536
 21
283.48
 31
0.0
  0
LINE
  5
33E
330
17
100
AcDbEntity
  8
stiffener
100
AcDbLine
 10
-1060.81536
 20
383.48
 30
0.0
 11
3139.2846400000003
 21
-2041.52
 31
0.0
  0
LINE
  5
33F
330
17
100
AcDbEntity
  8
stiffener
100
AcDbLine
 10
3139.2846400000003
 20
-2041.52
 30
0.0
 11
3095.98464
 21
-2066.52
 31
0.0
  0
LINE
  5
340
330
17
100
AcDbEntity
  8
stiffener
100
AcDbLine
 10
3095.98464
 20
-2066.52
 30
0.0
 11
-1104.11536
 21
358.48
 31
0.0
  0
LINE
  5
341
330
17
100
AcDbEntity
  8
stiffener
100
AcDbLine
 10
-1104.11536
 20
358.48
 30
0.0
 11
-1060.81536
 21
383.48
 31
0.0
  0
LINE
  5
342
330
17
100
AcDbEntity
  8
stiffener
100
AcDbLine
 10
-1060.81536
 20
283.48
 30
0.0
 11
-1060.81536
 21
383.48
 31
0.0
  0
LINE
  5
343
330
17
100
AcDbEntity
  8
stiffener
100
AcDbLine
 10
3139.2846400000003
 20
-2141.52
 30
0.0
 11
3139.2846400000003
 21
-2041.52
 31
0.0
  0
LINE
  5
344
330
17
100
AcDbEntity
  8
stiffener
100
AcDbLine
 10
3095.98464
 20
-2166.52
 30
0.0
 11
3095.98464
 21
-2066.52
 31
0.0
  0
LINE
  5
345
330
17
100
AcDbEntity
  8
stiffener
100
AcDbLine
 10
-1104.11536
 20
258.48
 30
0.0
 11
-1104.11536
 21
358.48
 31
0.0
  0
LINE
  5
346
330
17
100
AcDbEntity
  8
stiffener
100
AcDbLine
 10
-1493.81536
 20
33.48000000000002
 30
0.0
 11
2706.2846400000003
 21
-2391.52
 31
0.0
  0
LINE
  5
347
330
17
100
AcDbEntity
  8
stiffener
100
AcDbLine
 10
2706.2846400000003
 20
-2391.52
 30
0.0
 11
2662.98464
 21
-2416.52
 31
0.0
  0
LINE
  5
348
330
17
100
AcDbEntity
  8
stiffener
100
AcDbLine
 10
2662.98464
 20
-2416.52
 30
0.0
 11
-1537.11536
 21
8.480000000000018
 31
0.0
  0
LINE
  5
349
330
17
100
AcDbEntity
  8
stiffener
100
AcDbLine
 10
-1537.11536
 20
8.480000000000018
 30
0.0
 11
-1493.81536
 21
33.48000000000002
 31
0.0
  0
LINE
  5
34A
330
17
100
AcDbEntity
  8
stiffener
100
AcDbLine
 10
-1493.81536
 20
133.48000000000002
 30
0.0
 11
2706.2846400000003
 21
-2291.52
 31
0.0
  0
LINE
  5
34B
330
17
100
AcDbEntity
  8
stiffener
100
AcDbLine
 10
2706.2846400000003
 20
-2291.52
 30
0.0
 11
2662.98464
 21
-2316.52
 31
0.0
  0
LINE
  5
34C
330
17
100
AcDbEntity
  8
stiffener
100
AcDbLine
 10
2662.98464
 20
-2316.52
 30
0.0
 11
-1537.11536
 21
108.48000000000002
 31
0.0
  0
LINE
  5
34D
330
17
100
AcDbEntity
  8
stiffener
100
AcDbLine
 10
-1537.11536
 20
108.48000000000002
 30
0.0
 11
-1493.81536
 21
133.48000000000002
 31
0.0
  0
LINE
  5
34E
330
17
100
AcDbEntity
  8
stiffener
100
AcDbLine
 10
-1493.81536
 20
33.48000000000002
 30
0.0
 11
-1493.81536
 21
133.48000000000002
 31
0.0
  0
LINE
  5
34F
330
17
100
AcDbEntity
  8
stiffener
100
AcDbLine
 10
2706.2846400000003
 20
-2391.52
 30
0.0
 11
2706.2846400000003
 21
-2291.52
 31
0.0
  0
LINE
  5
350
330
17
100
AcDbEntity
  8
stiffener
100
AcDbLine
 10
2662.98464
 20
-2416.52
 30
0.0
 11
2662.98464
 21
-2316.52
 31
0.0
  0
LINE
  5
351
330
17
100
AcDbEntity
  8
stiffener
100
AcDbLine
 10
-1537.11536
 20
8.480000000000018
 30
0.0
 11
-1537.11536
 21
108.48000000000002
 31
0.0
  0
LINE
  5
352
330
17
100
AcDbEntity
  8
stiffener
100
AcDbLine
 10
4871.76094
 20
-3141.7949999999996
 30
0.0
 11
9547.29494
 21
-5841.295
 31
0.0
  0
LINE
  5
353
330
17
100
AcDbEntity
  8
stiffener
100
AcDbLine
 10
9547.29494
 20
-5841.295
 30
0.0
 11
9503.99494
 21
-5866.295
 31
0.0
  0
LINE
  5
354
330
17
100
AcDbEntity
  8
stiffener
100
AcDbLine
 10
9503.99494
 20
-5866.295
 30
0.0
 11
4828.46094
 21
-3166.7949999999996
 31
0.0
  0
LINE
  5
355
330
17
100
AcDbEntity
  8
stiffener
100
AcDbLine
 10
4828.46094
 20
-3166.7949999999996
 30
0.0
 11
4871.76094
 21
-3141.7949999999996
 31
0.0
  0
LINE
  5
356
330
17
100
AcDbEntity
  8
stiffener
100
AcDbLine
 10
4871.76094
 20
-3041.7949999999996
 30
0.0
 11
9547.29494
 21
-5741.295
 31
0.0
  0
LINE
  5
357
330
17
100
AcDbEntity
  8
stiffener
100
AcDbLine
 10
9547.29494
 20
-5741.295
 30
0.0
 11
9503.99494
 21
-5766.295
 31
0.0
  0
LINE
  5
358
330
17
100
AcDbEntity
  8
stiffener
100
AcDbLine
 10
9503.99494
 20
-5766.295
 30
0.0
 11
4828.46094
 21
-3066.7949999999996
 31
0.0
  0
LINE
  5
359
330
17
100
AcDbEntity
  8
stiffener
100
AcDbLine
 10
4828.46094
 20
-3066.7949999999996
 30
0.0
 11
4871.76094
 21
-3041.7949999999996
 31
0.0
  0
LINE
  5
35A
330
17
100
AcDbEntity
  8
stiffener
100
AcDbLine
 10
4871.76094
 20
-3141.7949999999996
 30
0.0
 11
4871.76094
 21
-3041.7949999999996
 31
0.0
  0
LINE
  5
35B
330
17
100
AcDbEntity
  8
stiffener
100
AcDbLine
 10
9547.29494
 20
-5841.295
 30
0.0
 11
9547.29494
 21
-5741.295
 31
0.0
  0
LINE
  5
35C
330
17
100
AcDbEntity
  8
stiffener
100
AcDbLine
 10
9503.99494
 20
-5866.295
 30
0.0
 11
9503.99494
 21
-5766.295
 31
0.0
  0
LINE
  5
35D
330
17
100
AcDbEntity
  8
stiffener
100
AcDbLine
 10
4828.46094
 20
-3166.7949999999996
 30
0.0
 11
4828.46094
 21
-3066.7949999999996
 31
0.0
  0
LINE
  5
35E
330
17
100
AcDbEntity
  8
stiffener
100
AcDbLine
 10
4438.76094
 20
-3391.7949999999996
 30
0.0
 11
9114.29494
 21
-6091.295
 31
0.0
  0
LINE
  5
35F
330
17
100
AcDbEntity
  8
stiffener
100
AcDbLine
 10
9114.29494
 20
-6091.295
 30
0.0
 11
9070.99494
 21
-6116.295
 31
0.0
  0
LINE
  5
360
330
17
100
AcDbEntity
  8
stiffener
100
AcDbLine
 10
9070.99494
 20
-6116.295
 30
0.0
 11
4395.46094
 21
-3416.7949999999996
 31
0.0
  0
LINE
  5
361
330
17
100
AcDbEntity
  8
stiffener
100
AcDbLine
 10
4395.46094
 20
-3416.7949999999996
 30
0.0
 11
4438.76094
 21
-3391.7949999999996
 31
0.0
  0
LINE
  5
362
330
17
100
AcDbEntity
  8
stiffener
100
AcDbLine
 10
4438.76094
 20
-3291.7949999999996
 30
0.0
 11
9114.29494
 21
-5991.295
 31
0.0
  0
LINE
  5
363
330
17
100
AcDbEntity
  8
stiffener
100
AcDbLine
 10
9114.29494
 20
-5991.295
 30
0.0
 11
9070.99494
 21
-6016.295
 31
0.0
  0
LINE
  5
364
330
17
100
AcDbEntity
  8
stiffener
100
AcDbLine
 10
9070.99494
 20
-6016.295
 30
0.0
 11
4395.46094
 21
-3316.7949999999996
 31
0.0
  0
LINE
  5
365
330
17
100
AcDbEntity
  8
stiffener
100
AcDbLine
 10
4395.46094
 20
-3316.7949999999996
 30
0.0
 11
4438.76094
 21
-3291.7949999999996
 31
0.0
  0
LINE
  5
366
330
17
100
AcDbEntity
  8
stiffener
100
AcDbLine
 10
4438.76094
 20
-3391.7949999999996
 30
0.0
 11
4438.76094
 21
-3291.7949999999996
 31
0.0
  0
LINE
  5
367
330
17
100
AcDbEntity
  8
stiffener
100
AcDbLine
 10
9114.29494
 20
-6091.295
 30
0.0
 11
9114.29494
 21
-5991.295
 31
0.0
  0
LINE
  5
368
330
17
100
AcDbEntity
  8
stiffener
100
AcDbLine
 10
9070.99494
 20
-6116.295
 30
0.0
 11
9070.99494
 21
-6016.295
 31
0.0
  0
LINE
  5
369
330
17
100
AcDbEntity
  8
stiffener
100
AcDbLine
 10
4395.46094
 20
-3416.7949999999996
 30
0.0
 11
4395.46094
 21
-3316.7949999999996
 31
0.0
  0
LINE
  5
36A
330
17
100
AcDbEntity
  8
stiffener
100
AcDbLine
 10
10067.734960000002
 20
-6141.780000000001
 30
0.0
 11
14266.96896
 21
-8566.28
 31
0.0
  0
LINE
  5
36B
330
17
100
AcDbEntity
  8
stiffener
100
AcDbLine
 10
14266.96896
 20
-8566.28
 30
0.0
 11
14223.66896
 21
-8591.28
 31
0.0
  0
LINE
  5
36C
330
17
100
AcDbEntity
  8
stiffener
100
AcDbLine
 10
14223.66896
 20
-8591.28
 30
0.0
 11
10024.43496
 21
-6166.780000000001
 31
0.0
  0
LINE
  5
36D
330
17
100
AcDbEntity
  8
stiffener
100
AcDbLine
 10
10024.43496
 20
-6166.780000000001
 30
0.0
 11
10067.734960000002
 21
-6141.780000000001
 31
0.0
  0
LINE
  5
36E
330
17
100
AcDbEntity
  8
stiffener
100
AcDbLine
 10
10067.734960000002
 20
-6041.780000000001
 30
0.0
 11
14266.96896
 21
-8466.28
 31
0.0
  0
LINE
  5
36F
330
17
100
AcDbEntity
  8
stiffener
100
AcDbLine
 10
14266.96896
 20
-8466.28
 30
0.0
 11
14223.66896
 21
-8491.28
 31
0.0
  0
LINE
  5
370
330
17
100
AcDbEntity
  8
stiffener
100
AcDbLine
 10
14223.66896
 20
-8491.28
 30
0.0
 11
10024.43496
 21
-6066.780000000001
 31
0.0
  0
LINE
  5
371
330
17
100
AcDbEntity
  8
stiffener
100
AcDbLine
 10
10024.43496
 20
-6066.780000000001
 30
0.0
 11
10067.734960000002
 21
-6041.780000000001
 31
0.0
  0
LINE
  5
372
330
17
100
AcDbEntity
  8
stiffener
100
AcDbLine
 10
10067.734960000002
 20
-6141.780000000001
 30
0.0
 11
10067.734960000002
 21
-6041.780000000001
 31
0.0
  0
LINE
  5
373
330
17
100
AcDbEntity
  8
stiffener
100
AcDbLine
 10
14266.96896
 20
-8566.28
 30
0.0
 11
14266.96896
 21
-8466.28
 31
0.0
  0
LINE
  5
374
330
17
100
AcDbEntity
  8
stiffener
100
AcDbLine
 10
14223.66896
 20
-8591.28
 30
0.0
 11
14223.66896
 21
-8491.28
 31
0.0
  0
LINE
  5
375
330
17
100
AcDbEntity
  8
stiffener
100
AcDbLine
 10
10024.43496
 20
-6166.780000000001
 30
0.0
 11
10024.43496
 21
-6066.780000000001
 31
0.0
  0
LINE
  5
376
330
17
100
AcDbEntity
  8
stiffener
100
AcDbLine
 10
9634.734960000002
 20
-6391.780000000001
 30
0.0
 11
13833.96896
 21
-8816.28
 31
0.0
  0
LINE
  5
377
330
17
100
AcDbEntity
  8
stiffener
100
AcDbLine
 10
13833.96896
 20
-8816.28
 30
0.0
 11
13790.66896
 21
-8841.28
 31
0.0
  0
LINE
  5
378
330
17
100
AcDbEntity
  8
stiffener
100
AcDbLine
 10
13790.66896
 20
-8841.28
 30
0.0
 11
9591.43496
 21
-6416.780000000001
 31
0.0
  0
LINE
  5
379
330
17
100
AcDbEntity
  8
stiffener
100
AcDbLine
 10
9591.43496
 20
-6416.780000000001
 30
0.0
 11
9634.734960000002
 21
-6391.780000000001
 31
0.0
  0
LINE
  5
37A
330
17
100
AcDbEntity
  8
stiffener
100
AcDbLine
 10
9634.734960000002
 20
-6291.780000000001
 30
0.0
 11
13833.96896
 21
-8716.28
 31
0.0
  0
LINE
  5
37B
330
17
100
AcDbEntity
  8
stiffener
100
AcDbLine
 10
13833.96896
 20
-8716.28
 30
0.0
 11
13790.66896
 21
-8741.28
 31
0.0
  0
LINE
  5
37C
330
17
100
AcDbEntity
  8
stiffener
100
AcDbLine
 10
13790.66896
 20
-8741.28
 30
0.0
 11
9591.43496
 21
-6316.780000000001
 31
0.0
  0
LINE
  5
37D
330
17
100
AcDbEntity
  8
stiffener
100
AcDbLine
 10
9591.43496
 20
-6316.780000000001
 30
0.0
 11
9634.734960000002
 21
-6291.780000000001
 31
0.0
  0
LINE
  5
37E
330
17
100
AcDbEntity
  8
stiffener
100
AcDbLine
 10
9634.734960000002
 20
-6391.780000000001
 30
0.0
 11
9634.734960000002
 21
-6291.780000000001
 31
0.0
  0
LINE
  5
37F
330
17
100
AcDbEntity
  8
stiffener
100
AcDbLine
 10
13833.96896
 20
-8816.28
 30
0.0
 11
13833.96896
 21
-8716.28
 31
0.0
  0
LINE
  5
380
330
17
100
AcDbEntity
  8
stiffener
100
AcDbLine
 10
13790.66896
 20
-8841.28
 30
0.0
 11
13790.66896
 21
-8741.28
 31
0.0
  0
LINE
  5
381
330
17
100
AcDbEntity
  8
stiffener
100
AcDbLine
 10
9591.43496
 20
-6416.780000000001
 30
0.0
 11
9591.43496
 21
-6316.780000000001
 31
0.0
  0
LINE
  5
382
330
17
100
AcDbEntity
  8
stiffener
100
AcDbLine
 10
-1926.83268
 20
283.46000000000004
 30
0.0
 11
2273.2673200000004
 21
-2141.54
 31
0.0
  0
LINE
  5
383
330
17
100
AcDbEntity
  8
stiffener
100
AcDbLine
 10
2273.2673200000004
 20
-2141.54
 30
0.0
 11
2229.96732
 21
-2166.54
 31
0.0
  0
LINE
  5
384
330
17
100
AcDbEntity
  8
stiffener
100
AcDbLine
 10
2229.96732
 20
-2166.54
 30
0.0
 11
-1970.13268
 21
258.46000000000004
 31
0.0
  0
LINE
  5
385
330
17
100
AcDbEntity
  8
stiffener
100
AcDbLine
 10
-1970.13268
 20
258.46000000000004
 30
0.0
 11
-1926.83268
 21
283.46000000000004
 31
0.0
  0
LINE
  5
386
330
17
100
AcDbEntity
  8
stiffener
100
AcDbLine
 10
-1926.83268
 20
383.46000000000004
 30
0.0
 11
2273.2673200000004
 21
-2041.5400000000002
 31
0.0
  0
LINE
  5
387
330
17
100
AcDbEntity
  8
stiffener
100
AcDbLine
 10
2273.2673200000004
 20
-2041.5400000000002
 30
0.0
 11
2229.96732
 21
-2066.54
 31
0.0
  0
LINE
  5
388
330
17
100
AcDbEntity
  8
stiffener
100
AcDbLine
 10
2229.96732
 20
-2066.54
 30
0.0
 11
-1970.13268
 21
358.46000000000004
 31
0.0
  0
LINE
  5
389
330
17
100
AcDbEntity
  8
stiffener
100
AcDbLine
 10
-1970.13268
 20
358.46000000000004
 30
0.0
 11
-1926.83268
 21
383.46000000000004
 31
0.0
  0
LINE
  5
38A
330
17
100
AcDbEntity
  8
stiffener
100
AcDbLine
 10
-1926.83268
 20
283.46000000000004
 30
0.0
 11
-1926.83268
 21
383.46000000000004
 31
0.0
  0
LINE
  5
38B
330
17
100
AcDbEntity
  8
stiffener
100
AcDbLine
 10
2273.2673200000004
 20
-2141.54
 30
0.0
 11
2273.2673200000004
 21
-2041.5400000000002
 31
0.0
  0
LINE
  5
38C
330
17
100
AcDbEntity
  8
stiffener
100
AcDbLine
 10
2229.96732
 20
-2166.54
 30
0.0
 11
2229.96732
 21
-2066.54
 31
0.0
  0
LINE
  5
38D
330
17
100
AcDbEntity
  8
stiffener
100
AcDbLine
 10
-1970.13268
 20
258.46000000000004
 30
0.0
 11
-1970.13268
 21
358.46000000000004
 31
0.0
  0
LINE
  5
38E
330
17
100
AcDbEntity
  8
stiffener
100
AcDbLine
 10
-2185.76668
 20
-67.03999999999996
 30
0.0
 11
1840.2673200000004
 21
-2391.54
 31
0.0
  0
LINE
  5
38F
330
17
100
AcDbEntity
  8
stiffener
100
AcDbLine
 10
1840.2673200000004
 20
-2391.54
 30
0.0
 11
1796.9673200000004
 21
-2416.54
 31
0.0
  0
LINE
  5
390
330
17
100
AcDbEntity
  8
stiffener
100
AcDbLine
 10
1796.9673200000004
 20
-2416.54
 30
0.0
 11
-2229.06668
 21
-92.03999999999996
 31
0.0
  0
LINE
  5
391
330
17
100
AcDbEntity
  8
stiffener
100
AcDbLine
 10
-2229.06668
 20
-92.03999999999996
 30
0.0
 11
-2185.76668
 21
-67.03999999999996
 31
0.0
  0
LINE
  5
392
330
17
100
AcDbEntity
  8
stiffener
100
AcDbLine
 10
-2185.76668
 20
32.960000000000036
 30
0.0
 11
1840.2673200000004
 21
-2291.54
 31
0.0
  0
LINE
  5
393
330
17
100
AcDbEntity
  8
stiffener
100
AcDbLine
 10
1840.2673200000004
 20
-2291.54
 30
0.0
 11
1796.9673200000004
 21
-2316.54
 31
0.0
  0
LINE
  5
394
330
17
100
AcDbEntity
  8
stiffener
100
AcDbLine
 10
1796.9673200000004
 20
-2316.54
 30
0.0
 11
-2229.06668
 21
7.960000000000036
 31
0.0
  0
LINE
  5
395
330
17
100
AcDbEntity
  8
stiffener
100
AcDbLine
 10
-2229.06668
 20
7.960000000000036
 30
0.0
 11
-2185.76668
 21
32.960000000000036
 31
0.0
  0
LINE
  5
396
330
17
100
AcDbEntity
  8
stiffener
100
AcDbLine
 10
-2185.76668
 20
-67.03999999999996
 30
0.0
 11
-2185.76668
 21
32.960000000000036
 31
0.0
  0
LINE
  5
397
330
17
100
AcDbEntity
  8
stiffener
100
AcDbLine
 10
1840.2673200000004
 20
-2391.54
 30
0.0
 11
1840.2673200000004
 21
-2291.54
 31
0.0
  0
LINE
  5
398
330
17
100
AcDbEntity
  8
stiffener
100
AcDbLine
 10
1796.9673200000004
 20
-2416.54
 30
0.0
 11
1796.9673200000004
 21
-2316.54
 31
0.0
  0
LINE
  5
399
330
17
100
AcDbEntity
  8
stiffener
100
AcDbLine
 10
-2229.06668
 20
-92.03999999999996
 30
0.0
 11
-2229.06668
 21
7.960000000000036
 31
0.0
  0
LINE
  5
39A
330
17
100
AcDbEntity
  8
stiffener
100
AcDbLine
 10
4005.7436199999997
 20
-3141.8149999999996
 30
0.0
 11
8681.277619999999
 21
-5841.315
 31
0.0
  0
LINE
  5
39B
330
17
100
AcDbEntity
  8
stiffener
100
AcDbLine
 10
8681.277619999999
 20
-5841.315
 30
0.0
 11
8637.97762
 21
-5866.315
 31
0.0
  0
LINE
  5
39C
330
17
100
AcDbEntity
  8
stiffener
100
AcDbLine
 10
8637.97762
 20
-5866.315
 30
0.0
 11
3962.4436199999996
 21
-3166.8149999999996
 31
0.0
  0
LINE
  5
39D
330
17
100
AcDbEntity
  8
stiffener
100
AcDbLine
 10
3962.4436199999996
 20
-3166.8149999999996
 30
0.0
 11
4005.7436199999997
 21
-3141.8149999999996
 31
0.0
  0
LINE
  5
39E
330
17
100
AcDbEntity
  8
stiffener
100
AcDbLine
 10
4005.7436199999997
 20
-3041.8149999999996
 30
0.0
 11
8681.277619999999
 21
-5741.315
 31
0.0
  0
LINE
  5
39F
330
17
100
AcDbEntity
  8
stiffener
100
AcDbLine
 10
8681.277619999999
 20
-5741.315
 30
0.0
 11
8637.97762
 21
-5766.315
 31
0.0
  0
LINE
  5
3A0
330
17
100
AcDbEntity
  8
stiffener
100
AcDbLine
 10
8637.97762
 20
-5766.315
 30
0.0
 11
3962.4436199999996
 21
-3066.8149999999996
 31
0.0
  0
LINE
  5
3A1
330
17
100
AcDbEntity
  8
stiffener
100
AcDbLine
 10
3962.4436199999996
 20
-3066.8149999999996
 30
0.0
 11
4005.7436199999997
 21
-3041.8149999999996
 31
0.0
  0
LINE
  5
3A2
330
17
100
AcDbEntity
  8
stiffener
100
AcDbLine
 10
4005.7436199999997
 20
-3141.8149999999996
 30
0.0
 11
4005.7436199999997
 21
-3041.8149999999996
 31
0.0
  0
LINE
  5
3A3
330
17
100
AcDbEntity
  8
stiffener
100
AcDbLine
 10
8681.277619999999
 20
-5841.315
 30
0.0
 11
8681.277619999999
 21
-5741.315
 31
0.0
  0
LINE
  5
3A4
330
17
100
AcDbEntity
  8
stiffener
100
AcDbLine
 10
8637.97762
 20
-5866.315
 30
0.0
 11
8637.97762
 21
-5766.315
 31
0.0
  0
LINE
  5
3A5
330
17
100
AcDbEntity
  8
stiffener
100
AcDbLine
 10
3962.4436199999996
 20
-3166.8149999999996
 30
0.0
 11
3962.4436199999996
 21
-3066.8149999999996
 31
0.0
  0
LINE
  5
3A6
330
17
100
AcDbEntity
  8
stiffener
100
AcDbLine
 10
3572.7436199999997
 20
-3391.8149999999996
 30
0.0
 11
8248.277619999999
 21
-6091.315
 31
0.0
  0
LINE
  5
3A7
330
17
100
AcDbEntity
  8
stiffener
100
AcDbLine
 10
8248.277619999999
 20
-6091.315
 30
0.0
 11
8204.97762
 21
-6116.315
 31
0.0
  0
LINE
  5
3A8
330
17
100
AcDbEntity
  8
stiffener
100
AcDbLine
 10
8204.97762
 20
-6116.315
 30
0.0
 11
3529.4436199999996
 21
-3416.8149999999996
 31
0.0
  0
LINE
  5
3A9
330
17
100
AcDbEntity
  8
stiffener
100
AcDbLine
 10
3529.4436199999996
 20
-3416.8149999999996
 30
0.0
 11
3572.7436199999997
 21
-3391.8149999999996
 31
0.0
  0
LINE
  5
3AA
330
17
100
AcDbEntity
  8
stiffener
100
AcDbLine
 10
3572.7436199999997
 20
-3291.8149999999996
 30
0.0
 11
8248.277619999999
 21
-5991.315
 31
0.0
  0
LINE
  5
3AB
330
17
100
AcDbEntity
  8
stiffener
100
AcDbLine
 10
8248.277619999999
 20
-5991.315
 30
0.0
 11
8204.97762
 21
-6016.315
 31
0.0
  0
LINE
  5
3AC
330
17
100
AcDbEntity
  8
stiffener
100
AcDbLine
 10
8204.97762
 20
-6016.315
 30
0.0
 11
3529.4436199999996
 21
-3316.8149999999996
 31
0.0
  0
LINE
  5
3AD
330
17
100
AcDbEntity
  8
stiffener
100
AcDbLine
 10
3529.4436199999996
 20
-3316.8149999999996
 30
0.0
 11
3572.7436199999997
 21
-3291.8149999999996
 31
0.0
  0
LINE
  5
3AE
330
17
100
AcDbEntity
  8
stiffener
100
AcDbLine
 10
3572.7436199999997
 20
-3391.8149999999996
 30
0.0
 11
3572.7436199999997
 21
-3291.8149999999996
 31
0.0
  0
LINE
  5
3AF
330
17
100
AcDbEntity
  8
stiffener
100
AcDbLine
 10
8248.277619999999
 20
-6091.315
 30
0.0
 11
8248.277619999999
 21
-5991.315
 31
0.0
  0
LINE
  5
3B0
330
17
100
AcDbEntity
  8
stiffener
100
AcDbLine
 10
8204.97762
 20
-6116.315
 30
0.0
 11
8204.97762
 21
-6016.315
 31
0.0
  0
LINE
  5
3B1
330
17
100
AcDbEntity
  8
stiffener
100
AcDbLine
 10
3529.4436199999996
 20
-3416.8149999999996
 30
0.0
 11
3529.4436199999996
 21
-3316.8149999999996
 31
0.0
  0
LINE
  5
3B2
330
17
100
AcDbEntity
  8
stiffener
100
AcDbLine
 10
9201.71764
 20
-6141.8
 30
0.0
 11
13400.951640000001
 21
-8566.300000000001
 31
0.0
  0
LINE
  5
3B3
330
17
100
AcDbEntity
  8
stiffener
100
AcDbLine
 10
13400.951640000001
 20
-8566.300000000001
 30
0.0
 11
13357.65164
 21
-8591.300000000001
 31
0.0
  0
LINE
  5
3B4
330
17
100
AcDbEntity
  8
stiffener
100
AcDbLine
 10
13357.65164
 20
-8591.300000000001
 30
0.0
 11
9158.417640000001
 21
-6166.8
 31
0.0
  0
LINE
  5
3B5
330
17
100
AcDbEntity
  8
stiffener
100
AcDbLine
 10
9158.417640000001
 20
-6166.8
 30
0.0
 11
9201.71764
 21
-6141.8
 31
0.0
  0
LINE
  5
3B6
330
17
100
AcDbEntity
  8
stiffener
100
AcDbLine
 10
9201.71764
 20
-6041.8
 30
0.0
 11
13400.951640000001
 21
-8466.300000000001
 31
0.0
  0
LINE
  5
3B7
330
17
100
AcDbEntity
  8
stiffener
100
AcDbLine
 10
13400.951640000001
 20
-8466.300000000001
 30
0.0
 11
13357.65164
 21
-8491.300000000001
 31
0.0
  0
LINE
  5
3B8
330
17
100
AcDbEntity
  8
stiffener
100
AcDbLine
 10
13357.65164
 20
-8491.300000000001
 30
0.0
 11
9158.417640000001
 21
-6066.8
 31
0.0
  0
LINE
  5
3B9
330
17
100
AcDbEntity
  8
stiffener
100
AcDbLine
 10
9158.417640000001
 20
-6066.8
 30
0.0
 11
9201.71764
 21
-6041.8
 31
0.0
  0
LINE
  5
3BA
330
17
100
AcDbEntity
  8
stiffener
100
AcDbLine
 10
9201.71764
 20
-6141.8
 30
0.0
 11
9201.71764
 21
-6041.8
 31
0.0
  0
LINE
  5
3BB
330
17
100
AcDbEntity
  8
stiffener
100
AcDbLine
 10
13400.951640000001
 20
-8566.300000000001
 30
0.0
 11
13400.951640000001
 21
-8466.300000000001
 31
0.0
  0
LINE
  5
3BC
330
17
100
AcDbEntity
  8
stiffener
100
AcDbLine
 10
13357.65164
 20
-8591.300000000001
 30
0.0
 11
13357.65164
 21
-8491.300000000001
 31
0.0
  0
LINE
  5
3BD
330
17
100
AcDbEntity
  8
stiffener
100
AcDbLine
 10
9158.417640000001
 20
-6166.8
 30
0.0
 11
9158.417640000001
 21
-6066.8
 31
0.0
  0
LINE
  5
3BE
330
17
100
AcDbEntity
  8
stiffener
100
AcDbLine
 10
8768.71764
 20
-6391.8
 30
0.0
 11
12794.75164
 21
-8716.300000000001
 31
0.0
  0
LINE
  5
3BF
330
17
100
AcDbEntity
  8
stiffener
100
AcDbLine
 10
12794.75164
 20
-8716.300000000001
 30
0.0
 11
12751.451640000001
 21
-8741.300000000001
 31
0.0
  0
LINE
  5
3C0
330
17
100
AcDbEntity
  8
stiffener
100
AcDbLine
 10
12751.451640000001
 20
-8741.300000000001
 30
0.0
 11
8725.417640000001
 21
-6416.8
 31
0.0
  0
LINE
  5
3C1
330
17
100
AcDbEntity
  8
stiffener
100
AcDbLine
 10
8725.417640000001
 20
-6416.8
 30
0.0
 11
8768.71764
 21
-6391.8
 31
0.0
  0
LINE
  5
3C2
330
17
100
AcDbEntity
  8
stiffener
100
AcDbLine
 10
8768.71764
 20
-6291.8
 30
0.0
 11
12794.75164
 21
-8616.300000000001
 31
0.0
  0
LINE
  5
3C3
330
17
100
AcDbEntity
  8
stiffener
100
AcDbLine
 10
12794.75164
 20
-8616.300000000001
 30
0.0
 11
12751.451640000001
 21
-8641.300000000001
 31
0.0
  0
LINE
  5
3C4
330
17
100
AcDbEntity
  8
stiffener
100
AcDbLine
 10
12751.451640000001
 20
-8641.300000000001
 30
0.0
 11
8725.417640000001
 21
-6316.8
 31
0.0
  0
LINE
  5
3C5
330
17
100
AcDbEntity
  8
stiffener
100
AcDbLine
 10
8725.417640000001
 20
-6316.8
 30
0.0
 11
8768.71764
 21
-6291.8
 31
0.0
  0
LINE
  5
3C6
330
17
100
AcDbEntity
  8
stiffener
100
AcDbLine
 10
8768.71764
 20
-6391.8
 30
0.0
 11
8768.71764
 21
-6291.8
 31
0.0
  0
LINE
  5
3C7
330
17
100
AcDbEntity
  8
stiffener
100
AcDbLine
 10
12794.75164
 20
-8716.300000000001
 30
0.0
 11
12794.75164
 21
-8616.300000000001
 31
0.0
  0
LINE
  5
3C8
330
17
100
AcDbEntity
  8
stiffener
100
AcDbLine
 10
12751.451640000001
 20
-8741.300000000001
 30
0.0
 11
12751.451640000001
 21
-8641.300000000001
 31
0.0
  0
LINE
  5
3C9
330
17
100
AcDbEntity
  8
stiffener
100
AcDbLine
 10
8725.417640000001
 20
-6416.8
 30
0.0
 11
8725.417640000001
 21
-6316.8
 31
0.0
  0
LINE
  5
3CA
330
17
100
AcDbEntity
  8
stiffener
100
AcDbLine
 10
-2792.82402
 20
283.4850000000001
 30
0.0
 11
1407.2759800000006
 21
-2141.5150000000003
 31
0.0
  0
LINE
  5
3CB
330
17
100
AcDbEntity
  8
stiffener
100
AcDbLine
 10
1407.2759800000006
 20
-2141.5150000000003
 30
0.0
 11
1363.9759800000006
 21
-2166.5150000000003
 31
0.0
  0
LINE
  5
3CC
330
17
100
AcDbEntity
  8
stiffener
100
AcDbLine
 10
1363.9759800000006
 20
-2166.5150000000003
 30
0.0
 11
-2836.1240199999997
 21
258.4850000000001
 31
0.0
  0
LINE
  5
3CD
330
17
100
AcDbEntity
  8
stiffener
100
AcDbLine
 10
-2836.1240199999997
 20
258.4850000000001
 30
0.0
 11
-2792.82402
 21
283.4850000000001
 31
0.0
  0
LINE
  5
3CE
330
17
100
AcDbEntity
  8
stiffener
100
AcDbLine
 10
-2792.82402
 20
383.4850000000001
 30
0.0
 11
1407.2759800000006
 21
-2041.515
 31
0.0
  0
LINE
  5
3CF
330
17
100
AcDbEntity
  8
stiffener
100
AcDbLine
 10
1407.2759800000006
 20
-2041.515
 30
0.0
 11
1363.9759800000006
 21
-2066.5150000000003
 31
0.0
  0
LINE
  5
3D0
330
17
100
AcDbEntity
  8
stiffener
100
AcDbLine
 10
1363.9759800000006
 20
-2066.5150000000003
 30
0.0
 11
-2836.1240199999997
 21
358.4850000000001
 31
0.0
  0
LINE
  5
3D1
330
17
100
AcDbEntity
  8
stiffener
100
AcDbLine
 10
-2836.1240199999997
 20
358.4850000000001
 30
0.0
 11
-2792.82402
 21
383.4850000000001
 31
0.0
  0
LINE
  5
3D2
330
17
100
AcDbEntity
  8
stiffener
100
AcDbLine
 10
-2792.82402
 20
283.4850000000001
 30
0.0
 11
-2792.82402
 21
383.4850000000001
 31
0.0
  0
LINE
  5
3D3
330
17
100
AcDbEntity
  8
stiffener
100
AcDbLine
 10
1407.2759800000006
 20
-2141.5150000000003
 30
0.0
 11
1407.2759800000006
 21
-2041.515
 31
0.0
  0
LINE
  5
3D4
330
17
100
AcDbEntity
  8
stiffener
100
AcDbLine
 10
1363.9759800000006
 20
-2166.5150000000003
 30
0.0
 11
1363.9759800000006
 21
-2066.5150000000003
 31
0.0
  0
LINE
  5
3D5
330
17
100
AcDbEntity
  8
stiffener
100
AcDbLine
 10
-2836.1240199999997
 20
258.4850000000001
 30
0.0
 11
-2836.1240199999997
 21
358.4850000000001
 31
0.0
  0
LINE
  5
3D6
330
17
100
AcDbEntity
  8
stiffener
100
AcDbLine
 10
-3225.82402
 20
33.48500000000013
 30
0.0
 11
974.2759800000006
 21
-2391.5150000000003
 31
0.0
  0
LINE
  5
3D7
330
17
100
AcDbEntity
  8
stiffener
100
AcDbLine
 10
974.2759800000006
 20
-2391.5150000000003
 30
0.0
 11
930.9759800000005
 21
-2416.5150000000003
 31
0.0
  0
LINE
  5
3D8
330
17
100
AcDbEntity
  8
stiffener
100
AcDbLine
 10
930.9759800000005
 20
-2416.5150000000003
 30
0.0
 11
-3269.1240199999997
 21
8.485000000000127
 31
0.0
  0
LINE
  5
3D9
330
17
100
AcDbEntity
  8
stiffener
100
AcDbLine
 10
-3269.1240199999997
 20
8.485000000000127
 30
0.0
 11
-3225.82402
 21
33.48500000000013
 31
0.0
  0
LINE
  5
3DA
330
17
100
AcDbEntity
  8
stiffener
100
AcDbLine
 10
-3225.82402
 20
133.48500000000013
 30
0.0
 11
974.2759800000006
 21
-2291.5150000000003
 31
0.0
  0
LINE
  5
3DB
330
17
100
AcDbEntity
  8
stiffener
100
AcDbLine
 10
974.2759800000006
 20
-2291.5150000000003
 30
0.0
 11
930.9759800000005
 21
-2316.5150000000003
 31
0.0
  0
LINE
  5
3DC
330
17
100
AcDbEntity
  8
stiffener
100
AcDbLine
 10
930.9759800000005
 20
-2316.5150000000003
 30
0.0
 11
-3269.1240199999997
 21
108.48500000000013
 31
0.0
  0
LINE
  5
3DD
330
17
100
AcDbEntity
  8
stiffener
100
AcDbLine
 10
-3269.1240199999997
 20
108.48500000000013
 30
0.0
 11
-3225.82402
 21
133.48500000000013
 31
0.0
  0
LINE
  5
3DE
330
17
100
AcDbEntity
  8
stiffener
100
AcDbLine
 10
-3225.82402
 20
33.48500000000013
 30
0.0
 11
-3225.82402
 21
133.48500000000013
 31
0.0
  0
LINE
  5
3DF
330
17
100
AcDbEntity
  8
stiffener
100
AcDbLine
 10
974.2759800000006
 20
-2391.5150000000003
 30
0.0
 11
974.2759800000006
 21
-2291.5150000000003
 31
0.0
  0
LINE
  5
3E0
330
17
100
AcDbEntity
  8
stiffener
100
AcDbLine
 10
930.9759800000005
 20
-2416.5150000000003
 30
0.0
 11
930.9759800000005
 21
-2316.5150000000003
 31
0.0
  0
LINE
  5
3E1
330
17
100
AcDbEntity
  8
stiffener
100
AcDbLine
 10
-3269.1240199999997
 20
8.485000000000127
 30
0.0
 11
-3269.1240199999997
 21
108.48500000000013
 31
0.0
  0
LINE
  5
3E2
330
17
100
AcDbEntity
  8
stiffener
100
AcDbLine
 10
3139.7522799999997
 20
-3141.79
 30
0.0
 11
7815.28628
 21
-5841.29
 31
0.0
  0
LINE
  5
3E3
330
17
100
AcDbEntity
  8
stiffener
100
AcDbLine
 10
7815.28628
 20
-5841.29
 30
0.0
 11
7771.98628
 21
-5866.29
 31
0.0
  0
LINE
  5
3E4
330
17
100
AcDbEntity
  8
stiffener
100
AcDbLine
 10
7771.98628
 20
-5866.29
 30
0.0
 11
3096.45228
 21
-3166.79
 31
0.0
  0
LINE
  5
3E5
330
17
100
AcDbEntity
  8
stiffener
100
AcDbLine
 10
3096.45228
 20
-3166.79
 30
0.0
 11
3139.7522799999997
 21
-3141.79
 31
0.0
  0
LINE
  5
3E6
330
17
100
AcDbEntity
  8
stiffener
100
AcDbLine
 10
3139.7522799999997
 20
-3041.79
 30
0.0
 11
7815.28628
 21
-5741.29
 31
0.0
  0
LINE
  5
3E7
330
17
100
AcDbEntity
  8
stiffener
100
AcDbLine
 10
7815.28628
 20
-5741.29
 30
0.0
 11
7771.98628
 21
-5766.29
 31
0.0
  0
LINE
  5
3E8
330
17
100
AcDbEntity
  8
stiffener
100
AcDbLine
 10
7771.98628
 20
-5766.29
 30
0.0
 11
3096.45228
 21
-3066.79
 31
0.0
  0
LINE
  5
3E9
330
17
100
AcDbEntity
  8
stiffener
100
AcDbLine
 10
3096.45228
 20
-3066.79
 30
0.0
 11
3139.7522799999997
 21
-3041.79
 31
0.0
  0
LINE
  5
3EA
330
17
100
AcDbEntity
  8
stiffener
100
AcDbLine
 10
3139.7522799999997
 20
-3141.79
 30
0.0
 11
3139.7522799999997
 21
-3041.79
 31
0.0
  0
LINE
  5
3EB
330
17
100
AcDbEntity
  8
stiffener
100
AcDbLine
 10
7815.28628
 20
-5841.29
 30
0.0
 11
7815.28628
 21
-5741.29
 31
0.0
  0
LINE
  5
3EC
330
17
100
AcDbEntity
  8
stiffener
100
AcDbLine
 10
7771.98628
 20
-5866.29
 30
0.0
 11
7771.98628
 21
-5766.29
 31
0.0
  0
LINE
  5
3ED
330
17
100
AcDbEntity
  8
stiffener
100
AcDbLine
 10
3096.45228
 20
-3166.79
 30
0.0
 11
3096.45228
 21
-3066.79
 31
0.0
  0
LINE
  5
3EE
330
17
100
AcDbEntity
  8
stiffener
100
AcDbLine
 10
2706.7522799999997
 20
-3391.79
 30
0.0
 11
7382.28628
 21
-6091.29
 31
0.0
  0
LINE
  5
3EF
330
17
100
AcDbEntity
  8
stiffener
100
AcDbLine
 10
7382.28628
 20
-6091.29
 30
0.0
 11
7338.98628
 21
-6116.29
 31
0.0
  0
LINE
  5
3F0
330
17
100
AcDbEntity
  8
stiffener
100
AcDbLine
 10
7338.98628
 20
-6116.29
 30
0.0
 11
2663.45228
 21
-3416.79
 31
0.0
  0
LINE
  5
3F1
330
17
100
AcDbEntity
  8
stiffener
100
AcDbLine
 10
2663.45228
 20
-3416.79
 30
0.0
 11
2706.7522799999997
 21
-3391.79
 31
0.0
  0
LINE
  5
3F2
330
17
100
AcDbEntity
  8
stiffener
100
AcDbLine
 10
2706.7522799999997
 20
-3291.79
 30
0.0
 11
7382.28628
 21
-5991.29
 31
0.0
  0
LINE
  5
3F3
330
17
100
AcDbEntity
  8
stiffener
100
AcDbLine
 10
7382.28628
 20
-5991.29
 30
0.0
 11
7338.98628
 21
-6016.29
 31
0.0
  0
LINE
  5
3F4
330
17
100
AcDbEntity
  8
stiffener
100
AcDbLine
 10
7338.98628
 20
-6016.29
 30
0.0
 11
2663.45228
 21
-3316.79
 31
0.0
  0
LINE
  5
3F5
330
17
100
AcDbEntity
  8
stiffener
100
AcDbLine
 10
2663.45228
 20
-3316.79
 30
0.0
 11
2706.7522799999997
 21
-3291.79
 31
0.0
  0
LINE
  5
3F6
330
17
100
AcDbEntity
  8
stiffener
100
AcDbLine
 10
2706.7522799999997
 20
-3391.79
 30
0.0
 11
2706.7522799999997
 21
-3291.79
 31
0.0
  0
LINE
  5
3F7
330
17
100
AcDbEntity
  8
stiffener
100
AcDbLine
 10
7382.28628
 20
-6091.29
 30
0.0
 11
7382.28628
 21
-5991.29
 31
0.0
  0
LINE
  5
3F8
330
17
100
AcDbEntity
  8
stiffener
100
AcDbLine
 10
7338.98628
 20
-6116.29
 30
0.0
 11
7338.98628
 21
-6016.29
 31
0.0
  0
LINE
  5
3F9
330
17
100
AcDbEntity
  8
stiffener
100
AcDbLine
 10
2663.45228
 20
-3416.79
 30
0.0
 11
2663.45228
 21
-3316.79
 31
0.0
  0
LINE
  5
3FA
330
17
100
AcDbEntity
  8
stiffener
100
AcDbLine
 10
8335.7263
 20
-6141.775000000001
 30
0.0
 11
12534.9603
 21
-8566.275
 31
0.0
  0
LINE
  5
3FB
330
17
100
AcDbEntity
  8
stiffener
100
AcDbLine
 10
12534.9603
 20
-8566.275
 30
0.0
 11
12491.660300000001
 21
-8591.275
 31
0.0
  0
LINE
  5
3FC
330
17
100
AcDbEntity
  8
stiffener
100
AcDbLine
 10
12491.660300000001
 20
-8591.275
 30
0.0
 11
8292.426300000001
 21
-6166.775000000001
 31
0.0
  0
LINE
  5
3FD
330
17
100
AcDbEntity
  8
stiffener
100
AcDbLine
 10
8292.426300000001
 20
-6166.775000000001
 30
0.0
 11
8335.7263
 21
-6141.775000000001
 31
0.0
  0
LINE
  5
3FE
330
17
100
AcDbEntity
  8
stiffener
100
AcDbLine
 10
8335.7263
 20
-6041.775000000001
 30
0.0
 11
12534.9603
 21
-8466.275
 31
0.0
  0
LINE
  5
3FF
330
17
100
AcDbEntity
  8
stiffener
100
AcDbLine
 10
12534.9603
 20
-8466.275
 30
0.0
 11
12491.660300000001
 21
-8491.275
 31
0.0
  0
LINE
  5
400
330
17
100
AcDbEntity
  8
stiffener
100
AcDbLine
 10
12491.660300000001
 20
-8491.275
 30
0.0
 11
8292.426300000001
 21
-6066.775000000001
 31
0.0
  0
LINE
  5
401
330
17
100
AcDbEntity
  8
stiffener
100
AcDbLine
 10
8292.426300000001
 20
-6066.775000000001
 30
0.0
 11
8335.7263
 21
-6041.775000000001
 31
0.0
  0
LINE
  5
402
330
17
100
AcDbEntity
  8
stiffener
100
AcDbLine
 10
8335.7263
 20
-6141.775000000001
 30
0.0
 11
8335.7263
 21
-6041.775000000001
 31
0.0
  0
LINE
  5
403
330
17
100
AcDbEntity
  8
stiffener
100
AcDbLine
 10
12534.9603
 20
-8566.275
 30
0.0
 11
12534.9603
 21
-8466.275
 31
0.0
  0
LINE
  5
404
330
17
100
AcDbEntity
  8
stiffener
100
AcDbLine
 10
12491.660300000001
 20
-8591.275
 30
0.0
 11
12491.660300000001
 21
-8491.275
 31
0.0
  0
LINE
  5
405
330
17
100
AcDbEntity
  8
stiffener
100
AcDbLine
 10
8292.426300000001
 20
-6166.775000000001
 30
0.0
 11
8292.426300000001
 21
-6066.775000000001
 31
0.0
  0
LINE
  5
406
330
17
100
AcDbEntity
  8
stiffener
100
AcDbLine
 10
7902.726300000001
 20
-6391.775
 30
0.0
 11
12101.9603
 21
-8816.275
 31
0.0
  0
LINE
  5
407
330
17
100
AcDbEntity
  8
stiffener
100
AcDbLine
 10
12101.9603
 20
-8816.275
 30
0.0
 11
12058.660300000001
 21
-8841.275
 31
0.0
  0
LINE
  5
408
330
17
100
AcDbEntity
  8
stiffener
100
AcDbLine
 10
12058.660300000001
 20
-8841.275
 30
0.0
 11
7859.426300000001
 21
-6416.775
 31
0.0
  0
LINE
  5
409
330
17
100
AcDbEntity
  8
stiffener
100
AcDbLine
 10
7859.426300000001
 20
-6416.775
 30
0.0
 11
7902.726300000001
 21
-6391.775
 31
0.0
  0
LINE
  5
40A
330
17
100
AcDbEntity
  8
stiffener
100
AcDbLine
 10
7902.726300000001
 20
-6291.775
 30
0.0
 11
12101.9603
 21
-8716.275
 31
0.0
  0
LINE
  5
40B
330
17
100
AcDbEntity
  8
stiffener
100
AcDbLine
 10
12101.9603
 20
-8716.275
 30
0.0
 11
12058.660300000001
 21
-8741.275
 31
0.0
  0
LINE
  5
40C
330
17
100
AcDbEntity
  8
stiffener
100
AcDbLine
 10
12058.660300000001
 20
-8741.275
 30
0.0
 11
7859.426300000001
 21
-6316.775
 31
0.0
  0
LINE
  5
40D
330
17
100
AcDbEntity
  8
stiffener
100
AcDbLine
 10
7859.426300000001
 20
-6316.775
 30
0.0
 11
7902.726300000001
 21
-6291.775
 31
0.0
  0
LINE
  5
40E
330
17
100
AcDbEntity
  8
stiffener
100
AcDbLine
 10
7902.726300000001
 20
-6391.775
 30
0.0
 11
7902.726300000001
 21
-6291.775
 31
0.0
  0
LINE
  5
40F
330
17
100
AcDbEntity
  8
stiffener
100
AcDbLine
 10
12101.9603
 20
-8816.275
 30
0.0
 11
12101.9603
 21
-8716.275
 31
0.0
  0
LINE
  5
410
330
17
100
AcDbEntity
  8
stiffener
100
AcDbLine
 10
12058.660300000001
 20
-8841.275
 30
0.0
 11
12058.660300000001
 21
-8741.275
 31
0.0
  0
LINE
  5
411
330
17
100
AcDbEntity
  8
stiffener
100
AcDbLine
 10
7859.426300000001
 20
-6416.775
 30
0.0
 11
7859.426300000001
 21
-6316.775
 31
0.0
  0
LINE
  5
412
330
17
100
AcDbEntity
  8
stiffener
100
AcDbLine
 10
-3658.84134
 20
283.47499999999945
 30
0.0
 11
541.2586600000002
 21
-2141.5250000000005
 31
0.0
  0
LINE
  5
413
330
17
100
AcDbEntity
  8
stiffener
100
AcDbLine
 10
541.2586600000002
 20
-2141.5250000000005
 30
0.0
 11
497.9586600000002
 21
-2166.5250000000005
 31
0.0
  0
LINE
  5
414
330
17
100
AcDbEntity
  8
stiffener
100
AcDbLine
 10
497.9586600000002
 20
-2166.5250000000005
 30
0.0
 11
-3702.1413399999997
 21
258.47499999999945
 31
0.0
  0
LINE
  5
415
330
17
100
AcDbEntity
  8
stiffener
100
AcDbLine
 10
-3702.1413399999997
 20
258.47499999999945
 30
0.0
 11
-3658.84134
 21
283.47499999999945
 31
0.0
  0
LINE
  5
416
330
17
100
AcDbEntity
  8
stiffener
100
AcDbLine
 10
-3658.84134
 20
383.47499999999945
 30
0.0
 11
541.2586600000002
 21
-2041.5250000000005
 31
0.0
  0
LINE
  5
417
330
17
100
AcDbEntity
  8
stiffener
100
AcDbLine
 10
541.2586600000002
 20
-2041.5250000000005
 30
0.0
 11
497.9586600000002
 21
-2066.5250000000005
 31
0.0
  0
LINE
  5
418
330
17
100
AcDbEntity
  8
stiffener
100
AcDbLine
 10
497.9586600000002
 20
-2066.5250000000005
 30
0.0
 11
-3702.1413399999997
 21
358.47499999999945
 31
0.0
  0
LINE
  5
419
330
17
100
AcDbEntity
  8
stiffener
100
AcDbLine
 10
-3702.1413399999997
 20
358.47499999999945
 30
0.0
 11
-3658.84134
 21
383.47499999999945
 31
0.0
  0
LINE
  5
41A
330
17
100
AcDbEntity
  8
stiffener
100
AcDbLine
 10
-3658.84134
 20
283.47499999999945
 30
0.0
 11
-3658.84134
 21
383.47499999999945
 31
0.0
  0
LINE
  5
41B
330
17
100
AcDbEntity
  8
stiffener
100
AcDbLine
 10
541.2586600000002
 20
-2141.5250000000005
 30
0.0
 11
541.2586600000002
 21
-2041.5250000000005
 31
0.0
  0
LINE
  5
41C
330
17
100
AcDbEntity
  8
stiffener
100
AcDbLine
 10
497.9586600000002
 20
-2166.5250000000005
 30
0.0
 11
497.9586600000002
 21
-2066.5250000000005
 31
0.0
  0
LINE
  5
41D
330
17
100
AcDbEntity
  8
stiffener
100
AcDbLine
 10
-3702.1413399999997
 20
258.47499999999945
 30
0.0
 11
-3702.1413399999997
 21
358.47499999999945
 31
0.0
  0
LINE
  5
41E
330
17
100
AcDbEntity
  8
stiffener
100
AcDbLine
 10
-4091.84134
 20
33.474999999999454
 30
0.0
 11
108.25866000000019
 21
-2391.5250000000005
 31
0.0
  0
LINE
  5
41F
330
17
100
AcDbEntity
  8
stiffener
100
AcDbLine
 10
108.25866000000019
 20
-2391.5250000000005
 30
0.0
 11
64.9586600000002
 21
-2416.5250000000005
 31
0.0
  0
LINE
  5
420
330
17
100
AcDbEntity
  8
stiffener
100
AcDbLine
 10
64.9586600000002
 20
-2416.5250000000005
 30
0.0
 11
-4135.14134
 21
8.474999999999454
 31
0.0
  0
LINE
  5
421
330
17
100
AcDbEntity
  8
stiffener
100
AcDbLine
 10
-4135.14134
 20
8.474999999999454
 30
0.0
 11
-4091.84134
 21
33.474999999999454
 31
0.0
  0
LINE
  5
422
330
17
100
AcDbEntity
  8
stiffener
100
AcDbLine
 10
-4091.84134
 20
133.47499999999945
 30
0.0
 11
108.25866000000019
 21
-2291.5250000000005
 31
0.0
  0
LINE
  5
423
330
17
100
AcDbEntity
  8
stiffener
100
AcDbLine
 10
108.25866000000019
 20
-2291.5250000000005
 30
0.0
 11
64.9586600000002
 21
-2316.5250000000005
 31
0.0
  0
LINE
  5
424
330
17
100
AcDbEntity
  8
stiffener
100
AcDbLine
 10
64.9586600000002
 20
-2316.5250000000005
 30
0.0
 11
-4135.14134
 21
108.47499999999945
 31
0.0
  0
LINE
  5
425
330
17
100
AcDbEntity
  8
stiffener
100
AcDbLine
 10
-4135.14134
 20
108.47499999999945
 30
0.0
 11
-4091.84134
 21
133.47499999999945
 31
0.0
  0
LINE
  5
426
330
17
100
AcDbEntity
  8
stiffener
100
AcDbLine
 10
-4091.84134
 20
33.474999999999454
 30
0.0
 11
-4091.84134
 21
133.47499999999945
 31
0.0
  0
LINE
  5
427
330
17
100
AcDbEntity
  8
stiffener
100
AcDbLine
 10
108.25866000000019
 20
-2391.5250000000005
 30
0.0
 11
108.25866000000019
 21
-2291.5250000000005
 31
0.0
  0
LINE
  5
428
330
17
100
AcDbEntity
  8
stiffener
100
AcDbLine
 10
64.9586600000002
 20
-2416.5250000000005
 30
0.0
 11
64.9586600000002
 21
-2316.5250000000005
 31
0.0
  0
LINE
  5
429
330
17
100
AcDbEntity
  8
stiffener
100
AcDbLine
 10
-4135.14134
 20
8.474999999999454
 30
0.0
 11
-4135.14134
 21
108.47499999999945
 31
0.0
  0
LINE
  5
42A
330
17
100
AcDbEntity
  8
stiffener
100
AcDbLine
 10
2273.7349599999993
 20
-3141.8
 30
0.0
 11
6949.268959999999
 21
-5841.300000000001
 31
0.0
  0
LINE
  5
42B
330
17
100
AcDbEntity
  8
stiffener
100
AcDbLine
 10
6949.268959999999
 20
-5841.300000000001
 30
0.0
 11
6905.968959999999
 21
-5866.300000000001
 31
0.0
  0
LINE
  5
42C
330
17
100
AcDbEntity
  8
stiffener
100
AcDbLine
 10
6905.968959999999
 20
-5866.300000000001
 30
0.0
 11
2230.4349599999996
 21
-3166.8
 31
0.0
  0
LINE
  5
42D
330
17
100
AcDbEntity
  8
stiffener
100
AcDbLine
 10
2230.4349599999996
 20
-3166.8
 30
0.0
 11
2273.7349599999993
 21
-3141.8
 31
0.0
  0
LINE
  5
42E
330
17
100
AcDbEntity
  8
stiffener
100
AcDbLine
 10
2273.7349599999993
 20
-3041.8
 30
0.0
 11
6949.268959999999
 21
-5741.300000000001
 31
0.0
  0
LINE
  5
42F
330
17
100
AcDbEntity
  8
stiffener
100
AcDbLine
 10
6949.268959999999
 20
-5741.300000000001
 30
0.0
 11
6905.968959999999
 21
-5766.300000000001
 31
0.0
  0
LINE
  5
430
330
17
100
AcDbEntity
  8
stiffener
100
AcDbLine
 10
6905.968959999999
 20
-5766.300000000001
 30
0.0
 11
2230.4349599999996
 21
-3066.8
 31
0.0
  0
LINE
  5
431
330
17
100
AcDbEntity
  8
stiffener
100
AcDbLine
 10
2230.4349599999996
 20
-3066.8
 30
0.0
 11
2273.7349599999993
 21
-3041.8
 31
0.0
  0
LINE
  5
432
330
17
100
AcDbEntity
  8
stiffener
100
AcDbLine
 10
2273.7349599999993
 20
-3141.8
 30
0.0
 11
2273.7349599999993
 21
-3041.8
 31
0.0
  0
LINE
  5
433
330
17
100
AcDbEntity
  8
stiffener
100
AcDbLine
 10
6949.268959999999
 20
-5841.300000000001
 30
0.0
 11
6949.268959999999
 21
-5741.300000000001
 31
0.0
  0
LINE
  5
434
330
17
100
AcDbEntity
  8
stiffener
100
AcDbLine
 10
6905.968959999999
 20
-5866.300000000001
 30
0.0
 11
6905.968959999999
 21
-5766.300000000001
 31
0.0
  0
LINE
  5
435
330
17
100
AcDbEntity
  8
stiffener
100
AcDbLine
 10
2230.4349599999996
 20
-3166.8
 30
0.0
 11
2230.4349599999996
 21
-3066.8
 31
0.0
  0
LINE
  5
436
330
17
100
AcDbEntity
  8
stiffener
100
AcDbLine
 10
1840.7349599999995
 20
-3391.8
 30
0.0
 11
6516.268959999999
 21
-6091.300000000001
 31
0.0
  0
LINE
  5
437
330
17
100
AcDbEntity
  8
stiffener
100
AcDbLine
 10
6516.268959999999
 20
-6091.300000000001
 30
0.0
 11
6472.968959999999
 21
-6116.300000000001
 31
0.0
  0
LINE
  5
438
330
17
100
AcDbEntity
  8
stiffener
100
AcDbLine
 10
6472.968959999999
 20
-6116.300000000001
 30
0.0
 11
1797.4349599999996
 21
-3416.8
 31
0.0
  0
LINE
  5
439
330
17
100
AcDbEntity
  8
stiffener
100
AcDbLine
 10
1797.4349599999996
 20
-3416.8
 30
0.0
 11
1840.7349599999995
 21
-3391.8
 31
0.0
  0
LINE
  5
43A
330
17
100
AcDbEntity
  8
stiffener
100
AcDbLine
 10
1840.7349599999995
 20
-3291.8
 30
0.0
 11
6516.268959999999
 21
-5991.300000000001
 31
0.0
  0
LINE
  5
43B
330
17
100
AcDbEntity
  8
stiffener
100
AcDbLine
 10
6516.268959999999
 20
-5991.300000000001
 30
0.0
 11
6472.968959999999
 21
-6016.300000000001
 31
0.0
  0
LINE
  5
43C
330
17
100
AcDbEntity
  8
stiffener
100
AcDbLine
 10
6472.968959999999
 20
-6016.300000000001
 30
0.0
 11
1797.4349599999996
 21
-3316.8
 31
0.0
  0
LINE
  5
43D
330
17
100
AcDbEntity
  8
stiffener
100
AcDbLine
 10
1797.4349599999996
 20
-3316.8
 30
0.0
 11
1840.7349599999995
 21
-3291.8
 31
0.0
  0
LINE
  5
43E
330
17
100
AcDbEntity
  8
stiffener
100
AcDbLine
 10
1840.7349599999995
 20
-3391.8
 30
0.0
 11
1840.7349599999995
 21
-3291.8
 31
0.0
  0
LINE
  5
43F
330
17
100
AcDbEntity
  8
stiffener
100
AcDbLine
 10
6516.268959999999
 20
-6091.300000000001
 30
0.0
 11
6516.268959999999
 21
-5991.300000000001
 31
0.0
  0
LINE
  5
440
330
17
100
AcDbEntity
  8
stiffener
100
AcDbLine
 10
6472.968959999999
 20
-6116.300000000001
 30
0.0
 11
6472.968959999999
 21
-6016.300000000001
 31
0.0
  0
LINE
  5
441
330
17
100
AcDbEntity
  8
stiffener
100
AcDbLine
 10
1797.4349599999996
 20
-3416.8
 30
0.0
 11
1797.4349599999996
 21
-3316.8
 31
0.0
  0
LINE
  5
442
330
17
100
AcDbEntity
  8
stiffener
100
AcDbLine
 10
7469.70898
 20
-6141.785000000002
 30
0.0
 11
11668.94298
 21
-8566.285000000002
 31
0.0
  0
LINE
  5
443
330
17
100
AcDbEntity
  8
stiffener
100
AcDbLine
 10
11668.94298
 20
-8566.285000000002
 30
0.0
 11
11625.64298
 21
-8591.285000000002
 31
0.0
  0
LINE
  5
444
330
17
100
AcDbEntity
  8
stiffener
100
AcDbLine
 10
11625.64298
 20
-8591.285000000002
 30
0.0
 11
7426.40898
 21
-6166.785000000002
 31
0.0
  0
LINE
  5
445
330
17
100
AcDbEntity
  8
stiffener
100
AcDbLine
 10
7426.40898
 20
-6166.785000000002
 30
0.0
 11
7469.70898
 21
-6141.785000000002
 31
0.0
  0
LINE
  5
446
330
17
100
AcDbEntity
  8
stiffener
100
AcDbLine
 10
7469.70898
 20
-6041.785000000002
 30
0.0
 11
11668.94298
 21
-8466.285000000002
 31
0.0
  0
LINE
  5
447
330
17
100
AcDbEntity
  8
stiffener
100
AcDbLine
 10
11668.94298
 20
-8466.285000000002
 30
0.0
 11
11625.64298
 21
-8491.285000000002
 31
0.0
  0
LINE
  5
448
330
17
100
AcDbEntity
  8
stiffener
100
AcDbLine
 10
11625.64298
 20
-8491.285000000002
 30
0.0
 11
7426.40898
 21
-6066.785000000002
 31
0.0
  0
LINE
  5
449
330
17
100
AcDbEntity
  8
stiffener
100
AcDbLine
 10
7426.40898
 20
-6066.785000000002
 30
0.0
 11
7469.70898
 21
-6041.785000000002
 31
0.0
  0
LINE
  5
44A
330
17
100
AcDbEntity
  8
stiffener
100
AcDbLine
 10
7469.70898
 20
-6141.785000000002
 30
0.0
 11
7469.70898
 21
-6041.785000000002
 31
0.0
  0
LINE
  5
44B
330
17
100
AcDbEntity
  8
stiffener
100
AcDbLine
 10
11668.94298
 20
-8566.285000000002
 30
0.0
 11
11668.94298
 21
-8466.285000000002
 31
0.0
  0
LINE
  5
44C
330
17
100
AcDbEntity
  8
stiffener
100
AcDbLine
 10
11625.64298
 20
-8591.285000000002
 30
0.0
 11
11625.64298
 21
-8491.285000000002
 31
0.0
  0
LINE
  5
44D
330
17
100
AcDbEntity
  8
stiffener
100
AcDbLine
 10
7426.40898
 20
-6166.785000000002
 30
0.0
 11
7426.40898
 21
-6066.785000000002
 31
0.0
  0
LINE
  5
44E
330
17
100
AcDbEntity
  8
stiffener
100
AcDbLine
 10
7036.70898
 20
-6391.785000000002
 30
0.0
 11
11235.94298
 21
-8816.285000000002
 31
0.0
  0
LINE
  5
44F
330
17
100
AcDbEntity
  8
stiffener
100
AcDbLine
 10
11235.94298
 20
-8816.285000000002
 30
0.0
 11
11192.64298
 21
-8841.285000000002
 31
0.0
  0
LINE
  5
450
330
17
100
AcDbEntity
  8
stiffener
100
AcDbLine
 10
11192.64298
 20
-8841.285000000002
 30
0.0
 11
6993.40898
 21
-6416.785000000002
 31
0.0
  0
LINE
  5
451
330
17
100
AcDbEntity
  8
stiffener
100
AcDbLine
 10
6993.40898
 20
-6416.785000000002
 30
0.0
 11
7036.70898
 21
-6391.785000000002
 31
0.0
  0
LINE
  5
452
330
17
100
AcDbEntity
  8
stiffener
100
AcDbLine
 10
7036.70898
 20
-6291.785000000002
 30
0.0
 11
11235.94298
 21
-8716.285000000002
 31
0.0
  0
LINE
  5
453
330
17
100
AcDbEntity
  8
stiffener
100
AcDbLine
 10
11235.94298
 20
-8716.285000000002
 30
0.0
 11
11192.64298
 21
-8741.285000000002
 31
0.0
  0
LINE
  5
454
330
17
100
AcDbEntity
  8
stiffener
100
AcDbLine
 10
11192.64298
 20
-8741.285000000002
 30
0.0
 11
6993.40898
 21
-6316.785000000002
 31
0.0
  0
LINE
  5
455
330
17
100
AcDbEntity
  8
stiffener
100
AcDbLine
 10
6993.40898
 20
-6316.785000000002
 30
0.0
 11
7036.70898
 21
-6291.785000000002
 31
0.0
  0
LINE
  5
456
330
17
100
AcDbEntity
  8
stiffener
100
AcDbLine
 10
7036.70898
 20
-6391.785000000002
 30
0.0
 11
7036.70898
 21
-6291.785000000002
 31
0.0
  0
LINE
  5
457
330
17
100
AcDbEntity
  8
stiffener
100
AcDbLine
 10
11235.94298
 20
-8816.285000000002
 30
0.0
 11
11235.94298
 21
-8716.285000000002
 31
0.0
  0
LINE
  5
458
330
17
100
AcDbEntity
  8
stiffener
100
AcDbLine
 10
11192.64298
 20
-8841.285000000002
 30
0.0
 11
11192.64298
 21
-8741.285000000002
 31
0.0
  0
LINE
  5
459
330
17
100
AcDbEntity
  8
stiffener
100
AcDbLine
 10
6993.40898
 20
-6416.785000000002
 30
0.0
 11
6993.40898
 21
-6316.785000000002
 31
0.0
  0
LINE
  5
45A
330
17
100
AcDbEntity
  8
stiffener
100
AcDbLine
 10
1456.6986
 20
-607.95
 30
0.0
 11
1499.9986
 21
-632.95
 31
0.0
  0
LINE
  5
45B
330
17
100
AcDbEntity
  8
stiffener
100
AcDbLine
 10
1499.9986
 20
-632.95
 30
0.0
 11
743.1146
 21
-1069.95
 31
0.0
  0
LINE
  5
45C
330
17
100
AcDbEntity
  8
stiffener
100
AcDbLine
 10
743.1146
 20
-1069.95
 30
0.0
 11
699.8146
 21
-1044.95
 31
0.0
  0
LINE
  5
45D
330
17
100
AcDbEntity
  8
stiffener
100
AcDbLine
 10
699.8146
 20
-1044.95
 30
0.0
 11
1456.6986
 21
-607.95
 31
0.0
  0
LINE
  5
45E
330
17
100
AcDbEntity
  8
stiffener
100
AcDbLine
 10
1456.6986
 20
-507.95000000000005
 30
0.0
 11
1499.9986
 21
-532.95
 31
0.0
  0
LINE
  5
45F
330
17
100
AcDbEntity
  8
stiffener
100
AcDbLine
 10
1499.9986
 20
-532.95
 30
0.0
 11
743.1146
 21
-969.95
 31
0.0
  0
LINE
  5
460
330
17
100
AcDbEntity
  8
stiffener
100
AcDbLine
 10
743.1146
 20
-969.95
 30
0.0
 11
699.8146
 21
-944.95
 31
0.0
  0
LINE
  5
461
330
17
100
AcDbEntity
  8
stiffener
100
AcDbLine
 10
699.8146
 20
-944.95
 30
0.0
 11
1456.6986
 21
-507.95000000000005
 31
0.0
  0
LINE
  5
462
330
17
100
AcDbEntity
  8
stiffener
100
AcDbLine
 10
1456.6986
 20
-607.95
 30
0.0
 11
1456.6986
 21
-507.95000000000005
 31
0.0
  0
LINE
  5
463
330
17
100
AcDbEntity
  8
stiffener
100
AcDbLine
 10
1499.9986
 20
-632.95
 30
0.0
 11
1499.9986
 21
-532.95
 31
0.0
  0
LINE
  5
464
330
17
100
AcDbEntity
  8
stiffener
100
AcDbLine
 10
743.1146
 20
-1069.95
 30
0.0
 11
743.1146
 21
-969.95
 31
0.0
  0
LINE
  5
465
330
17
100
AcDbEntity
  8
stiffener
100
AcDbLine
 10
699.8146
 20
-1044.95
 30
0.0
 11
699.8146
 21
-944.95
 31
0.0
  0
LINE
  5
466
330
17
100
AcDbEntity
  8
stiffener
100
AcDbLine
 10
-76.09542
 20
277.035
 30
0.0
 11
-32.79542
 21
252.035
 31
0.0
  0
LINE
  5
467
330
17
100
AcDbEntity
  8
stiffener
100
AcDbLine
 10
-32.79542
 20
252.035
 30
0.0
 11
-789.67942
 21
-184.96499999999997
 31
0.0
  0
LINE
  5
468
330
17
100
AcDbEntity
  8
stiffener
100
AcDbLine
 10
-789.67942
 20
-184.96499999999997
 30
0.0
 11
-832.97942
 21
-159.96499999999997
 31
0.0
  0
LINE
  5
469
330
17
100
AcDbEntity
  8
stiffener
100
AcDbLine
 10
-832.97942
 20
-159.96499999999997
 30
0.0
 11
-76.09542
 21
277.035
 31
0.0
  0
LINE
  5
46A
330
17
100
AcDbEntity
  8
stiffener
100
AcDbLine
 10
-76.09542
 20
377.035
 30
0.0
 11
-32.79542
 21
352.03499999999997
 31
0.0
  0
LINE
  5
46B
330
17
100
AcDbEntity
  8
stiffener
100
AcDbLine
 10
-32.79542
 20
352.03499999999997
 30
0.0
 11
-789.67942
 21
-84.96499999999997
 31
0.0
  0
LINE
  5
46C
330
17
100
AcDbEntity
  8
stiffener
100
AcDbLine
 10
-789.67942
 20
-84.96499999999997
 30
0.0
 11
-832.97942
 21
-59.964999999999975
 31
0.0
  0
LINE
  5
46D
330
17
100
AcDbEntity
  8
stiffener
100
AcDbLine
 10
-832.97942
 20
-59.964999999999975
 30
0.0
 11
-76.09542
 21
377.035
 31
0.0
  0
LINE
  5
46E
330
17
100
AcDbEntity
  8
stiffener
100
AcDbLine
 10
-76.09542
 20
277.035
 30
0.0
 11
-76.09542
 21
377.035
 31
0.0
  0
LINE
  5
46F
330
17
100
AcDbEntity
  8
stiffener
100
AcDbLine
 10
-32.79542
 20
252.035
 30
0.0
 11
-32.79542
 21
352.03499999999997
 31
0.0
  0
LINE
  5
470
330
17
100
AcDbEntity
  8
stiffener
100
AcDbLine
 10
-789.67942
 20
-184.96499999999997
 30
0.0
 11
-789.67942
 21
-84.96499999999997
 31
0.0
  0
LINE
  5
471
330
17
100
AcDbEntity
  8
stiffener
100
AcDbLine
 10
-832.97942
 20
-159.96499999999997
 30
0.0
 11
-832.97942
 21
-59.964999999999975
 31
0.0
  0
LINE
  5
472
330
17
100
AcDbEntity
  8
stiffener
100
AcDbLine
 10
-942.13872
 20
277.01
 30
0.0
 11
-898.8387200000001
 21
252.01
 31
0.0
  0
LINE
  5
473
330
17
100
AcDbEntity
  8
stiffener
100
AcDbLine
 10
-898.8387200000001
 20
252.01
 30
0.0
 11
-1655.72272
 21
-184.99
 31
0.0
  0
LINE
  5
474
330
17
100
AcDbEntity
  8
stiffener
100
AcDbLine
 10
-1655.72272
 20
-184.99
 30
0.0
 11
-1699.02272
 21
-159.99
 31
0.0
  0
LINE
  5
475
330
17
100
AcDbEntity
  8
stiffener
100
AcDbLine
 10
-1699.02272
 20
-159.99
 30
0.0
 11
-942.13872
 21
277.01
 31
0.0
  0
LINE
  5
476
330
17
100
AcDbEntity
  8
stiffener
100
AcDbLine
 10
-942.13872
 20
377.01
 30
0.0
 11
-898.8387200000001
 21
352.01
 31
0.0
  0
LINE
  5
477
330
17
100
AcDbEntity
  8
stiffener
100
AcDbLine
 10
-898.8387200000001
 20
352.01
 30
0.0
 11
-1655.72272
 21
-84.99000000000001
 31
0.0
  0
LINE
  5
478
330
17
100
AcDbEntity
  8
stiffener
100
AcDbLine
 10
-1655.72272
 20
-84.99000000000001
 30
0.0
 11
-1699.02272
 21
-59.99000000000001
 31
0.0
  0
LINE
  5
479
330
17
100
AcDbEntity
  8
stiffener
100
AcDbLine
 10
-1699.02272
 20
-59.99000000000001
 30
0.0
 11
-942.13872
 21
377.01
 31
0.0
  0
LINE
  5
47A
330
17
100
AcDbEntity
  8
stiffener
100
AcDbLine
 10
-942.13872
 20
277.01
 30
0.0
 11
-942.13872
 21
377.01
 31
0.0
  0
LINE
  5
47B
330
17
100
AcDbEntity
  8
stiffener
100
AcDbLine
 10
-898.8387200000001
 20
252.01
 30
0.0
 11
-898.8387200000001
 21
352.01
 31
0.0
  0
LINE
  5
47C
330
17
100
AcDbEntity
  8
stiffener
100
AcDbLine
 10
-1655.72272
 20
-184.99
 30
0.0
 11
-1655.72272
 21
-84.99000000000001
 31
0.0
  0
LINE
  5
47D
330
17
100
AcDbEntity
  8
stiffener
100
AcDbLine
 10
-1699.02272
 20
-159.99
 30
0.0
 11
-1699.02272
 21
-59.99000000000001
 31
0.0
  0
LINE
  5
47E
330
17
100
AcDbEntity
  8
stiffener
100
AcDbLine
 10
-1781.5092200000001
 20
268.43499999999995
 30
0.0
 11
-1476.5906200000002
 21
92.38499999999999
 31
0.0
  0
LINE
  5
47F
330
17
100
AcDbEntity
  8
stiffener
100
AcDbLine
 10
-1476.5906200000002
 20
92.38499999999999
 30
0.0
 11
-2245.33882
 21
-351.4649999999999
 31
0.0
  0
LINE
  5
480
330
17
100
AcDbEntity
  8
stiffener
100
AcDbLine
 10
-2245.33882
 20
-351.4649999999999
 30
0.0
 11
-2550.25742
 21
-175.41499999999996
 31
0.0
  0
LINE
  5
481
330
17
100
AcDbEntity
  8
stiffener
100
AcDbLine
 10
-2550.25742
 20
-175.41499999999996
 30
0.0
 11
-1781.5092200000001
 21
268.43499999999995
 31
0.0
  0
LINE
  5
482
330
17
100
AcDbEntity
  8
stiffener
100
AcDbLine
 10
-1781.5092200000001
 20
368.43499999999995
 30
0.0
 11
-1476.5906200000002
 21
192.385
 31
0.0
  0
LINE
  5
483
330
17
100
AcDbEntity
  8
stiffener
100
AcDbLine
 10
-1476.5906200000002
 20
192.385
 30
0.0
 11
-2245.33882
 21
-251.46499999999992
 31
0.0
  0
LINE
  5
484
330
17
100
AcDbEntity
  8
stiffener
100
AcDbLine
 10
-2245.33882
 20
-251.46499999999992
 30
0.0
 11
-2550.25742
 21
-75.41499999999996
 31
0.0
  0
LINE
  5
485
330
17
100
AcDbEntity
  8
stiffener
100
AcDbLine
 10
-2550.25742
 20
-75.41499999999996
 30
0.0
 11
-1781.5092200000001
 21
368.43499999999995
 31
0.0
  0
LINE
  5
486
330
17
100
AcDbEntity
  8
stiffener
100
AcDbLine
 10
-1781.5092200000001
 20
268.43499999999995
 30
0.0
 11
-1781.5092200000001
 21
368.43499999999995
 31
0.0
  0
LINE
  5
487
330
17
100
AcDbEntity
  8
stiffener
100
AcDbLine
 10
-1476.5906200000002
 20
92.38499999999999
 30
0.0
 11
-1476.5906200000002
 21
192.385
 31
0.0
  0
LINE
  5
488
330
17
100
AcDbEntity
  8
stiffener
100
AcDbLine
 10
-2245.33882
 20
-351.4649999999999
 30
0.0
 11
-2245.33882
 21
-251.46499999999992
 31
0.0
  0
LINE
  5
489
330
17
100
AcDbEntity
  8
stiffener
100
AcDbLine
 10
-2550.25742
 20
-175.41499999999996
 30
0.0
 11
-2550.25742
 21
-75.41499999999996
 31
0.0
  0
LINE
  5
48A
330
17
100
AcDbEntity
  8
stiffener
100
AcDbLine
 10
-2647.5525199999997
 20
268.4100000000001
 30
0.0
 11
-2342.6339199999998
 21
92.36000000000013
 31
0.0
  0
LINE
  5
48B
330
17
100
AcDbEntity
  8
stiffener
100
AcDbLine
 10
-2342.6339199999998
 20
92.36000000000013
 30
0.0
 11
-3111.38212
 21
-351.49000000000024
 31
0.0
  0
LINE
  5
48C
330
17
100
AcDbEntity
  8
stiffener
100
AcDbLine
 10
-3111.38212
 20
-351.49000000000024
 30
0.0
 11
-3416.30072
 21
-175.44000000000005
 31
0.0
  0
LINE
  5
48D
330
17
100
AcDbEntity
  8
stiffener
100
AcDbLine
 10
-3416.30072
 20
-175.44000000000005
 30
0.0
 11
-2647.5525199999997
 21
268.4100000000001
 31
0.0
  0
LINE
  5
48E
330
17
100
AcDbEntity
  8
stiffener
100
AcDbLine
 10
-2647.5525199999997
 20
368.4100000000001
 30
0.0
 11
-2342.6339199999998
 21
192.36000000000013
 31
0.0
  0
LINE
  5
48F
330
17
100
AcDbEntity
  8
stiffener
100
AcDbLine
 10
-2342.6339199999998
 20
192.36000000000013
 30
0.0
 11
-3111.38212
 21
-251.49000000000024
 31
0.0
  0
LINE
  5
490
330
17
100
AcDbEntity
  8
stiffener
100
AcDbLine
 10
-3111.38212
 20
-251.49000000000024
 30
0.0
 11
-3416.30072
 21
-75.44000000000005
 31
0.0
  0
LINE
  5
491
330
17
100
AcDbEntity
  8
stiffener
100
AcDbLine
 10
-3416.30072
 20
-75.44000000000005
 30
0.0
 11
-2647.5525199999997
 21
368.4100000000001
 31
0.0
  0
LINE
  5
492
330
17
100
AcDbEntity
  8
stiffener
100
AcDbLine
 10
-2647.5525199999997
 20
268.4100000000001
 30
0.0
 11
-2647.5525199999997
 21
368.4100000000001
 31
0.0
  0
LINE
  5
493
330
17
100
AcDbEntity
  8
stiffener
100
AcDbLine
 10
-2342.6339199999998
 20
92.36000000000013
 30
0.0
 11
-2342.6339199999998
 21
192.36000000000013
 31
0.0
  0
LINE
  5
494
330
17
100
AcDbEntity
  8
stiffener
100
AcDbLine
 10
-3111.38212
 20
-351.49000000000024
 30
0.0
 11
-3111.38212
 21
-251.49000000000024
 31
0.0
  0
LINE
  5
495
330
17
100
AcDbEntity
  8
stiffener
100
AcDbLine
 10
-3416.30072
 20
-175.44000000000005
 30
0.0
 11
-3416.30072
 21
-75.44000000000005
 31
0.0
  0
LINE
  5
496
330
17
100
AcDbEntity
  8
stiffener
100
AcDbLine
 10
-3540.26862
 20
276.93499999999995
 30
0.0
 11
-3496.9686199999996
 21
251.93499999999995
 31
0.0
  0
LINE
  5
497
330
17
100
AcDbEntity
  8
stiffener
100
AcDbLine
 10
-3496.9686199999996
 20
251.93499999999995
 30
0.0
 11
-4253.852620000001
 21
-185.06500000000005
 31
0.0
  0
LINE
  5
498
330
17
100
AcDbEntity
  8
stiffener
100
AcDbLine
 10
-4253.852620000001
 20
-185.06500000000005
 30
0.0
 11
-4297.152620000001
 21
-160.06500000000005
 31
0.0
  0
LINE
  5
499
330
17
100
AcDbEntity
  8
stiffener
100
AcDbLine
 10
-4297.152620000001
 20
-160.06500000000005
 30
0.0
 11
-3540.26862
 21
276.93499999999995
 31
0.0
  0
LINE
  5
49A
330
17
100
AcDbEntity
  8
stiffener
100
AcDbLine
 10
-3540.26862
 20
376.93499999999995
 30
0.0
 11
-3496.9686199999996
 21
351.93499999999995
 31
0.0
  0
LINE
  5
49B
330
17
100
AcDbEntity
  8
stiffener
100
AcDbLine
 10
-3496.9686199999996
 20
351.93499999999995
 30
0.0
 11
-4253.852620000001
 21
-85.06500000000005
 31
0.0
  0
LINE
  5
49C
330
17
100
AcDbEntity
  8
stiffener
100
AcDbLine
 10
-4253.852620000001
 20
-85.06500000000005
 30
0.0
 11
-4297.152620000001
 21
-60.065000000000055
 31
0.0
  0
LINE
  5
49D
330
17
100
AcDbEntity
  8
stiffener
100
AcDbLine
 10
-4297.152620000001
 20
-60.065000000000055
 30
0.0
 11
-3540.26862
 21
376.93499999999995
 31
0.0
  0
LINE
  5
49E
330
17
100
AcDbEntity
  8
stiffener
100
AcDbLine
 10
-3540.26862
 20
276.93499999999995
 30
0.0
 11
-3540.26862
 21
376.93499999999995
 31
0.0
  0
LINE
  5
49F
330
17
100
AcDbEntity
  8
stiffener
100
AcDbLine
 10
-3496.9686199999996
 20
251.93499999999995
 30
0.0
 11
-3496.9686199999996
 21
351.93499999999995
 31
0.0
  0
LINE
  5
4A0
330
17
100
AcDbEntity
  8
stiffener
100
AcDbLine
 10
-4253.852620000001
 20
-185.06500000000005
 30
0.0
 11
-4253.852620000001
 21
-85.06500000000005
 31
0.0
  0
LINE
  5
4A1
330
17
100
AcDbEntity
  8
stiffener
100
AcDbLine
 10
-4297.152620000001
 20
-160.06500000000005
 30
0.0
 11
-4297.152620000001
 21
-60.065000000000055
 31
0.0
  0
LINE
  5
4A2
330
17
100
AcDbEntity
  8
stiffener
100
AcDbLine
 10
590.6553
 20
-607.9749999999999
 30
0.0
 11
633.9553
 21
-632.9749999999999
 31
0.0
  0
LINE
  5
4A3
330
17
100
AcDbEntity
  8
stiffener
100
AcDbLine
 10
633.9553
 20
-632.9749999999999
 30
0.0
 11
-122.92870000000003
 21
-1069.975
 31
0.0
  0
LINE
  5
4A4
330
17
100
AcDbEntity
  8
stiffener
100
AcDbLine
 10
-122.92870000000003
 20
-1069.975
 30
0.0
 11
-166.22870000000003
 21
-1044.975
 31
0.0
  0
LINE
  5
4A5
330
17
100
AcDbEntity
  8
stiffener
100
AcDbLine
 10
-166.22870000000003
 20
-1044.975
 30
0.0
 11
590.6553
 21
-607.9749999999999
 31
0.0
  0
LINE
  5
4A6
330
17
100
AcDbEntity
  8
stiffener
100
AcDbLine
 10
590.6553
 20
-507.9749999999999
 30
0.0
 11
633.9553
 21
-532.9749999999999
 31
0.0
  0
LINE
  5
4A7
330
17
100
AcDbEntity
  8
stiffener
100
AcDbLine
 10
633.9553
 20
-532.9749999999999
 30
0.0
 11
-122.92870000000003
 21
-969.9749999999999
 31
0.0
  0
LINE
  5
4A8
330
17
100
AcDbEntity
  8
stiffener
100
AcDbLine
 10
-122.92870000000003
 20
-969.9749999999999
 30
0.0
 11
-166.22870000000003
 21
-944.9749999999999
 31
0.0
  0
LINE
  5
4A9
330
17
100
AcDbEntity
  8
stiffener
100
AcDbLine
 10
-166.22870000000003
 20
-944.9749999999999
 30
0.0
 11
590.6553
 21
-507.9749999999999
 31
0.0
  0
LINE
  5
4AA
330
17
100
AcDbEntity
  8
stiffener
100
AcDbLine
 10
590.6553
 20
-607.9749999999999
 30
0.0
 11
590.6553
 21
-507.9749999999999
 31
0.0
  0
LINE
  5
4AB
330
17
100
AcDbEntity
  8
stiffener
100
AcDbLine
 10
633.9553
 20
-632.9749999999999
 30
0.0
 11
633.9553
 21
-532.9749999999999
 31
0.0
  0
LINE
  5
4AC
330
17
100
AcDbEntity
  8
stiffener
100
AcDbLine
 10
-122.92870000000003
 20
-1069.975
 30
0.0
 11
-122.92870000000003
 21
-969.9749999999999
 31
0.0
  0
LINE
  5
4AD
330
17
100
AcDbEntity
  8
stiffener
100
AcDbLine
 10
-166.22870000000003
 20
-1044.975
 30
0.0
 11
-166.22870000000003
 21
-944.9749999999999
 31
0.0
  0
LINE
  5
4AE
330
17
100
AcDbEntity
  8
stiffener
100
AcDbLine
 10
-275.388
 20
-608.0
 30
0.0
 11
-232.088
 21
-633.0
 31
0.0
  0
LINE
  5
4AF
330
17
100
AcDbEntity
  8
stiffener
100
AcDbLine
 10
-232.088
 20
-633.0
 30
0.0
 11
-988.972
 21
-1070.0
 31
0.0
  0
LINE
  5
4B0
330
17
100
AcDbEntity
  8
stiffener
100
AcDbLine
 10
-988.972
 20
-1070.0
 30
0.0
 11
-1032.272
 21
-1045.0
 31
0.0
  0
LINE
  5
4B1
330
17
100
AcDbEntity
  8
stiffener
100
AcDbLine
 10
-1032.272
 20
-1045.0
 30
0.0
 11
-275.388
 21
-608.0
 31
0.0
  0
LINE
  5
4B2
330
17
100
AcDbEntity
  8
stiffener
100
AcDbLine
 10
-275.388
 20
-508.0
 30
0.0
 11
-232.088
 21
-533.0
 31
0.0
  0
LINE
  5
4B3
330
17
100
AcDbEntity
  8
stiffener
100
AcDbLine
 10
-232.088
 20
-533.0
 30
0.0
 11
-988.972
 21
-970.0
 31
0.0
  0
LINE
  5
4B4
330
17
100
AcDbEntity
  8
stiffener
100
AcDbLine
 10
-988.972
 20
-970.0
 30
0.0
 11
-1032.272
 21
-945.0
 31
0.0
  0
LINE
  5
4B5
330
17
100
AcDbEntity
  8
stiffener
100
AcDbLine
 10
-1032.272
 20
-945.0
 30
0.0
 11
-275.388
 21
-508.0
 31
0.0
  0
LINE
  5
4B6
330
17
100
AcDbEntity
  8
stiffener
100
AcDbLine
 10
-275.388
 20
-608.0
 30
0.0
 11
-275.388
 21
-508.0
 31
0.0
  0
LINE
  5
4B7
330
17
100
AcDbEntity
  8
stiffener
100
AcDbLine
 10
-232.088
 20
-633.0
 30
0.0
 11
-232.088
 21
-533.0
 31
0.0
  0
LINE
  5
4B8
330
17
100
AcDbEntity
  8
stiffener
100
AcDbLine
 10
-988.972
 20
-1070.0
 30
0.0
 11
-988.972
 21
-970.0
 31
0.0
  0
LINE
  5
4B9
330
17
100
AcDbEntity
  8
stiffener
100
AcDbLine
 10
-1032.272
 20
-1045.0
 30
0.0
 11
-1032.272
 21
-945.0
 31
0.0
  0
LINE
  5
4BA
330
17
100
AcDbEntity
  8
stiffener
100
AcDbLine
 10
-1141.4313000000002
 20
-608.0250000000001
 30
0.0
 11
-1098.1313000000002
 21
-633.0250000000001
 31
0.0
  0
LINE
  5
4BB
330
17
100
AcDbEntity
  8
stiffener
100
AcDbLine
 10
-1098.1313000000002
 20
-633.0250000000001
 30
0.0
 11
-1855.0153000000003
 21
-1070.025
 31
0.0
  0
LINE
  5
4BC
330
17
100
AcDbEntity
  8
stiffener
100
AcDbLine
 10
-1855.0153000000003
 20
-1070.025
 30
0.0
 11
-1898.3153000000002
 21
-1045.025
 31
0.0
  0
LINE
  5
4BD
330
17
100
AcDbEntity
  8
stiffener
100
AcDbLine
 10
-1898.3153000000002
 20
-1045.025
 30
0.0
 11
-1141.4313000000002
 21
-608.0250000000001
 31
0.0
  0
LINE
  5
4BE
330
17
100
AcDbEntity
  8
stiffener
100
AcDbLine
 10
-1141.4313000000002
 20
-508.0250000000001
 30
0.0
 11
-1098.1313000000002
 21
-533.0250000000001
 31
0.0
  0
LINE
  5
4BF
330
17
100
AcDbEntity
  8
stiffener
100
AcDbLine
 10
-1098.1313000000002
 20
-533.0250000000001
 30
0.0
 11
-1855.0153000000003
 21
-970.0250000000001
 31
0.0
  0
LINE
  5
4C0
330
17
100
AcDbEntity
  8
stiffener
100
AcDbLine
 10
-1855.0153000000003
 20
-970.0250000000001
 30
0.0
 11
-1898.3153000000002
 21
-945.0250000000001
 31
0.0
  0
LINE
  5
4C1
330
17
100
AcDbEntity
  8
stiffener
100
AcDbLine
 10
-1898.3153000000002
 20
-945.0250000000001
 30
0.0
 11
-1141.4313000000002
 21
-508.0250000000001
 31
0.0
  0
LINE
  5
4C2
330
17
100
AcDbEntity
  8
stiffener
100
AcDbLine
 10
-1141.4313000000002
 20
-608.0250000000001
 30
0.0
 11
-1141.4313000000002
 21
-508.0250000000001
 31
0.0
  0
LINE
  5
4C3
330
17
100
AcDbEntity
  8
stiffener
100
AcDbLine
 10
-1098.1313000000002
 20
-633.0250000000001
 30
0.0
 11
-1098.1313000000002
 21
-533.0250000000001
 31
0.0
  0
LINE
  5
4C4
330
17
100
AcDbEntity
  8
stiffener
100
AcDbLine
 10
-1855.0153000000003
 20
-1070.025
 30
0.0
 11
-1855.0153000000003
 21
-970.0250000000001
 31
0.0
  0
LINE
  5
4C5
330
17
100
AcDbEntity
  8
stiffener
100
AcDbLine
 10
-1898.3153000000002
 20
-1045.025
 30
0.0
 11
-1898.3153000000002
 21
-945.0250000000001
 31
0.0
  0
LINE
  5
4C6
330
17
100
AcDbEntity
  8
stiffener
100
AcDbLine
 10
-2007.4746
 20
-608.0500000000002
 30
0.0
 11
-1964.1745999999998
 21
-633.0500000000002
 31
0.0
  0
LINE
  5
4C7
330
17
100
AcDbEntity
  8
stiffener
100
AcDbLine
 10
-1964.1745999999998
 20
-633.0500000000002
 30
0.0
 11
-2721.0586000000003
 21
-1070.0500000000002
 31
0.0
  0
LINE
  5
4C8
330
17
100
AcDbEntity
  8
stiffener
100
AcDbLine
 10
-2721.0586000000003
 20
-1070.0500000000002
 30
0.0
 11
-2764.3586000000005
 21
-1045.0500000000002
 31
0.0
  0
LINE
  5
4C9
330
17
100
AcDbEntity
  8
stiffener
100
AcDbLine
 10
-2764.3586000000005
 20
-1045.0500000000002
 30
0.0
 11
-2007.4746
 21
-608.0500000000002
 31
0.0
  0
LINE
  5
4CA
330
17
100
AcDbEntity
  8
stiffener
100
AcDbLine
 10
-2007.4746
 20
-508.0500000000002
 30
0.0
 11
-1964.1745999999998
 21
-533.0500000000002
 31
0.0
  0
LINE
  5
4CB
330
17
100
AcDbEntity
  8
stiffener
100
AcDbLine
 10
-1964.1745999999998
 20
-533.0500000000002
 30
0.0
 11
-2721.0586000000003
 21
-970.0500000000002
 31
0.0
  0
LINE
  5
4CC
330
17
100
AcDbEntity
  8
stiffener
100
AcDbLine
 10
-2721.0586000000003
 20
-970.0500000000002
 30
0.0
 11
-2764.3586000000005
 21
-945.0500000000002
 31
0.0
  0
LINE
  5
4CD
330
17
100
AcDbEntity
  8
stiffener
100
AcDbLine
 10
-2764.3586000000005
 20
-945.0500000000002
 30
0.0
 11
-2007.4746
 21
-508.0500000000002
 31
0.0
  0
LINE
  5
4CE
330
17
100
AcDbEntity
  8
stiffener
100
AcDbLine
 10
-2007.4746
 20
-608.0500000000002
 30
0.0
 11
-2007.4746
 21
-508.0500000000002
 31
0.0
  0
LINE
  5
4CF
330
17
100
AcDbEntity
  8
stiffener
100
AcDbLine
 10
-1964.1745999999998
 20
-633.0500000000002
 30
0.0
 11
-1964.1745999999998
 21
-533.0500000000002
 31
0.0
  0
LINE
  5
4D0
330
17
100
AcDbEntity
  8
stiffener
100
AcDbLine
 10
-2721.0586000000003
 20
-1070.0500000000002
 30
0.0
 11
-2721.0586000000003
 21
-970.0500000000002
 31
0.0
  0
LINE
  5
4D1
330
17
100
AcDbEntity
  8
stiffener
100
AcDbLine
 10
-2764.3586000000005
 20
-1045.0500000000002
 30
0.0
 11
-2764.3586000000005
 21
-945.0500000000002
 31
0.0
  0
LINE
  5
4D2
330
17
100
AcDbEntity
  8
stiffener
100
AcDbLine
 10
2989.50128
 20
-1492.94
 30
0.0
 11
3032.80128
 21
-1517.94
 31
0.0
  0
LINE
  5
4D3
330
17
100
AcDbEntity
  8
stiffener
100
AcDbLine
 10
3032.80128
 20
-1517.94
 30
0.0
 11
2275.91728
 21
-1954.94
 31
0.0
  0
LINE
  5
4D4
330
17
100
AcDbEntity
  8
stiffener
100
AcDbLine
 10
2275.91728
 20
-1954.94
 30
0.0
 11
2232.61728
 21
-1929.94
 31
0.0
  0
LINE
  5
4D5
330
17
100
AcDbEntity
  8
stiffener
100
AcDbLine
 10
2232.61728
 20
-1929.94
 30
0.0
 11
2989.50128
 21
-1492.94
 31
0.0
  0
LINE
  5
4D6
330
17
100
AcDbEntity
  8
stiffener
100
AcDbLine
 10
2989.50128
 20
-1392.94
 30
0.0
 11
3032.80128
 21
-1417.94
 31
0.0
  0
LINE
  5
4D7
330
17
100
AcDbEntity
  8
stiffener
100
AcDbLine
 10
3032.80128
 20
-1417.94
 30
0.0
 11
2275.91728
 21
-1854.94
 31
0.0
  0
LINE
  5
4D8
330
17
100
AcDbEntity
  8
stiffener
100
AcDbLine
 10
2275.91728
 20
-1854.94
 30
0.0
 11
2232.61728
 21
-1829.94
 31
0.0
  0
LINE
  5
4D9
330
17
100
AcDbEntity
  8
stiffener
100
AcDbLine
 10
2232.61728
 20
-1829.94
 30
0.0
 11
2989.50128
 21
-1392.94
 31
0.0
  0
LINE
  5
4DA
330
17
100
AcDbEntity
  8
stiffener
100
AcDbLine
 10
2989.50128
 20
-1492.94
 30
0.0
 11
2989.50128
 21
-1392.94
 31
0.0
  0
LINE
  5
4DB
330
17
100
AcDbEntity
  8
stiffener
100
AcDbLine
 10
3032.80128
 20
-1517.94
 30
0.0
 11
3032.80128
 21
-1417.94
 31
0.0
  0
LINE
  5
4DC
330
17
100
AcDbEntity
  8
stiffener
100
AcDbLine
 10
2275.91728
 20
-1954.94
 30
0.0
 11
2275.91728
 21
-1854.94
 31
0.0
  0
LINE
  5
4DD
330
17
100
AcDbEntity
  8
stiffener
100
AcDbLine
 10
2232.61728
 20
-1929.94
 30
0.0
 11
2232.61728
 21
-1829.94
 31
0.0
  0
LINE
  5
4DE
330
17
100
AcDbEntity
  8
stiffener
100
AcDbLine
 10
2123.4579799999997
 20
-1492.9650000000001
 30
0.0
 11
2166.75798
 21
-1517.9650000000001
 31
0.0
  0
LINE
  5
4DF
330
17
100
AcDbEntity
  8
stiffener
100
AcDbLine
 10
2166.75798
 20
-1517.9650000000001
 30
0.0
 11
1409.87398
 21
-1954.9650000000001
 31
0.0
  0
LINE
  5
4E0
330
17
100
AcDbEntity
  8
stiffener
100
AcDbLine
 10
1409.87398
 20
-1954.9650000000001
 30
0.0
 11
1366.57398
 21
-1929.9650000000001
 31
0.0
  0
LINE
  5
4E1
330
17
100
AcDbEntity
  8
stiffener
100
AcDbLine
 10
1366.57398
 20
-1929.9650000000001
 30
0.0
 11
2123.4579799999997
 21
-1492.9650000000001
 31
0.0
  0
LINE
  5
4E2
330
17
100
AcDbEntity
  8
stiffener
100
AcDbLine
 10
2123.4579799999997
 20
-1392.9650000000001
 30
0.0
 11
2166.75798
 21
-1417.9650000000001
 31
0.0
  0
LINE
  5
4E3
330
17
100
AcDbEntity
  8
stiffener
100
AcDbLine
 10
2166.75798
 20
-1417.9650000000001
 30
0.0
 11
1409.87398
 21
-1854.9650000000001
 31
0.0
  0
LINE
  5
4E4
330
17
100
AcDbEntity
  8
stiffener
100
AcDbLine
 10
1409.87398
 20
-1854.9650000000001
 30
0.0
 11
1366.57398
 21
-1829.9650000000001
 31
0.0
  0
LINE
  5
4E5
330
17
100
AcDbEntity
  8
stiffener
100
AcDbLine
 10
1366.57398
 20
-1829.9650000000001
 30
0.0
 11
2123.4579799999997
 21
-1392.9650000000001
 31
0.0
  0
LINE
  5
4E6
330
17
100
AcDbEntity
  8
stiffener
100
AcDbLine
 10
2123.4579799999997
 20
-1492.9650000000001
 30
0.0
 11
2123.4579799999997
 21
-1392.9650000000001
 31
0.0
  0
LINE
  5
4E7
330
17
100
AcDbEntity
  8
stiffener
100
AcDbLine
 10
2166.75798
 20
-1517.9650000000001
 30
0.0
 11
2166.75798
 21
-1417.9650000000001
 31
0.0
  0
LINE
  5
4E8
330
17
100
AcDbEntity
  8
stiffener
100
AcDbLine
 10
1409.87398
 20
-1954.9650000000001
 30
0.0
 11
1409.87398
 21
-1854.9650000000001
 31
0.0
  0
LINE
  5
4E9
330
17
100
AcDbEntity
  8
stiffener
100
AcDbLine
 10
1366.57398
 20
-1929.9650000000001
 30
0.0
 11
1366.57398
 21
-1829.9650000000001
 31
0.0
  0
LINE
  5
4EA
330
17
100
AcDbEntity
  8
stiffener
100
AcDbLine
 10
1257.41468
 20
-1492.9899999999998
 30
0.0
 11
1300.71468
 21
-1517.9899999999998
 31
0.0
  0
LINE
  5
4EB
330
17
100
AcDbEntity
  8
stiffener
100
AcDbLine
 10
1300.71468
 20
-1517.9899999999998
 30
0.0
 11
543.83068
 21
-1954.9899999999998
 31
0.0
  0
LINE
  5
4EC
330
17
100
AcDbEntity
  8
stiffener
100
AcDbLine
 10
543.83068
 20
-1954.9899999999998
 30
0.0
 11
500.53068
 21
-1929.9899999999998
 31
0.0
  0
LINE
  5
4ED
330
17
100
AcDbEntity
  8
stiffener
100
AcDbLine
 10
500.53068
 20
-1929.9899999999998
 30
0.0
 11
1257.41468
 21
-1492.9899999999998
 31
0.0
  0
LINE
  5
4EE
330
17
100
AcDbEntity
  8
stiffener
100
AcDbLine
 10
1257.41468
 20
-1392.9899999999998
 30
0.0
 11
1300.71468
 21
-1417.9899999999998
 31
0.0
  0
LINE
  5
4EF
330
17
100
AcDbEntity
  8
stiffener
100
AcDbLine
 10
1300.71468
 20
-1417.9899999999998
 30
0.0
 11
543.83068
 21
-1854.9899999999998
 31
0.0
  0
LINE
  5
4F0
330
17
100
AcDbEntity
  8
stiffener
100
AcDbLine
 10
543.83068
 20
-1854.9899999999998
 30
0.0
 11
500.53068
 21
-1829.9899999999998
 31
0.0
  0
LINE
  5
4F1
330
17
100
AcDbEntity
  8
stiffener
100
AcDbLine
 10
500.53068
 20
-1829.9899999999998
 30
0.0
 11
1257.41468
 21
-1392.9899999999998
 31
0.0
  0
LINE
  5
4F2
330
17
100
AcDbEntity
  8
stiffener
100
AcDbLine
 10
1257.41468
 20
-1492.9899999999998
 30
0.0
 11
1257.41468
 21
-1392.9899999999998
 31
0.0
  0
LINE
  5
4F3
330
17
100
AcDbEntity
  8
stiffener
100
AcDbLine
 10
1300.71468
 20
-1517.9899999999998
 30
0.0
 11
1300.71468
 21
-1417.9899999999998
 31
0.0
  0
LINE
  5
4F4
330
17
100
AcDbEntity
  8
stiffener
100
AcDbLine
 10
543.83068
 20
-1954.9899999999998
 30
0.0
 11
543.83068
 21
-1854.9899999999998
 31
0.0
  0
LINE
  5
4F5
330
17
100
AcDbEntity
  8
stiffener
100
AcDbLine
 10
500.53068
 20
-1929.9899999999998
 30
0.0
 11
500.53068
 21
-1829.9899999999998
 31
0.0
  0
LINE
  5
4F6
330
17
100
AcDbEntity
  8
stiffener
100
AcDbLine
 10
391.3713799999999
 20
-1493.0150000000003
 30
0.0
 11
434.67137999999983
 21
-1518.0150000000003
 31
0.0
  0
LINE
  5
4F7
330
17
100
AcDbEntity
  8
stiffener
100
AcDbLine
 10
434.67137999999983
 20
-1518.0150000000003
 30
0.0
 11
-322.21262000000013
 21
-1955.0150000000003
 31
0.0
  0
LINE
  5
4F8
330
17
100
AcDbEntity
  8
stiffener
100
AcDbLine
 10
-322.21262000000013
 20
-1955.0150000000003
 30
0.0
 11
-365.51262000000014
 21
-1930.0150000000003
 31
0.0
  0
LINE
  5
4F9
330
17
100
AcDbEntity
  8
stiffener
100
AcDbLine
 10
-365.51262000000014
 20
-1930.0150000000003
 30
0.0
 11
391.3713799999999
 21
-1493.0150000000003
 31
0.0
  0
LINE
  5
4FA
330
17
100
AcDbEntity
  8
stiffener
100
AcDbLine
 10
391.3713799999999
 20
-1393.0150000000003
 30
0.0
 11
434.67137999999983
 21
-1418.0150000000003
 31
0.0
  0
LINE
  5
4FB
330
17
100
AcDbEntity
  8
stiffener
100
AcDbLine
 10
434.67137999999983
 20
-1418.0150000000003
 30
0.0
 11
-322.21262000000013
 21
-1855.0150000000003
 31
0.0
  0
LINE
  5
4FC
330
17
100
AcDbEntity
  8
stiffener
100
AcDbLine
 10
-322.21262000000013
 20
-1855.0150000000003
 30
0.0
 11
-365.51262000000014
 21
-1830.0150000000003
 31
0.0
  0
LINE
  5
4FD
330
17
100
AcDbEntity
  8
stiffener
100
AcDbLine
 10
-365.51262000000014
 20
-1830.0150000000003
 30
0.0
 11
391.3713799999999
 21
-1393.0150000000003
 31
0.0
  0
LINE
  5
4FE
330
17
100
AcDbEntity
  8
stiffener
100
AcDbLine
 10
391.3713799999999
 20
-1493.0150000000003
 30
0.0
 11
391.3713799999999
 21
-1393.0150000000003
 31
0.0
  0
LINE
  5
4FF
330
17
100
AcDbEntity
  8
stiffener
100
AcDbLine
 10
434.67137999999983
 20
-1518.0150000000003
 30
0.0
 11
434.67137999999983
 21
-1418.0150000000003
 31
0.0
  0
LINE
  5
500
330
17
100
AcDbEntity
  8
stiffener
100
AcDbLine
 10
-322.21262000000013
 20
-1955.0150000000003
 30
0.0
 11
-322.21262000000013
 21
-1855.0150000000003
 31
0.0
  0
LINE
  5
501
330
17
100
AcDbEntity
  8
stiffener
100
AcDbLine
 10
-365.51262000000014
 20
-1930.0150000000003
 30
0.0
 11
-365.51262000000014
 21
-1830.0150000000003
 31
0.0
  0
LINE
  5
502
330
17
100
AcDbEntity
  8
stiffener
100
AcDbLine
 10
-474.6719199999999
 20
-1493.04
 30
0.0
 11
-431.3719199999999
 21
-1518.04
 31
0.0
  0
LINE
  5
503
330
17
100
AcDbEntity
  8
stiffener
100
AcDbLine
 10
-431.3719199999999
 20
-1518.04
 30
0.0
 11
-1188.2559200000003
 21
-1955.04
 31
0.0
  0
LINE
  5
504
330
17
100
AcDbEntity
  8
stiffener
100
AcDbLine
 10
-1188.2559200000003
 20
-1955.04
 30
0.0
 11
-1231.5559200000002
 21
-1930.04
 31
0.0
  0
LINE
  5
505
330
17
100
AcDbEntity
  8
stiffener
100
AcDbLine
 10
-1231.5559200000002
 20
-1930.04
 30
0.0
 11
-474.6719199999999
 21
-1493.04
 31
0.0
  0
LINE
  5
506
330
17
100
AcDbEntity
  8
stiffener
100
AcDbLine
 10
-474.6719199999999
 20
-1393.04
 30
0.0
 11
-431.3719199999999
 21
-1418.04
 31
0.0
  0
LINE
  5
507
330
17
100
AcDbEntity
  8
stiffener
100
AcDbLine
 10
-431.3719199999999
 20
-1418.04
 30
0.0
 11
-1188.2559200000003
 21
-1855.04
 31
0.0
  0
LINE
  5
508
330
17
100
AcDbEntity
  8
stiffener
100
AcDbLine
 10
-1188.2559200000003
 20
-1855.04
 30
0.0
 11
-1231.5559200000002
 21
-1830.04
 31
0.0
  0
LINE
  5
509
330
17
100
AcDbEntity
  8
stiffener
100
AcDbLine
 10
-1231.5559200000002
 20
-1830.04
 30
0.0
 11
-474.6719199999999
 21
-1393.04
 31
0.0
  0
LINE
  5
50A
330
17
100
AcDbEntity
  8
stiffener
100
AcDbLine
 10
-474.6719199999999
 20
-1493.04
 30
0.0
 11
-474.6719199999999
 21
-1393.04
 31
0.0
  0
LINE
  5
50B
330
17
100
AcDbEntity
  8
stiffener
100
AcDbLine
 10
-431.3719199999999
 20
-1518.04
 30
0.0
 11
-431.3719199999999
 21
-1418.04
 31
0.0
  0
LINE
  5
50C
330
17
100
AcDbEntity
  8
stiffener
100
AcDbLine
 10
-1188.2559200000003
 20
-1955.04
 30
0.0
 11
-1188.2559200000003
 21
-1855.04
 31
0.0
  0
LINE
  5
50D
330
17
100
AcDbEntity
  8
stiffener
100
AcDbLine
 10
-1231.5559200000002
 20
-1930.04
 30
0.0
 11
-1231.5559200000002
 21
-1830.04
 31
0.0
  0
LINE
  5
50E
330
17
100
AcDbEntity
  8
stiffener
100
AcDbLine
 10
4106.8318
 20
-2138.0499999999997
 30
0.0
 11
4150.1318
 21
-2163.0499999999997
 31
0.0
  0
LINE
  5
50F
330
17
100
AcDbEntity
  8
stiffener
100
AcDbLine
 10
4150.1318
 20
-2163.0499999999997
 30
0.0
 11
3393.2477999999996
 21
-2600.0499999999997
 31
0.0
  0
LINE
  5
510
330
17
100
AcDbEntity
  8
stiffener
100
AcDbLine
 10
3393.2477999999996
 20
-2600.0499999999997
 30
0.0
 11
3349.9478
 21
-2575.0499999999997
 31
0.0
  0
LINE
  5
511
330
17
100
AcDbEntity
  8
stiffener
100
AcDbLine
 10
3349.9478
 20
-2575.0499999999997
 30
0.0
 11
4106.8318
 21
-2138.0499999999997
 31
0.0
  0
LINE
  5
512
330
17
100
AcDbEntity
  8
stiffener
100
AcDbLine
 10
4106.8318
 20
-2038.0499999999997
 30
0.0
 11
4150.1318
 21
-2063.0499999999997
 31
0.0
  0
LINE
  5
513
330
17
100
AcDbEntity
  8
stiffener
100
AcDbLine
 10
4150.1318
 20
-2063.0499999999997
 30
0.0
 11
3393.2477999999996
 21
-2500.0499999999997
 31
0.0
  0
LINE
  5
514
330
17
100
AcDbEntity
  8
stiffener
100
AcDbLine
 10
3393.2477999999996
 20
-2500.0499999999997
 30
0.0
 11
3349.9478
 21
-2475.0499999999997
 31
0.0
  0
LINE
  5
515
330
17
100
AcDbEntity
  8
stiffener
100
AcDbLine
 10
3349.9478
 20
-2475.0499999999997
 30
0.0
 11
4106.8318
 21
-2038.0499999999997
 31
0.0
  0
LINE
  5
516
330
17
100
AcDbEntity
  8
stiffener
100
AcDbLine
 10
4106.8318
 20
-2138.0499999999997
 30
0.0
 11
4106.8318
 21
-2038.0499999999997
 31
0.0
  0
LINE
  5
517
330
17
100
AcDbEntity
  8
stiffener
100
AcDbLine
 10
4150.1318
 20
-2163.0499999999997
 30
0.0
 11
4150.1318
 21
-2063.0499999999997
 31
0.0
  0
LINE
  5
518
330
17
100
AcDbEntity
  8
stiffener
100
AcDbLine
 10
3393.2477999999996
 20
-2600.0499999999997
 30
0.0
 11
3393.2477999999996
 21
-2500.0499999999997
 31
0.0
  0
LINE
  5
519
330
17
100
AcDbEntity
  8
stiffener
100
AcDbLine
 10
3349.9478
 20
-2575.0499999999997
 30
0.0
 11
3349.9478
 21
-2475.0499999999997
 31
0.0
  0
LINE
  5
51A
330
17
100
AcDbEntity
  8
stiffener
100
AcDbLine
 10
3240.7885
 20
-2138.075
 30
0.0
 11
3284.0885
 21
-2163.075
 31
0.0
  0
LINE
  5
51B
330
17
100
AcDbEntity
  8
stiffener
100
AcDbLine
 10
3284.0885
 20
-2163.075
 30
0.0
 11
2527.2045
 21
-2600.075
 31
0.0
  0
LINE
  5
51C
330
17
100
AcDbEntity
  8
stiffener
100
AcDbLine
 10
2527.2045
 20
-2600.075
 30
0.0
 11
2483.9045
 21
-2575.075
 31
0.0
  0
LINE
  5
51D
330
17
100
AcDbEntity
  8
stiffener
100
AcDbLine
 10
2483.9045
 20
-2575.075
 30
0.0
 11
3240.7885
 21
-2138.075
 31
0.0
  0
LINE
  5
51E
330
17
100
AcDbEntity
  8
stiffener
100
AcDbLine
 10
3240.7885
 20
-2038.0749999999998
 30
0.0
 11
3284.0885
 21
-2063.075
 31
0.0
  0
LINE
  5
51F
330
17
100
AcDbEntity
  8
stiffener
100
AcDbLine
 10
3284.0885
 20
-2063.075
 30
0.0
 11
2527.2045
 21
-2500.075
 31
0.0
  0
LINE
  5
520
330
17
100
AcDbEntity
  8
stiffener
100
AcDbLine
 10
2527.2045
 20
-2500.075
 30
0.0
 11
2483.9045
 21
-2475.075
 31
0.0
  0
LINE
  5
521
330
17
100
AcDbEntity
  8
stiffener
100
AcDbLine
 10
2483.9045
 20
-2475.075
 30
0.0
 11
3240.7885
 21
-2038.0749999999998
 31
0.0
  0
LINE
  5
522
330
17
100
AcDbEntity
  8
stiffener
100
AcDbLine
 10
3240.7885
 20
-2138.075
 30
0.0
 11
3240.7885
 21
-2038.0749999999998
 31
0.0
  0
LINE
  5
523
330
17
100
AcDbEntity
  8
stiffener
100
AcDbLine
 10
3284.0885
 20
-2163.075
 30
0.0
 11
3284.0885
 21
-2063.075
 31
0.0
  0
LINE
  5
524
330
17
100
AcDbEntity
  8
stiffener
100
AcDbLine
 10
2527.2045
 20
-2600.075
 30
0.0
 11
2527.2045
 21
-2500.075
 31
0.0
  0
LINE
  5
525
330
17
100
AcDbEntity
  8
stiffener
100
AcDbLine
 10
2483.9045
 20
-2575.075
 30
0.0
 11
2483.9045
 21
-2475.075
 31
0.0
  0
LINE
  5
526
330
17
100
AcDbEntity
  8
stiffener
100
AcDbLine
 10
2374.7452
 20
-2138.1
 30
0.0
 11
2418.0452
 21
-2163.1
 31
0.0
  0
LINE
  5
527
330
17
100
AcDbEntity
  8
stiffener
100
AcDbLine
 10
2418.0452
 20
-2163.1
 30
0.0
 11
1661.1611999999998
 21
-2600.1
 31
0.0
  0
LINE
  5
528
330
17
100
AcDbEntity
  8
stiffener
100
AcDbLine
 10
1661.1611999999998
 20
-2600.1
 30
0.0
 11
1617.8611999999998
 21
-2575.1
 31
0.0
  0
LINE
  5
529
330
17
100
AcDbEntity
  8
stiffener
100
AcDbLine
 10
1617.8611999999998
 20
-2575.1
 30
0.0
 11
2374.7452
 21
-2138.1
 31
0.0
  0
LINE
  5
52A
330
17
100
AcDbEntity
  8
stiffener
100
AcDbLine
 10
2374.7452
 20
-2038.1
 30
0.0
 11
2418.0452
 21
-2063.1
 31
0.0
  0
LINE
  5
52B
330
17
100
AcDbEntity
  8
stiffener
100
AcDbLine
 10
2418.0452
 20
-2063.1
 30
0.0
 11
1661.1611999999998
 21
-2500.1
 31
0.0
  0
LINE
  5
52C
330
17
100
AcDbEntity
  8
stiffener
100
AcDbLine
 10
1661.1611999999998
 20
-2500.1
 30
0.0
 11
1617.8611999999998
 21
-2475.1
 31
0.0
  0
LINE
  5
52D
330
17
100
AcDbEntity
  8
stiffener
100
AcDbLine
 10
1617.8611999999998
 20
-2475.1
 30
0.0
 11
2374.7452
 21
-2038.1
 31
0.0
  0
LINE
  5
52E
330
17
100
AcDbEntity
  8
stiffener
100
AcDbLine
 10
2374.7452
 20
-2138.1
 30
0.0
 11
2374.7452
 21
-2038.1
 31
0.0
  0
LINE
  5
52F
330
17
100
AcDbEntity
  8
stiffener
100
AcDbLine
 10
2418.0452
 20
-2163.1
 30
0.0
 11
2418.0452
 21
-2063.1
 31
0.0
  0
LINE
  5
530
330
17
100
AcDbEntity
  8
stiffener
100
AcDbLine
 10
1661.1611999999998
 20
-2600.1
 30
0.0
 11
1661.1611999999998
 21
-2500.1
 31
0.0
  0
LINE
  5
531
330
17
100
AcDbEntity
  8
stiffener
100
AcDbLine
 10
1617.8611999999998
 20
-2575.1
 30
0.0
 11
1617.8611999999998
 21
-2475.1
 31
0.0
  0
LINE
  5
532
330
17
100
AcDbEntity
  8
stiffener
100
AcDbLine
 10
1508.7018999999996
 20
-2138.125
 30
0.0
 11
1552.0018999999998
 21
-2163.125
 31
0.0
  0
LINE
  5
533
330
17
100
AcDbEntity
  8
stiffener
100
AcDbLine
 10
1552.0018999999998
 20
-2163.125
 30
0.0
 11
795.1178999999996
 21
-2600.125
 31
0.0
  0
LINE
  5
534
330
17
100
AcDbEntity
  8
stiffener
100
AcDbLine
 10
795.1178999999996
 20
-2600.125
 30
0.0
 11
751.8178999999997
 21
-2575.125
 31
0.0
  0
LINE
  5
535
330
17
100
AcDbEntity
  8
stiffener
100
AcDbLine
 10
751.8178999999997
 20
-2575.125
 30
0.0
 11
1508.7018999999996
 21
-2138.125
 31
0.0
  0
LINE
  5
536
330
17
100
AcDbEntity
  8
stiffener
100
AcDbLine
 10
1508.7018999999996
 20
-2038.125
 30
0.0
 11
1552.0018999999998
 21
-2063.125
 31
0.0
  0
LINE
  5
537
330
17
100
AcDbEntity
  8
stiffener
100
AcDbLine
 10
1552.0018999999998
 20
-2063.125
 30
0.0
 11
795.1178999999996
 21
-2500.125
 31
0.0
  0
LINE
  5
538
330
17
100
AcDbEntity
  8
stiffener
100
AcDbLine
 10
795.1178999999996
 20
-2500.125
 30
0.0
 11
751.8178999999997
 21
-2475.125
 31
0.0
  0
LINE
  5
539
330
17
100
AcDbEntity
  8
stiffener
100
AcDbLine
 10
751.8178999999997
 20
-2475.125
 30
0.0
 11
1508.7018999999996
 21
-2038.125
 31
0.0
  0
LINE
  5
53A
330
17
100
AcDbEntity
  8
stiffener
100
AcDbLine
 10
1508.7018999999996
 20
-2138.125
 30
0.0
 11
1508.7018999999996
 21
-2038.125
 31
0.0
  0
LINE
  5
53B
330
17
100
AcDbEntity
  8
stiffener
100
AcDbLine
 10
1552.0018999999998
 20
-2163.125
 30
0.0
 11
1552.0018999999998
 21
-2063.125
 31
0.0
  0
LINE
  5
53C
330
17
100
AcDbEntity
  8
stiffener
100
AcDbLine
 10
795.1178999999996
 20
-2600.125
 30
0.0
 11
795.1178999999996
 21
-2500.125
 31
0.0
  0
LINE
  5
53D
330
17
100
AcDbEntity
  8
stiffener
100
AcDbLine
 10
751.8178999999997
 20
-2575.125
 30
0.0
 11
751.8178999999997
 21
-2475.125
 31
0.0
  0
LINE
  5
53E
330
17
100
AcDbEntity
  8
stiffener
100
AcDbLine
 10
642.6585999999999
 20
-2138.1499999999996
 30
0.0
 11
685.9585999999999
 21
-2163.1499999999996
 31
0.0
  0
LINE
  5
53F
330
17
100
AcDbEntity
  8
stiffener
100
AcDbLine
 10
685.9585999999999
 20
-2163.1499999999996
 30
0.0
 11
-70.92540000000047
 21
-2600.1499999999996
 31
0.0
  0
LINE
  5
540
330
17
100
AcDbEntity
  8
stiffener
100
AcDbLine
 10
-70.92540000000047
 20
-2600.1499999999996
 30
0.0
 11
-114.22540000000048
 21
-2575.1499999999996
 31
0.0
  0
LINE
  5
541
330
17
100
AcDbEntity
  8
stiffener
100
AcDbLine
 10
-114.22540000000048
 20
-2575.1499999999996
 30
0.0
 11
642.6585999999999
 21
-2138.1499999999996
 31
0.0
  0
LINE
  5
542
330
17
100
AcDbEntity
  8
stiffener
100
AcDbLine
 10
642.6585999999999
 20
-2038.1499999999996
 30
0.0
 11
685.9585999999999
 21
-2063.1499999999996
 31
0.0
  0
LINE
  5
543
330
17
100
AcDbEntity
  8
stiffener
100
AcDbLine
 10
685.9585999999999
 20
-2063.1499999999996
 30
0.0
 11
-70.92540000000047
 21
-2500.1499999999996
 31
0.0
  0
LINE
  5
544
330
17
100
AcDbEntity
  8
stiffener
100
AcDbLine
 10
-70.92540000000047
 20
-2500.1499999999996
 30
0.0
 11
-114.22540000000048
 21
-2475.1499999999996
 31
0.0
  0
LINE
  5
545
330
17
100
AcDbEntity
  8
stiffener
100
AcDbLine
 10
-114.22540000000048
 20
-2475.1499999999996
 30
0.0
 11
642.6585999999999
 21
-2038.1499999999996
 31
0.0
  0
LINE
  5
546
330
17
100
AcDbEntity
  8
stiffener
100
AcDbLine
 10
642.6585999999999
 20
-2138.1499999999996
 30
0.0
 11
642.6585999999999
 21
-2038.1499999999996
 31
0.0
  0
LINE
  5
547
330
17
100
AcDbEntity
  8
stiffener
100
AcDbLine
 10
685.9585999999999
 20
-2163.1499999999996
 30
0.0
 11
685.9585999999999
 21
-2063.1499999999996
 31
0.0
  0
LINE
  5
548
330
17
100
AcDbEntity
  8
stiffener
100
AcDbLine
 10
-70.92540000000047
 20
-2600.1499999999996
 30
0.0
 11
-70.92540000000047
 21
-2500.1499999999996
 31
0.0
  0
LINE
  5
549
330
17
100
AcDbEntity
  8
stiffener
100
AcDbLine
 10
-114.22540000000048
 20
-2575.1499999999996
 30
0.0
 11
-114.22540000000048
 21
-2475.1499999999996
 31
0.0
  0
LINE
  5
54A
330
17
100
AcDbEntity
  8
stiffener
100
AcDbLine
 10
5873.22932
 20
-3157.91
 30
0.0
 11
5916.529320000001
 21
-3182.91
 31
0.0
  0
LINE
  5
54B
330
17
100
AcDbEntity
  8
stiffener
100
AcDbLine
 10
5916.529320000001
 20
-3182.91
 30
0.0
 11
5159.6453200000005
 21
-3619.91
 31
0.0
  0
LINE
  5
54C
330
17
100
AcDbEntity
  8
stiffener
100
AcDbLine
 10
5159.6453200000005
 20
-3619.91
 30
0.0
 11
5116.34532
 21
-3594.91
 31
0.0
  0
LINE
  5
54D
330
17
100
AcDbEntity
  8
stiffener
100
AcDbLine
 10
5116.34532
 20
-3594.91
 30
0.0
 11
5873.22932
 21
-3157.91
 31
0.0
  0
LINE
  5
54E
330
17
100
AcDbEntity
  8
stiffener
100
AcDbLine
 10
5873.22932
 20
-3057.91
 30
0.0
 11
5916.529320000001
 21
-3082.91
 31
0.0
  0
LINE
  5
54F
330
17
100
AcDbEntity
  8
stiffener
100
AcDbLine
 10
5916.529320000001
 20
-3082.91
 30
0.0
 11
5159.6453200000005
 21
-3519.91
 31
0.0
  0
LINE
  5
550
330
17
100
AcDbEntity
  8
stiffener
100
AcDbLine
 10
5159.6453200000005
 20
-3519.91
 30
0.0
 11
5116.34532
 21
-3494.91
 31
0.0
  0
LINE
  5
551
330
17
100
AcDbEntity
  8
stiffener
100
AcDbLine
 10
5116.34532
 20
-3494.91
 30
0.0
 11
5873.22932
 21
-3057.91
 31
0.0
  0
LINE
  5
552
330
17
100
AcDbEntity
  8
stiffener
100
AcDbLine
 10
5873.22932
 20
-3157.91
 30
0.0
 11
5873.22932
 21
-3057.91
 31
0.0
  0
LINE
  5
553
330
17
100
AcDbEntity
  8
stiffener
100
AcDbLine
 10
5916.529320000001
 20
-3182.91
 30
0.0
 11
5916.529320000001
 21
-3082.91
 31
0.0
  0
LINE
  5
554
330
17
100
AcDbEntity
  8
stiffener
100
AcDbLine
 10
5159.6453200000005
 20
-3619.91
 30
0.0
 11
5159.6453200000005
 21
-3519.91
 31
0.0
  0
LINE
  5
555
330
17
100
AcDbEntity
  8
stiffener
100
AcDbLine
 10
5116.34532
 20
-3594.91
 30
0.0
 11
5116.34532
 21
-3494.91
 31
0.0
  0
LINE
  5
556
330
17
100
AcDbEntity
  8
stiffener
100
AcDbLine
 10
5007.18602
 20
-3157.935
 30
0.0
 11
5050.48602
 21
-3182.935
 31
0.0
  0
LINE
  5
557
330
17
100
AcDbEntity
  8
stiffener
100
AcDbLine
 10
5050.48602
 20
-3182.935
 30
0.0
 11
4293.60202
 21
-3619.9350000000004
 31
0.0
  0
LINE
  5
558
330
17
100
AcDbEntity
  8
stiffener
100
AcDbLine
 10
4293.60202
 20
-3619.9350000000004
 30
0.0
 11
4250.30202
 21
-3594.9350000000004
 31
0.0
  0
LINE
  5
559
330
17
100
AcDbEntity
  8
stiffener
100
AcDbLine
 10
4250.30202
 20
-3594.9350000000004
 30
0.0
 11
5007.18602
 21
-3157.935
 31
0.0
  0
LINE
  5
55A
330
17
100
AcDbEntity
  8
stiffener
100
AcDbLine
 10
5007.18602
 20
-3057.935
 30
0.0
 11
5050.48602
 21
-3082.935
 31
0.0
  0
LINE
  5
55B
330
17
100
AcDbEntity
  8
stiffener
100
AcDbLine
 10
5050.48602
 20
-3082.935
 30
0.0
 11
4293.60202
 21
-3519.9350000000004
 31
0.0
  0
LINE
  5
55C
330
17
100
AcDbEntity
  8
stiffener
100
AcDbLine
 10
4293.60202
 20
-3519.9350000000004
 30
0.0
 11
4250.30202
 21
-3494.9350000000004
 31
0.0
  0
LINE
  5
55D
330
17
100
AcDbEntity
  8
stiffener
100
AcDbLine
 10
4250.30202
 20
-3494.9350000000004
 30
0.0
 11
5007.18602
 21
-3057.935
 31
0.0
  0
LINE
  5
55E
330
17
100
AcDbEntity
  8
stiffener
100
AcDbLine
 10
5007.18602
 20
-3157.935
 30
0.0
 11
5007.18602
 21
-3057.935
 31
0.0
  0
LINE
  5
55F
330
17
100
AcDbEntity
  8
stiffener
100
AcDbLine
 10
5050.48602
 20
-3182.935
 30
0.0
 11
5050.48602
 21
-3082.935
 31
0.0
  0
LINE
  5
560
330
17
100
AcDbEntity
  8
stiffener
100
AcDbLine
 10
4293.60202
 20
-3619.9350000000004
 30
0.0
 11
4293.60202
 21
-3519.9350000000004
 31
0.0
  0
LINE
  5
561
330
17
100
AcDbEntity
  8
stiffener
100
AcDbLine
 10
4250.30202
 20
-3594.9350000000004
 30
0.0
 11
4250.30202
 21
-3494.9350000000004
 31
0.0
  0
LINE
  5
562
330
17
100
AcDbEntity
  8
stiffener
100
AcDbLine
 10
4141.14272
 20
-3157.96
 30
0.0
 11
4184.44272
 21
-3182.96
 31
0.0
  0
LINE
  5
563
330
17
100
AcDbEntity
  8
stiffener
100
AcDbLine
 10
4184.44272
 20
-3182.96
 30
0.0
 11
3427.55872
 21
-3619.96
 31
0.0
  0
LINE
  5
564
330
17
100
AcDbEntity
  8
stiffener
100
AcDbLine
 10
3427.55872
 20
-3619.96
 30
0.0
 11
3384.25872
 21
-3594.96
 31
0.0
  0
LINE
  5
565
330
17
100
AcDbEntity
  8
stiffener
100
AcDbLine
 10
3384.25872
 20
-3594.96
 30
0.0
 11
4141.14272
 21
-3157.96
 31
0.0
  0
LINE
  5
566
330
17
100
AcDbEntity
  8
stiffener
100
AcDbLine
 10
4141.14272
 20
-3057.96
 30
0.0
 11
4184.44272
 21
-3082.96
 31
0.0
  0
LINE
  5
567
330
17
100
AcDbEntity
  8
stiffener
100
AcDbLine
 10
4184.44272
 20
-3082.96
 30
0.0
 11
3427.55872
 21
-3519.96
 31
0.0
  0
LINE
  5
568
330
17
100
AcDbEntity
  8
stiffener
100
AcDbLine
 10
3427.55872
 20
-3519.96
 30
0.0
 11
3384.25872
 21
-3494.96
 31
0.0
  0
LINE
  5
569
330
17
100
AcDbEntity
  8
stiffener
100
AcDbLine
 10
3384.25872
 20
-3494.96
 30
0.0
 11
4141.14272
 21
-3057.96
 31
0.0
  0
LINE
  5
56A
330
17
100
AcDbEntity
  8
stiffener
100
AcDbLine
 10
4141.14272
 20
-3157.96
 30
0.0
 11
4141.14272
 21
-3057.96
 31
0.0
  0
LINE
  5
56B
330
17
100
AcDbEntity
  8
stiffener
100
AcDbLine
 10
4184.44272
 20
-3182.96
 30
0.0
 11
4184.44272
 21
-3082.96
 31
0.0
  0
LINE
  5
56C
330
17
100
AcDbEntity
  8
stiffener
100
AcDbLine
 10
3427.55872
 20
-3619.96
 30
0.0
 11
3427.55872
 21
-3519.96
 31
0.0
  0
LINE
  5
56D
330
17
100
AcDbEntity
  8
stiffener
100
AcDbLine
 10
3384.25872
 20
-3594.96
 30
0.0
 11
3384.25872
 21
-3494.96
 31
0.0
  0
LINE
  5
56E
330
17
100
AcDbEntity
  8
stiffener
100
AcDbLine
 10
3275.09942
 20
-3157.9850000000006
 30
0.0
 11
3318.3994199999997
 21
-3182.9850000000006
 31
0.0
  0
LINE
  5
56F
330
17
100
AcDbEntity
  8
stiffener
100
AcDbLine
 10
3318.3994199999997
 20
-3182.9850000000006
 30
0.0
 11
2561.5154199999997
 21
-3619.9850000000006
 31
0.0
  0
LINE
  5
570
330
17
100
AcDbEntity
  8
stiffener
100
AcDbLine
 10
2561.5154199999997
 20
-3619.9850000000006
 30
0.0
 11
2518.21542
 21
-3594.9850000000006
 31
0.0
  0
LINE
  5
571
330
17
100
AcDbEntity
  8
stiffener
100
AcDbLine
 10
2518.21542
 20
-3594.9850000000006
 30
0.0
 11
3275.09942
 21
-3157.9850000000006
 31
0.0
  0
LINE
  5
572
330
17
100
AcDbEntity
  8
stiffener
100
AcDbLine
 10
3275.09942
 20
-3057.9850000000006
 30
0.0
 11
3318.3994199999997
 21
-3082.9850000000006
 31
0.0
  0
LINE
  5
573
330
17
100
AcDbEntity
  8
stiffener
100
AcDbLine
 10
3318.3994199999997
 20
-3082.9850000000006
 30
0.0
 11
2561.5154199999997
 21
-3519.9850000000006
 31
0.0
  0
LINE
  5
574
330
17
100
AcDbEntity
  8
stiffener
100
AcDbLine
 10
2561.5154199999997
 20
-3519.9850000000006
 30
0.0
 11
2518.21542
 21
-3494.9850000000006
 31
0.0
  0
LINE
  5
575
330
17
100
AcDbEntity
  8
stiffener
100
AcDbLine
 10
2518.21542
 20
-3494.9850000000006
 30
0.0
 11
3275.09942
 21
-3057.9850000000006
 31
0.0
  0
LINE
  5
576
330
17
100
AcDbEntity
  8
stiffener
100
AcDbLine
 10
3275.09942
 20
-3157.9850000000006
 30
0.0
 11
3275.09942
 21
-3057.9850000000006
 31
0.0
  0
LINE
  5
577
330
17
100
AcDbEntity
  8
stiffener
100
AcDbLine
 10
3318.3994199999997
 20
-3182.9850000000006
 30
0.0
 11
3318.3994199999997
 21
-3082.9850000000006
 31
0.0
  0
LINE
  5
578
330
17
100
AcDbEntity
  8
stiffener
100
AcDbLine
 10
2561.5154199999997
 20
-3619.9850000000006
 30
0.0
 11
2561.5154199999997
 21
-3519.9850000000006
 31
0.0
  0
LINE
  5
579
330
17
100
AcDbEntity
  8
stiffener
100
AcDbLine
 10
2518.21542
 20
-3594.9850000000006
 30
0.0
 11
2518.21542
 21
-3494.9850000000006
 31
0.0
  0
LINE
  5
57A
330
17
100
AcDbEntity
  8
stiffener
100
AcDbLine
 10
2409.05612
 20
-3158.01
 30
0.0
 11
2452.35612
 21
-3183.01
 31
0.0
  0
LINE
  5
57B
330
17
100
AcDbEntity
  8
stiffener
100
AcDbLine
 10
2452.35612
 20
-3183.01
 30
0.0
 11
1695.4721199999997
 21
-3620.01
 31
0.0
  0
LINE
  5
57C
330
17
100
AcDbEntity
  8
stiffener
100
AcDbLine
 10
1695.4721199999997
 20
-3620.01
 30
0.0
 11
1652.1721199999997
 21
-3595.01
 31
0.0
  0
LINE
  5
57D
330
17
100
AcDbEntity
  8
stiffener
100
AcDbLine
 10
1652.1721199999997
 20
-3595.01
 30
0.0
 11
2409.05612
 21
-3158.01
 31
0.0
  0
LINE
  5
57E
330
17
100
AcDbEntity
  8
stiffener
100
AcDbLine
 10
2409.05612
 20
-3058.01
 30
0.0
 11
2452.35612
 21
-3083.01
 31
0.0
  0
LINE
  5
57F
330
17
100
AcDbEntity
  8
stiffener
100
AcDbLine
 10
2452.35612
 20
-3083.01
 30
0.0
 11
1695.4721199999997
 21
-3520.01
 31
0.0
  0
LINE
  5
580
330
17
100
AcDbEntity
  8
stiffener
100
AcDbLine
 10
1695.4721199999997
 20
-3520.01
 30
0.0
 11
1652.1721199999997
 21
-3495.01
 31
0.0
  0
LINE
  5
581
330
17
100
AcDbEntity
  8
stiffener
100
AcDbLine
 10
1652.1721199999997
 20
-3495.01
 30
0.0
 11
2409.05612
 21
-3058.01
 31
0.0
  0
LINE
  5
582
330
17
100
AcDbEntity
  8
stiffener
100
AcDbLine
 10
2409.05612
 20
-3158.01
 30
0.0
 11
2409.05612
 21
-3058.01
 31
0.0
  0
LINE
  5
583
330
17
100
AcDbEntity
  8
stiffener
100
AcDbLine
 10
2452.35612
 20
-3183.01
 30
0.0
 11
2452.35612
 21
-3083.01
 31
0.0
  0
LINE
  5
584
330
17
100
AcDbEntity
  8
stiffener
100
AcDbLine
 10
1695.4721199999997
 20
-3620.01
 30
0.0
 11
1695.4721199999997
 21
-3520.01
 31
0.0
  0
LINE
  5
585
330
17
100
AcDbEntity
  8
stiffener
100
AcDbLine
 10
1652.1721199999997
 20
-3595.01
 30
0.0
 11
1652.1721199999997
 21
-3495.01
 31
0.0
  0
LINE
  5
586
330
17
100
AcDbEntity
  8
stiffener
100
AcDbLine
 10
6055.08932
 20
-3262.91
 30
0.0
 11
6098.38932
 21
-3287.91
 31
0.0
  0
LINE
  5
587
330
17
100
AcDbEntity
  8
stiffener
100
AcDbLine
 10
6098.38932
 20
-3287.91
 30
0.0
 11
5341.50532
 21
-3724.91
 31
0.0
  0
LINE
  5
588
330
17
100
AcDbEntity
  8
stiffener
100
AcDbLine
 10
5341.50532
 20
-3724.91
 30
0.0
 11
5298.20532
 21
-3699.91
 31
0.0
  0
LINE
  5
589
330
17
100
AcDbEntity
  8
stiffener
100
AcDbLine
 10
5298.20532
 20
-3699.91
 30
0.0
 11
6055.08932
 21
-3262.91
 31
0.0
  0
LINE
  5
58A
330
17
100
AcDbEntity
  8
stiffener
100
AcDbLine
 10
6055.08932
 20
-3162.91
 30
0.0
 11
6098.38932
 21
-3187.91
 31
0.0
  0
LINE
  5
58B
330
17
100
AcDbEntity
  8
stiffener
100
AcDbLine
 10
6098.38932
 20
-3187.91
 30
0.0
 11
5341.50532
 21
-3624.91
 31
0.0
  0
LINE
  5
58C
330
17
100
AcDbEntity
  8
stiffener
100
AcDbLine
 10
5341.50532
 20
-3624.91
 30
0.0
 11
5298.20532
 21
-3599.91
 31
0.0
  0
LINE
  5
58D
330
17
100
AcDbEntity
  8
stiffener
100
AcDbLine
 10
5298.20532
 20
-3599.91
 30
0.0
 11
6055.08932
 21
-3162.91
 31
0.0
  0
LINE
  5
58E
330
17
100
AcDbEntity
  8
stiffener
100
AcDbLine
 10
6055.08932
 20
-3262.91
 30
0.0
 11
6055.08932
 21
-3162.91
 31
0.0
  0
LINE
  5
58F
330
17
100
AcDbEntity
  8
stiffener
100
AcDbLine
 10
6098.38932
 20
-3287.91
 30
0.0
 11
6098.38932
 21
-3187.91
 31
0.0
  0
LINE
  5
590
330
17
100
AcDbEntity
  8
stiffener
100
AcDbLine
 10
5341.50532
 20
-3724.91
 30
0.0
 11
5341.50532
 21
-3624.91
 31
0.0
  0
LINE
  5
591
330
17
100
AcDbEntity
  8
stiffener
100
AcDbLine
 10
5298.20532
 20
-3699.91
 30
0.0
 11
5298.20532
 21
-3599.91
 31
0.0
  0
LINE
  5
592
330
17
100
AcDbEntity
  8
stiffener
100
AcDbLine
 10
5189.04602
 20
-3262.935
 30
0.0
 11
5232.34602
 21
-3287.935
 31
0.0
  0
LINE
  5
593
330
17
100
AcDbEntity
  8
stiffener
100
AcDbLine
 10
5232.34602
 20
-3287.935
 30
0.0
 11
4475.46202
 21
-3724.9350000000004
 31
0.0
  0
LINE
  5
594
330
17
100
AcDbEntity
  8
stiffener
100
AcDbLine
 10
4475.46202
 20
-3724.9350000000004
 30
0.0
 11
4432.16202
 21
-3699.9350000000004
 31
0.0
  0
LINE
  5
595
330
17
100
AcDbEntity
  8
stiffener
100
AcDbLine
 10
4432.16202
 20
-3699.9350000000004
 30
0.0
 11
5189.04602
 21
-3262.935
 31
0.0
  0
LINE
  5
596
330
17
100
AcDbEntity
  8
stiffener
100
AcDbLine
 10
5189.04602
 20
-3162.935
 30
0.0
 11
5232.34602
 21
-3187.935
 31
0.0
  0
LINE
  5
597
330
17
100
AcDbEntity
  8
stiffener
100
AcDbLine
 10
5232.34602
 20
-3187.935
 30
0.0
 11
4475.46202
 21
-3624.9350000000004
 31
0.0
  0
LINE
  5
598
330
17
100
AcDbEntity
  8
stiffener
100
AcDbLine
 10
4475.46202
 20
-3624.9350000000004
 30
0.0
 11
4432.16202
 21
-3599.9350000000004
 31
0.0
  0
LINE
  5
599
330
17
100
AcDbEntity
  8
stiffener
100
AcDbLine
 10
4432.16202
 20
-3599.9350000000004
 30
0.0
 11
5189.04602
 21
-3162.935
 31
0.0
  0
LINE
  5
59A
330
17
100
AcDbEntity
  8
stiffener
100
AcDbLine
 10
5189.04602
 20
-3262.935
 30
0.0
 11
5189.04602
 21
-3162.935
 31
0.0
  0
LINE
  5
59B
330
17
100
AcDbEntity
  8
stiffener
100
AcDbLine
 10
5232.34602
 20
-3287.935
 30
0.0
 11
5232.34602
 21
-3187.935
 31
0.0
  0
LINE
  5
59C
330
17
100
AcDbEntity
  8
stiffener
100
AcDbLine
 10
4475.46202
 20
-3724.9350000000004
 30
0.0
 11
4475.46202
 21
-3624.9350000000004
 31
0.0
  0
LINE
  5
59D
330
17
100
AcDbEntity
  8
stiffener
100
AcDbLine
 10
4432.16202
 20
-3699.9350000000004
 30
0.0
 11
4432.16202
 21
-3599.9350000000004
 31
0.0
  0
LINE
  5
59E
330
17
100
AcDbEntity
  8
stiffener
100
AcDbLine
 10
4323.00272
 20
-3262.96
 30
0.0
 11
4366.30272
 21
-3287.96
 31
0.0
  0
LINE
  5
59F
330
17
100
AcDbEntity
  8
stiffener
100
AcDbLine
 10
4366.30272
 20
-3287.96
 30
0.0
 11
3609.41872
 21
-3724.96
 31
0.0
  0
LINE
  5
5A0
330
17
100
AcDbEntity
  8
stiffener
100
AcDbLine
 10
3609.41872
 20
-3724.96
 30
0.0
 11
3566.11872
 21
-3699.96
 31
0.0
  0
LINE
  5
5A1
330
17
100
AcDbEntity
  8
stiffener
100
AcDbLine
 10
3566.11872
 20
-3699.96
 30
0.0
 11
4323.00272
 21
-3262.96
 31
0.0
  0
LINE
  5
5A2
330
17
100
AcDbEntity
  8
stiffener
100
AcDbLine
 10
4323.00272
 20
-3162.96
 30
0.0
 11
4366.30272
 21
-3187.96
 31
0.0
  0
LINE
  5
5A3
330
17
100
AcDbEntity
  8
stiffener
100
AcDbLine
 10
4366.30272
 20
-3187.96
 30
0.0
 11
3609.41872
 21
-3624.96
 31
0.0
  0
LINE
  5
5A4
330
17
100
AcDbEntity
  8
stiffener
100
AcDbLine
 10
3609.41872
 20
-3624.96
 30
0.0
 11
3566.11872
 21
-3599.96
 31
0.0
  0
LINE
  5
5A5
330
17
100
AcDbEntity
  8
stiffener
100
AcDbLine
 10
3566.11872
 20
-3599.96
 30
0.0
 11
4323.00272
 21
-3162.96
 31
0.0
  0
LINE
  5
5A6
330
17
100
AcDbEntity
  8
stiffener
100
AcDbLine
 10
4323.00272
 20
-3262.96
 30
0.0
 11
4323.00272
 21
-3162.96
 31
0.0
  0
LINE
  5
5A7
330
17
100
AcDbEntity
  8
stiffener
100
AcDbLine
 10
4366.30272
 20
-3287.96
 30
0.0
 11
4366.30272
 21
-3187.96
 31
0.0
  0
LINE
  5
5A8
330
17
100
AcDbEntity
  8
stiffener
100
AcDbLine
 10
3609.41872
 20
-3724.96
 30
0.0
 11
3609.41872
 21
-3624.96
 31
0.0
  0
LINE
  5
5A9
330
17
100
AcDbEntity
  8
stiffener
100
AcDbLine
 10
3566.11872
 20
-3699.96
 30
0.0
 11
3566.11872
 21
-3599.96
 31
0.0
  0
LINE
  5
5AA
330
17
100
AcDbEntity
  8
stiffener
100
AcDbLine
 10
3456.9594199999997
 20
-3262.9850000000006
 30
0.0
 11
3500.25942
 21
-3287.9850000000006
 31
0.0
  0
LINE
  5
5AB
330
17
100
AcDbEntity
  8
stiffener
100
AcDbLine
 10
3500.25942
 20
-3287.9850000000006
 30
0.0
 11
2743.37542
 21
-3724.9850000000006
 31
0.0
  0
LINE
  5
5AC
330
17
100
AcDbEntity
  8
stiffener
100
AcDbLine
 10
2743.37542
 20
-3724.9850000000006
 30
0.0
 11
2700.0754199999997
 21
-3699.9850000000006
 31
0.0
  0
LINE
  5
5AD
330
17
100
AcDbEntity
  8
stiffener
100
AcDbLine
 10
2700.0754199999997
 20
-3699.9850000000006
 30
0.0
 11
3456.9594199999997
 21
-3262.9850000000006
 31
0.0
  0
LINE
  5
5AE
330
17
100
AcDbEntity
  8
stiffener
100
AcDbLine
 10
3456.9594199999997
 20
-3162.9850000000006
 30
0.0
 11
3500.25942
 21
-3187.9850000000006
 31
0.0
  0
LINE
  5
5AF
330
17
100
AcDbEntity
  8
stiffener
100
AcDbLine
 10
3500.25942
 20
-3187.9850000000006
 30
0.0
 11
2743.37542
 21
-3624.9850000000006
 31
0.0
  0
LINE
  5
5B0
330
17
100
AcDbEntity
  8
stiffener
100
AcDbLine
 10
2743.37542
 20
-3624.9850000000006
 30
0.0
 11
2700.0754199999997
 21
-3599.9850000000006
 31
0.0
  0
LINE
  5
5B1
330
17
100
AcDbEntity
  8
stiffener
100
AcDbLine
 10
2700.0754199999997
 20
-3599.9850000000006
 30
0.0
 11
3456.9594199999997
 21
-3162.9850000000006
 31
0.0
  0
LINE
  5
5B2
330
17
100
AcDbEntity
  8
stiffener
100
AcDbLine
 10
3456.9594199999997
 20
-3262.9850000000006
 30
0.0
 11
3456.9594199999997
 21
-3162.9850000000006
 31
0.0
  0
LINE
  5
5B3
330
17
100
AcDbEntity
  8
stiffener
100
AcDbLine
 10
3500.25942
 20
-3287.9850000000006
 30
0.0
 11
3500.25942
 21
-3187.9850000000006
 31
0.0
  0
LINE
  5
5B4
330
17
100
AcDbEntity
  8
stiffener
100
AcDbLine
 10
2743.37542
 20
-3724.9850000000006
 30
0.0
 11
2743.37542
 21
-3624.9850000000006
 31
0.0
  0
LINE
  5
5B5
330
17
100
AcDbEntity
  8
stiffener
100
AcDbLine
 10
2700.0754199999997
 20
-3699.9850000000006
 30
0.0
 11
2700.0754199999997
 21
-3599.9850000000006
 31
0.0
  0
LINE
  5
5B6
330
17
100
AcDbEntity
  8
stiffener
100
AcDbLine
 10
2590.9161200000003
 20
-3263.01
 30
0.0
 11
2634.21612
 21
-3288.01
 31
0.0
  0
LINE
  5
5B7
330
17
100
AcDbEntity
  8
stiffener
100
AcDbLine
 10
2634.21612
 20
-3288.01
 30
0.0
 11
1877.3321199999998
 21
-3725.01
 31
0.0
  0
LINE
  5
5B8
330
17
100
AcDbEntity
  8
stiffener
100
AcDbLine
 10
1877.3321199999998
 20
-3725.01
 30
0.0
 11
1834.0321199999996
 21
-3700.01
 31
0.0
  0
LINE
  5
5B9
330
17
100
AcDbEntity
  8
stiffener
100
AcDbLine
 10
1834.0321199999996
 20
-3700.01
 30
0.0
 11
2590.9161200000003
 21
-3263.01
 31
0.0
  0
LINE
  5
5BA
330
17
100
AcDbEntity
  8
stiffener
100
AcDbLine
 10
2590.9161200000003
 20
-3163.01
 30
0.0
 11
2634.21612
 21
-3188.01
 31
0.0
  0
LINE
  5
5BB
330
17
100
AcDbEntity
  8
stiffener
100
AcDbLine
 10
2634.21612
 20
-3188.01
 30
0.0
 11
1877.3321199999998
 21
-3625.01
 31
0.0
  0
LINE
  5
5BC
330
17
100
AcDbEntity
  8
stiffener
100
AcDbLine
 10
1877.3321199999998
 20
-3625.01
 30
0.0
 11
1834.0321199999996
 21
-3600.01
 31
0.0
  0
LINE
  5
5BD
330
17
100
AcDbEntity
  8
stiffener
100
AcDbLine
 10
1834.0321199999996
 20
-3600.01
 30
0.0
 11
2590.9161200000003
 21
-3163.01
 31
0.0
  0
LINE
  5
5BE
330
17
100
AcDbEntity
  8
stiffener
100
AcDbLine
 10
2590.9161200000003
 20
-3263.01
 30
0.0
 11
2590.9161200000003
 21
-3163.01
 31
0.0
  0
LINE
  5
5BF
330
17
100
AcDbEntity
  8
stiffener
100
AcDbLine
 10
2634.21612
 20
-3288.01
 30
0.0
 11
2634.21612
 21
-3188.01
 31
0.0
  0
LINE
  5
5C0
330
17
100
AcDbEntity
  8
stiffener
100
AcDbLine
 10
1877.3321199999998
 20
-3725.01
 30
0.0
 11
1877.3321199999998
 21
-3625.01
 31
0.0
  0
LINE
  5
5C1
330
17
100
AcDbEntity
  8
stiffener
100
AcDbLine
 10
1834.0321199999996
 20
-3700.01
 30
0.0
 11
1834.0321199999996
 21
-3600.01
 31
0.0
  0
LINE
  5
5C2
330
17
100
AcDbEntity
  8
stiffener
100
AcDbLine
 10
7587.892
 20
-4147.9
 30
0.0
 11
7631.192
 21
-4172.9
 31
0.0
  0
LINE
  5
5C3
330
17
100
AcDbEntity
  8
stiffener
100
AcDbLine
 10
7631.192
 20
-4172.9
 30
0.0
 11
6874.308
 21
-4609.9
 31
0.0
  0
LINE
  5
5C4
330
17
100
AcDbEntity
  8
stiffener
100
AcDbLine
 10
6874.308
 20
-4609.9
 30
0.0
 11
6831.008
 21
-4584.9
 31
0.0
  0
LINE
  5
5C5
330
17
100
AcDbEntity
  8
stiffener
100
AcDbLine
 10
6831.008
 20
-4584.9
 30
0.0
 11
7587.892
 21
-4147.9
 31
0.0
  0
LINE
  5
5C6
330
17
100
AcDbEntity
  8
stiffener
100
AcDbLine
 10
7587.892
 20
-4047.8999999999996
 30
0.0
 11
7631.192
 21
-4072.8999999999996
 31
0.0
  0
LINE
  5
5C7
330
17
100
AcDbEntity
  8
stiffener
100
AcDbLine
 10
7631.192
 20
-4072.8999999999996
 30
0.0
 11
6874.308
 21
-4509.9
 31
0.0
  0
LINE
  5
5C8
330
17
100
AcDbEntity
  8
stiffener
100
AcDbLine
 10
6874.308
 20
-4509.9
 30
0.0
 11
6831.008
 21
-4484.9
 31
0.0
  0
LINE
  5
5C9
330
17
100
AcDbEntity
  8
stiffener
100
AcDbLine
 10
6831.008
 20
-4484.9
 30
0.0
 11
7587.892
 21
-4047.8999999999996
 31
0.0
  0
LINE
  5
5CA
330
17
100
AcDbEntity
  8
stiffener
100
AcDbLine
 10
7587.892
 20
-4147.9
 30
0.0
 11
7587.892
 21
-4047.8999999999996
 31
0.0
  0
LINE
  5
5CB
330
17
100
AcDbEntity
  8
stiffener
100
AcDbLine
 10
7631.192
 20
-4172.9
 30
0.0
 11
7631.192
 21
-4072.8999999999996
 31
0.0
  0
LINE
  5
5CC
330
17
100
AcDbEntity
  8
stiffener
100
AcDbLine
 10
6874.308
 20
-4609.9
 30
0.0
 11
6874.308
 21
-4509.9
 31
0.0
  0
LINE
  5
5CD
330
17
100
AcDbEntity
  8
stiffener
100
AcDbLine
 10
6831.008
 20
-4584.9
 30
0.0
 11
6831.008
 21
-4484.9
 31
0.0
  0
LINE
  5
5CE
330
17
100
AcDbEntity
  8
stiffener
100
AcDbLine
 10
6721.8487
 20
-4147.925
 30
0.0
 11
6765.1487
 21
-4172.925
 31
0.0
  0
LINE
  5
5CF
330
17
100
AcDbEntity
  8
stiffener
100
AcDbLine
 10
6765.1487
 20
-4172.925
 30
0.0
 11
6008.2647
 21
-4609.925
 31
0.0
  0
LINE
  5
5D0
330
17
100
AcDbEntity
  8
stiffener
100
AcDbLine
 10
6008.2647
 20
-4609.925
 30
0.0
 11
5964.9646999999995
 21
-4584.925
 31
0.0
  0
LINE
  5
5D1
330
17
100
AcDbEntity
  8
stiffener
100
AcDbLine
 10
5964.9646999999995
 20
-4584.925
 30
0.0
 11
6721.8487
 21
-4147.925
 31
0.0
  0
LINE
  5
5D2
330
17
100
AcDbEntity
  8
stiffener
100
AcDbLine
 10
6721.8487
 20
-4047.925
 30
0.0
 11
6765.1487
 21
-4072.925
 31
0.0
  0
LINE
  5
5D3
330
17
100
AcDbEntity
  8
stiffener
100
AcDbLine
 10
6765.1487
 20
-4072.925
 30
0.0
 11
6008.2647
 21
-4509.925
 31
0.0
  0
LINE
  5
5D4
330
17
100
AcDbEntity
  8
stiffener
100
AcDbLine
 10
6008.2647
 20
-4509.925
 30
0.0
 11
5964.9646999999995
 21
-4484.925
 31
0.0
  0
LINE
  5
5D5
330
17
100
AcDbEntity
  8
stiffener
100
AcDbLine
 10
5964.9646999999995
 20
-4484.925
 30
0.0
 11
6721.8487
 21
-4047.925
 31
0.0
  0
LINE
  5
5D6
330
17
100
AcDbEntity
  8
stiffener
100
AcDbLine
 10
6721.8487
 20
-4147.925
 30
0.0
 11
6721.8487
 21
-4047.925
 31
0.0
  0
LINE
  5
5D7
330
17
100
AcDbEntity
  8
stiffener
100
AcDbLine
 10
6765.1487
 20
-4172.925
 30
0.0
 11
6765.1487
 21
-4072.925
 31
0.0
  0
LINE
  5
5D8
330
17
100
AcDbEntity
  8
stiffener
100
AcDbLine
 10
6008.2647
 20
-4609.925
 30
0.0
 11
6008.2647
 21
-4509.925
 31
0.0
  0
LINE
  5
5D9
330
17
100
AcDbEntity
  8
stiffener
100
AcDbLine
 10
5964.9646999999995
 20
-4584.925
 30
0.0
 11
5964.9646999999995
 21
-4484.925
 31
0.0
  0
LINE
  5
5DA
330
17
100
AcDbEntity
  8
stiffener
100
AcDbLine
 10
5855.805399999999
 20
-4147.95
 30
0.0
 11
5899.1053999999995
 21
-4172.95
 31
0.0
  0
LINE
  5
5DB
330
17
100
AcDbEntity
  8
stiffener
100
AcDbLine
 10
5899.1053999999995
 20
-4172.95
 30
0.0
 11
5142.221399999999
 21
-4609.95
 31
0.0
  0
LINE
  5
5DC
330
17
100
AcDbEntity
  8
stiffener
100
AcDbLine
 10
5142.221399999999
 20
-4609.95
 30
0.0
 11
5098.921399999999
 21
-4584.95
 31
0.0
  0
LINE
  5
5DD
330
17
100
AcDbEntity
  8
stiffener
100
AcDbLine
 10
5098.921399999999
 20
-4584.95
 30
0.0
 11
5855.805399999999
 21
-4147.95
 31
0.0
  0
LINE
  5
5DE
330
17
100
AcDbEntity
  8
stiffener
100
AcDbLine
 10
5855.805399999999
 20
-4047.95
 30
0.0
 11
5899.1053999999995
 21
-4072.95
 31
0.0
  0
LINE
  5
5DF
330
17
100
AcDbEntity
  8
stiffener
100
AcDbLine
 10
5899.1053999999995
 20
-4072.95
 30
0.0
 11
5142.221399999999
 21
-4509.95
 31
0.0
  0
LINE
  5
5E0
330
17
100
AcDbEntity
  8
stiffener
100
AcDbLine
 10
5142.221399999999
 20
-4509.95
 30
0.0
 11
5098.921399999999
 21
-4484.95
 31
0.0
  0
LINE
  5
5E1
330
17
100
AcDbEntity
  8
stiffener
100
AcDbLine
 10
5098.921399999999
 20
-4484.95
 30
0.0
 11
5855.805399999999
 21
-4047.95
 31
0.0
  0
LINE
  5
5E2
330
17
100
AcDbEntity
  8
stiffener
100
AcDbLine
 10
5855.805399999999
 20
-4147.95
 30
0.0
 11
5855.805399999999
 21
-4047.95
 31
0.0
  0
LINE
  5
5E3
330
17
100
AcDbEntity
  8
stiffener
100
AcDbLine
 10
5899.1053999999995
 20
-4172.95
 30
0.0
 11
5899.1053999999995
 21
-4072.95
 31
0.0
  0
LINE
  5
5E4
330
17
100
AcDbEntity
  8
stiffener
100
AcDbLine
 10
5142.221399999999
 20
-4609.95
 30
0.0
 11
5142.221399999999
 21
-4509.95
 31
0.0
  0
LINE
  5
5E5
330
17
100
AcDbEntity
  8
stiffener
100
AcDbLine
 10
5098.921399999999
 20
-4584.95
 30
0.0
 11
5098.921399999999
 21
-4484.95
 31
0.0
  0
LINE
  5
5E6
330
17
100
AcDbEntity
  8
stiffener
100
AcDbLine
 10
4989.7621
 20
-4147.975
 30
0.0
 11
5033.062099999999
 21
-4172.975
 31
0.0
  0
LINE
  5
5E7
330
17
100
AcDbEntity
  8
stiffener
100
AcDbLine
 10
5033.062099999999
 20
-4172.975
 30
0.0
 11
4276.178099999999
 21
-4609.975
 31
0.0
  0
LINE
  5
5E8
330
17
100
AcDbEntity
  8
stiffener
100
AcDbLine
 10
4276.178099999999
 20
-4609.975
 30
0.0
 11
4232.8781
 21
-4584.975
 31
0.0
  0
LINE
  5
5E9
330
17
100
AcDbEntity
  8
stiffener
100
AcDbLine
 10
4232.8781
 20
-4584.975
 30
0.0
 11
4989.7621
 21
-4147.975
 31
0.0
  0
LINE
  5
5EA
330
17
100
AcDbEntity
  8
stiffener
100
AcDbLine
 10
4989.7621
 20
-4047.9750000000004
 30
0.0
 11
5033.062099999999
 21
-4072.9750000000004
 31
0.0
  0
LINE
  5
5EB
330
17
100
AcDbEntity
  8
stiffener
100
AcDbLine
 10
5033.062099999999
 20
-4072.9750000000004
 30
0.0
 11
4276.178099999999
 21
-4509.975
 31
0.0
  0
LINE
  5
5EC
330
17
100
AcDbEntity
  8
stiffener
100
AcDbLine
 10
4276.178099999999
 20
-4509.975
 30
0.0
 11
4232.8781
 21
-4484.975
 31
0.0
  0
LINE
  5
5ED
330
17
100
AcDbEntity
  8
stiffener
100
AcDbLine
 10
4232.8781
 20
-4484.975
 30
0.0
 11
4989.7621
 21
-4047.9750000000004
 31
0.0
  0
LINE
  5
5EE
330
17
100
AcDbEntity
  8
stiffener
100
AcDbLine
 10
4989.7621
 20
-4147.975
 30
0.0
 11
4989.7621
 21
-4047.9750000000004
 31
0.0
  0
LINE
  5
5EF
330
17
100
AcDbEntity
  8
stiffener
100
AcDbLine
 10
5033.062099999999
 20
-4172.975
 30
0.0
 11
5033.062099999999
 21
-4072.9750000000004
 31
0.0
  0
LINE
  5
5F0
330
17
100
AcDbEntity
  8
stiffener
100
AcDbLine
 10
4276.178099999999
 20
-4609.975
 30
0.0
 11
4276.178099999999
 21
-4509.975
 31
0.0
  0
LINE
  5
5F1
330
17
100
AcDbEntity
  8
stiffener
100
AcDbLine
 10
4232.8781
 20
-4584.975
 30
0.0
 11
4232.8781
 21
-4484.975
 31
0.0
  0
LINE
  5
5F2
330
17
100
AcDbEntity
  8
stiffener
100
AcDbLine
 10
4123.7188
 20
-4148.0
 30
0.0
 11
4167.018799999999
 21
-4173.0
 31
0.0
  0
LINE
  5
5F3
330
17
100
AcDbEntity
  8
stiffener
100
AcDbLine
 10
4167.018799999999
 20
-4173.0
 30
0.0
 11
3410.1347999999994
 21
-4610.0
 31
0.0
  0
LINE
  5
5F4
330
17
100
AcDbEntity
  8
stiffener
100
AcDbLine
 10
3410.1347999999994
 20
-4610.0
 30
0.0
 11
3366.834799999999
 21
-4585.0
 31
0.0
  0
LINE
  5
5F5
330
17
100
AcDbEntity
  8
stiffener
100
AcDbLine
 10
3366.834799999999
 20
-4585.0
 30
0.0
 11
4123.7188
 21
-4148.0
 31
0.0
  0
LINE
  5
5F6
330
17
100
AcDbEntity
  8
stiffener
100
AcDbLine
 10
4123.7188
 20
-4048.0
 30
0.0
 11
4167.018799999999
 21
-4073.0
 31
0.0
  0
LINE
  5
5F7
330
17
100
AcDbEntity
  8
stiffener
100
AcDbLine
 10
4167.018799999999
 20
-4073.0
 30
0.0
 11
3410.1347999999994
 21
-4510.0
 31
0.0
  0
LINE
  5
5F8
330
17
100
AcDbEntity
  8
stiffener
100
AcDbLine
 10
3410.1347999999994
 20
-4510.0
 30
0.0
 11
3366.834799999999
 21
-4485.0
 31
0.0
  0
LINE
  5
5F9
330
17
100
AcDbEntity
  8
stiffener
100
AcDbLine
 10
3366.834799999999
 20
-4485.0
 30
0.0
 11
4123.7188
 21
-4048.0
 31
0.0
  0
LINE
  5
5FA
330
17
100
AcDbEntity
  8
stiffener
100
AcDbLine
 10
4123.7188
 20
-4148.0
 30
0.0
 11
4123.7188
 21
-4048.0
 31
0.0
  0
LINE
  5
5FB
330
17
100
AcDbEntity
  8
stiffener
100
AcDbLine
 10
4167.018799999999
 20
-4173.0
 30
0.0
 11
4167.018799999999
 21
-4073.0
 31
0.0
  0
LINE
  5
5FC
330
17
100
AcDbEntity
  8
stiffener
100
AcDbLine
 10
3410.1347999999994
 20
-4610.0
 30
0.0
 11
3410.1347999999994
 21
-4510.0
 31
0.0
  0
LINE
  5
5FD
330
17
100
AcDbEntity
  8
stiffener
100
AcDbLine
 10
3366.834799999999
 20
-4585.0
 30
0.0
 11
3366.834799999999
 21
-4485.0
 31
0.0
  0
LINE
  5
5FE
330
17
100
AcDbEntity
  8
stiffener
100
AcDbLine
 10
9120.686020000001
 20
-5032.885
 30
0.0
 11
9163.98602
 21
-5057.885
 31
0.0
  0
LINE
  5
5FF
330
17
100
AcDbEntity
  8
stiffener
100
AcDbLine
 10
9163.98602
 20
-5057.885
 30
0.0
 11
8407.10202
 21
-5494.885
 31
0.0
  0
LINE
  5
600
330
17
100
AcDbEntity
  8
stiffener
100
AcDbLine
 10
8407.10202
 20
-5494.885
 30
0.0
 11
8363.802020000001
 21
-5469.885
 31
0.0
  0
LINE
  5
601
330
17
100
AcDbEntity
  8
stiffener
100
AcDbLine
 10
8363.802020000001
 20
-5469.885
 30
0.0
 11
9120.686020000001
 21
-5032.885
 31
0.0
  0
LINE
  5
602
330
17
100
AcDbEntity
  8
stiffener
100
AcDbLine
 10
9120.686020000001
 20
-4932.885
 30
0.0
 11
9163.98602
 21
-4957.885
 31
0.0
  0
LINE
  5
603
330
17
100
AcDbEntity
  8
stiffener
100
AcDbLine
 10
9163.98602
 20
-4957.885
 30
0.0
 11
8407.10202
 21
-5394.885
 31
0.0
  0
LINE
  5
604
330
17
100
AcDbEntity
  8
stiffener
100
AcDbLine
 10
8407.10202
 20
-5394.885
 30
0.0
 11
8363.802020000001
 21
-5369.885
 31
0.0
  0
LINE
  5
605
330
17
100
AcDbEntity
  8
stiffener
100
AcDbLine
 10
8363.802020000001
 20
-5369.885
 30
0.0
 11
9120.686020000001
 21
-4932.885
 31
0.0
  0
LINE
  5
606
330
17
100
AcDbEntity
  8
stiffener
100
AcDbLine
 10
9120.686020000001
 20
-5032.885
 30
0.0
 11
9120.686020000001
 21
-4932.885
 31
0.0
  0
LINE
  5
607
330
17
100
AcDbEntity
  8
stiffener
100
AcDbLine
 10
9163.98602
 20
-5057.885
 30
0.0
 11
9163.98602
 21
-4957.885
 31
0.0
  0
LINE
  5
608
330
17
100
AcDbEntity
  8
stiffener
100
AcDbLine
 10
8407.10202
 20
-5494.885
 30
0.0
 11
8407.10202
 21
-5394.885
 31
0.0
  0
LINE
  5
609
330
17
100
AcDbEntity
  8
stiffener
100
AcDbLine
 10
8363.802020000001
 20
-5469.885
 30
0.0
 11
8363.802020000001
 21
-5369.885
 31
0.0
  0
LINE
  5
60A
330
17
100
AcDbEntity
  8
stiffener
100
AcDbLine
 10
8254.64272
 20
-5032.910000000001
 30
0.0
 11
8297.94272
 21
-5057.910000000001
 31
0.0
  0
LINE
  5
60B
330
17
100
AcDbEntity
  8
stiffener
100
AcDbLine
 10
8297.94272
 20
-5057.910000000001
 30
0.0
 11
7541.05872
 21
-5494.910000000001
 31
0.0
  0
LINE
  5
60C
330
17
100
AcDbEntity
  8
stiffener
100
AcDbLine
 10
7541.05872
 20
-5494.910000000001
 30
0.0
 11
7497.75872
 21
-5469.910000000001
 31
0.0
  0
LINE
  5
60D
330
17
100
AcDbEntity
  8
stiffener
100
AcDbLine
 10
7497.75872
 20
-5469.910000000001
 30
0.0
 11
8254.64272
 21
-5032.910000000001
 31
0.0
  0
LINE
  5
60E
330
17
100
AcDbEntity
  8
stiffener
100
AcDbLine
 10
8254.64272
 20
-4932.910000000001
 30
0.0
 11
8297.94272
 21
-4957.910000000001
 31
0.0
  0
LINE
  5
60F
330
17
100
AcDbEntity
  8
stiffener
100
AcDbLine
 10
8297.94272
 20
-4957.910000000001
 30
0.0
 11
7541.05872
 21
-5394.910000000001
 31
0.0
  0
LINE
  5
610
330
17
100
AcDbEntity
  8
stiffener
100
AcDbLine
 10
7541.05872
 20
-5394.910000000001
 30
0.0
 11
7497.75872
 21
-5369.910000000001
 31
0.0
  0
LINE
  5
611
330
17
100
AcDbEntity
  8
stiffener
100
AcDbLine
 10
7497.75872
 20
-5369.910000000001
 30
0.0
 11
8254.64272
 21
-4932.910000000001
 31
0.0
  0
LINE
  5
612
330
17
100
AcDbEntity
  8
stiffener
100
AcDbLine
 10
8254.64272
 20
-5032.910000000001
 30
0.0
 11
8254.64272
 21
-4932.910000000001
 31
0.0
  0
LINE
  5
613
330
17
100
AcDbEntity
  8
stiffener
100
AcDbLine
 10
8297.94272
 20
-5057.910000000001
 30
0.0
 11
8297.94272
 21
-4957.910000000001
 31
0.0
  0
LINE
  5
614
330
17
100
AcDbEntity
  8
stiffener
100
AcDbLine
 10
7541.05872
 20
-5494.910000000001
 30
0.0
 11
7541.05872
 21
-5394.910000000001
 31
0.0
  0
LINE
  5
615
330
17
100
AcDbEntity
  8
stiffener
100
AcDbLine
 10
7497.75872
 20
-5469.910000000001
 30
0.0
 11
7497.75872
 21
-5369.910000000001
 31
0.0
  0
LINE
  5
616
330
17
100
AcDbEntity
  8
stiffener
100
AcDbLine
 10
7388.5994200000005
 20
-5032.935
 30
0.0
 11
7431.899420000001
 21
-5057.935
 31
0.0
  0
LINE
  5
617
330
17
100
AcDbEntity
  8
stiffener
100
AcDbLine
 10
7431.899420000001
 20
-5057.935
 30
0.0
 11
6675.015420000001
 21
-5494.935
 31
0.0
  0
LINE
  5
618
330
17
100
AcDbEntity
  8
stiffener
100
AcDbLine
 10
6675.015420000001
 20
-5494.935
 30
0.0
 11
6631.71542
 21
-5469.935
 31
0.0
  0
LINE
  5
619
330
17
100
AcDbEntity
  8
stiffener
100
AcDbLine
 10
6631.71542
 20
-5469.935
 30
0.0
 11
7388.5994200000005
 21
-5032.935
 31
0.0
  0
LINE
  5
61A
330
17
100
AcDbEntity
  8
stiffener
100
AcDbLine
 10
7388.5994200000005
 20
-4932.935
 30
0.0
 11
7431.899420000001
 21
-4957.935
 31
0.0
  0
LINE
  5
61B
330
17
100
AcDbEntity
  8
stiffener
100
AcDbLine
 10
7431.899420000001
 20
-4957.935
 30
0.0
 11
6675.015420000001
 21
-5394.935
 31
0.0
  0
LINE
  5
61C
330
17
100
AcDbEntity
  8
stiffener
100
AcDbLine
 10
6675.015420000001
 20
-5394.935
 30
0.0
 11
6631.71542
 21
-5369.935
 31
0.0
  0
LINE
  5
61D
330
17
100
AcDbEntity
  8
stiffener
100
AcDbLine
 10
6631.71542
 20
-5369.935
 30
0.0
 11
7388.5994200000005
 21
-4932.935
 31
0.0
  0
LINE
  5
61E
330
17
100
AcDbEntity
  8
stiffener
100
AcDbLine
 10
7388.5994200000005
 20
-5032.935
 30
0.0
 11
7388.5994200000005
 21
-4932.935
 31
0.0
  0
LINE
  5
61F
330
17
100
AcDbEntity
  8
stiffener
100
AcDbLine
 10
7431.899420000001
 20
-5057.935
 30
0.0
 11
7431.899420000001
 21
-4957.935
 31
0.0
  0
LINE
  5
620
330
17
100
AcDbEntity
  8
stiffener
100
AcDbLine
 10
6675.015420000001
 20
-5494.935
 30
0.0
 11
6675.015420000001
 21
-5394.935
 31
0.0
  0
LINE
  5
621
330
17
100
AcDbEntity
  8
stiffener
100
AcDbLine
 10
6631.71542
 20
-5469.935
 30
0.0
 11
6631.71542
 21
-5369.935
 31
0.0
  0
LINE
  5
622
330
17
100
AcDbEntity
  8
stiffener
100
AcDbLine
 10
6522.55612
 20
-5032.960000000001
 30
0.0
 11
6565.85612
 21
-5057.960000000001
 31
0.0
  0
LINE
  5
623
330
17
100
AcDbEntity
  8
stiffener
100
AcDbLine
 10
6565.85612
 20
-5057.960000000001
 30
0.0
 11
5808.97212
 21
-5494.960000000001
 31
0.0
  0
LINE
  5
624
330
17
100
AcDbEntity
  8
stiffener
100
AcDbLine
 10
5808.97212
 20
-5494.960000000001
 30
0.0
 11
5765.67212
 21
-5469.960000000001
 31
0.0
  0
LINE
  5
625
330
17
100
AcDbEntity
  8
stiffener
100
AcDbLine
 10
5765.67212
 20
-5469.960000000001
 30
0.0
 11
6522.55612
 21
-5032.960000000001
 31
0.0
  0
LINE
  5
626
330
17
100
AcDbEntity
  8
stiffener
100
AcDbLine
 10
6522.55612
 20
-4932.960000000001
 30
0.0
 11
6565.85612
 21
-4957.960000000001
 31
0.0
  0
LINE
  5
627
330
17
100
AcDbEntity
  8
stiffener
100
AcDbLine
 10
6565.85612
 20
-4957.960000000001
 30
0.0
 11
5808.97212
 21
-5394.960000000001
 31
0.0
  0
LINE
  5
628
330
17
100
AcDbEntity
  8
stiffener
100
AcDbLine
 10
5808.97212
 20
-5394.960000000001
 30
0.0
 11
5765.67212
 21
-5369.960000000001
 31
0.0
  0
LINE
  5
629
330
17
100
AcDbEntity
  8
stiffener
100
AcDbLine
 10
5765.67212
 20
-5369.960000000001
 30
0.0
 11
6522.55612
 21
-4932.960000000001
 31
0.0
  0
LINE
  5
62A
330
17
100
AcDbEntity
  8
stiffener
100
AcDbLine
 10
6522.55612
 20
-5032.960000000001
 30
0.0
 11
6522.55612
 21
-4932.960000000001
 31
0.0
  0
LINE
  5
62B
330
17
100
AcDbEntity
  8
stiffener
100
AcDbLine
 10
6565.85612
 20
-5057.960000000001
 30
0.0
 11
6565.85612
 21
-4957.960000000001
 31
0.0
  0
LINE
  5
62C
330
17
100
AcDbEntity
  8
stiffener
100
AcDbLine
 10
5808.97212
 20
-5494.960000000001
 30
0.0
 11
5808.97212
 21
-5394.960000000001
 31
0.0
  0
LINE
  5
62D
330
17
100
AcDbEntity
  8
stiffener
100
AcDbLine
 10
5765.67212
 20
-5469.960000000001
 30
0.0
 11
5765.67212
 21
-5369.960000000001
 31
0.0
  0
LINE
  5
62E
330
17
100
AcDbEntity
  8
stiffener
100
AcDbLine
 10
5656.51282
 20
-5032.985000000001
 30
0.0
 11
5699.81282
 21
-5057.985000000001
 31
0.0
  0
LINE
  5
62F
330
17
100
AcDbEntity
  8
stiffener
100
AcDbLine
 10
5699.81282
 20
-5057.985000000001
 30
0.0
 11
4942.92882
 21
-5494.985000000001
 31
0.0
  0
LINE
  5
630
330
17
100
AcDbEntity
  8
stiffener
100
AcDbLine
 10
4942.92882
 20
-5494.985000000001
 30
0.0
 11
4899.62882
 21
-5469.985000000001
 31
0.0
  0
LINE
  5
631
330
17
100
AcDbEntity
  8
stiffener
100
AcDbLine
 10
4899.62882
 20
-5469.985000000001
 30
0.0
 11
5656.51282
 21
-5032.985000000001
 31
0.0
  0
LINE
  5
632
330
17
100
AcDbEntity
  8
stiffener
100
AcDbLine
 10
5656.51282
 20
-4932.985000000001
 30
0.0
 11
5699.81282
 21
-4957.985000000001
 31
0.0
  0
LINE
  5
633
330
17
100
AcDbEntity
  8
stiffener
100
AcDbLine
 10
5699.81282
 20
-4957.985000000001
 30
0.0
 11
4942.92882
 21
-5394.985000000001
 31
0.0
  0
LINE
  5
634
330
17
100
AcDbEntity
  8
stiffener
100
AcDbLine
 10
4942.92882
 20
-5394.985000000001
 30
0.0
 11
4899.62882
 21
-5369.985000000001
 31
0.0
  0
LINE
  5
635
330
17
100
AcDbEntity
  8
stiffener
100
AcDbLine
 10
4899.62882
 20
-5369.985000000001
 30
0.0
 11
5656.51282
 21
-4932.985000000001
 31
0.0
  0
LINE
  5
636
330
17
100
AcDbEntity
  8
stiffener
100
AcDbLine
 10
5656.51282
 20
-5032.985000000001
 30
0.0
 11
5656.51282
 21
-4932.985000000001
 31
0.0
  0
LINE
  5
637
330
17
100
AcDbEntity
  8
stiffener
100
AcDbLine
 10
5699.81282
 20
-5057.985000000001
 30
0.0
 11
5699.81282
 21
-4957.985000000001
 31
0.0
  0
LINE
  5
638
330
17
100
AcDbEntity
  8
stiffener
100
AcDbLine
 10
4942.92882
 20
-5494.985000000001
 30
0.0
 11
4942.92882
 21
-5394.985000000001
 31
0.0
  0
LINE
  5
639
330
17
100
AcDbEntity
  8
stiffener
100
AcDbLine
 10
4899.62882
 20
-5469.985000000001
 30
0.0
 11
4899.62882
 21
-5369.985000000001
 31
0.0
  0
LINE
  5
63A
330
17
100
AcDbEntity
  8
stiffener
100
AcDbLine
 10
10515.17118
 20
-5838.014999999999
 30
0.0
 11
10558.471179999999
 21
-5863.014999999999
 31
0.0
  0
LINE
  5
63B
330
17
100
AcDbEntity
  8
stiffener
100
AcDbLine
 10
10558.471179999999
 20
-5863.014999999999
 30
0.0
 11
9801.587179999999
 21
-6300.014999999999
 31
0.0
  0
LINE
  5
63C
330
17
100
AcDbEntity
  8
stiffener
100
AcDbLine
 10
9801.587179999999
 20
-6300.014999999999
 30
0.0
 11
9758.28718
 21
-6275.014999999999
 31
0.0
  0
LINE
  5
63D
330
17
100
AcDbEntity
  8
stiffener
100
AcDbLine
 10
9758.28718
 20
-6275.014999999999
 30
0.0
 11
10515.17118
 21
-5838.014999999999
 31
0.0
  0
LINE
  5
63E
330
17
100
AcDbEntity
  8
stiffener
100
AcDbLine
 10
10515.17118
 20
-5738.014999999999
 30
0.0
 11
10558.471179999999
 21
-5763.014999999999
 31
0.0
  0
LINE
  5
63F
330
17
100
AcDbEntity
  8
stiffener
100
AcDbLine
 10
10558.471179999999
 20
-5763.014999999999
 30
0.0
 11
9801.587179999999
 21
-6200.014999999999
 31
0.0
  0
LINE
  5
640
330
17
100
AcDbEntity
  8
stiffener
100
AcDbLine
 10
9801.587179999999
 20
-6200.014999999999
 30
0.0
 11
9758.28718
 21
-6175.014999999999
 31
0.0
  0
LINE
  5
641
330
17
100
AcDbEntity
  8
stiffener
100
AcDbLine
 10
9758.28718
 20
-6175.014999999999
 30
0.0
 11
10515.17118
 21
-5738.014999999999
 31
0.0
  0
LINE
  5
642
330
17
100
AcDbEntity
  8
stiffener
100
AcDbLine
 10
10515.17118
 20
-5838.014999999999
 30
0.0
 11
10515.17118
 21
-5738.014999999999
 31
0.0
  0
LINE
  5
643
330
17
100
AcDbEntity
  8
stiffener
100
AcDbLine
 10
10558.471179999999
 20
-5863.014999999999
 30
0.0
 11
10558.471179999999
 21
-5763.014999999999
 31
0.0
  0
LINE
  5
644
330
17
100
AcDbEntity
  8
stiffener
100
AcDbLine
 10
9801.587179999999
 20
-6300.014999999999
 30
0.0
 11
9801.587179999999
 21
-6200.014999999999
 31
0.0
  0
LINE
  5
645
330
17
100
AcDbEntity
  8
stiffener
100
AcDbLine
 10
9758.28718
 20
-6275.014999999999
 30
0.0
 11
9758.28718
 21
-6175.014999999999
 31
0.0
  0
LINE
  5
646
330
17
100
AcDbEntity
  8
stiffener
100
AcDbLine
 10
9649.127879999998
 20
-5838.04
 30
0.0
 11
9692.42788
 21
-5863.04
 31
0.0
  0
LINE
  5
647
330
17
100
AcDbEntity
  8
stiffener
100
AcDbLine
 10
9692.42788
 20
-5863.04
 30
0.0
 11
8935.54388
 21
-6300.04
 31
0.0
  0
LINE
  5
648
330
17
100
AcDbEntity
  8
stiffener
100
AcDbLine
 10
8935.54388
 20
-6300.04
 30
0.0
 11
8892.243879999998
 21
-6275.04
 31
0.0
  0
LINE
  5
649
330
17
100
AcDbEntity
  8
stiffener
100
AcDbLine
 10
8892.243879999998
 20
-6275.04
 30
0.0
 11
9649.127879999998
 21
-5838.04
 31
0.0
  0
LINE
  5
64A
330
17
100
AcDbEntity
  8
stiffener
100
AcDbLine
 10
9649.127879999998
 20
-5738.04
 30
0.0
 11
9692.42788
 21
-5763.04
 31
0.0
  0
LINE
  5
64B
330
17
100
AcDbEntity
  8
stiffener
100
AcDbLine
 10
9692.42788
 20
-5763.04
 30
0.0
 11
8935.54388
 21
-6200.04
 31
0.0
  0
LINE
  5
64C
330
17
100
AcDbEntity
  8
stiffener
100
AcDbLine
 10
8935.54388
 20
-6200.04
 30
0.0
 11
8892.243879999998
 21
-6175.04
 31
0.0
  0
LINE
  5
64D
330
17
100
AcDbEntity
  8
stiffener
100
AcDbLine
 10
8892.243879999998
 20
-6175.04
 30
0.0
 11
9649.127879999998
 21
-5738.04
 31
0.0
  0
LINE
  5
64E
330
17
100
AcDbEntity
  8
stiffener
100
AcDbLine
 10
9649.127879999998
 20
-5838.04
 30
0.0
 11
9649.127879999998
 21
-5738.04
 31
0.0
  0
LINE
  5
64F
330
17
100
AcDbEntity
  8
stiffener
100
AcDbLine
 10
9692.42788
 20
-5863.04
 30
0.0
 11
9692.42788
 21
-5763.04
 31
0.0
  0
LINE
  5
650
330
17
100
AcDbEntity
  8
stiffener
100
AcDbLine
 10
8935.54388
 20
-6300.04
 30
0.0
 11
8935.54388
 21
-6200.04
 31
0.0
  0
LINE
  5
651
330
17
100
AcDbEntity
  8
stiffener
100
AcDbLine
 10
8892.243879999998
 20
-6275.04
 30
0.0
 11
8892.243879999998
 21
-6175.04
 31
0.0
  0
LINE
  5
652
330
17
100
AcDbEntity
  8
stiffener
100
AcDbLine
 10
8783.084579999999
 20
-5838.065
 30
0.0
 11
8826.38458
 21
-5863.065
 31
0.0
  0
LINE
  5
653
330
17
100
AcDbEntity
  8
stiffener
100
AcDbLine
 10
8826.38458
 20
-5863.065
 30
0.0
 11
8069.500579999999
 21
-6300.065
 31
0.0
  0
LINE
  5
654
330
17
100
AcDbEntity
  8
stiffener
100
AcDbLine
 10
8069.500579999999
 20
-6300.065
 30
0.0
 11
8026.200579999999
 21
-6275.065
 31
0.0
  0
LINE
  5
655
330
17
100
AcDbEntity
  8
stiffener
100
AcDbLine
 10
8026.200579999999
 20
-6275.065
 30
0.0
 11
8783.084579999999
 21
-5838.065
 31
0.0
  0
LINE
  5
656
330
17
100
AcDbEntity
  8
stiffener
100
AcDbLine
 10
8783.084579999999
 20
-5738.065
 30
0.0
 11
8826.38458
 21
-5763.065
 31
0.0
  0
LINE
  5
657
330
17
100
AcDbEntity
  8
stiffener
100
AcDbLine
 10
8826.38458
 20
-5763.065
 30
0.0
 11
8069.500579999999
 21
-6200.065
 31
0.0
  0
LINE
  5
658
330
17
100
AcDbEntity
  8
stiffener
100
AcDbLine
 10
8069.500579999999
 20
-6200.065
 30
0.0
 11
8026.200579999999
 21
-6175.065
 31
0.0
  0
LINE
  5
659
330
17
100
AcDbEntity
  8
stiffener
100
AcDbLine
 10
8026.200579999999
 20
-6175.065
 30
0.0
 11
8783.084579999999
 21
-5738.065
 31
0.0
  0
LINE
  5
65A
330
17
100
AcDbEntity
  8
stiffener
100
AcDbLine
 10
8783.084579999999
 20
-5838.065
 30
0.0
 11
8783.084579999999
 21
-5738.065
 31
0.0
  0
LINE
  5
65B
330
17
100
AcDbEntity
  8
stiffener
100
AcDbLine
 10
8826.38458
 20
-5863.065
 30
0.0
 11
8826.38458
 21
-5763.065
 31
0.0
  0
LINE
  5
65C
330
17
100
AcDbEntity
  8
stiffener
100
AcDbLine
 10
8069.500579999999
 20
-6300.065
 30
0.0
 11
8069.500579999999
 21
-6200.065
 31
0.0
  0
LINE
  5
65D
330
17
100
AcDbEntity
  8
stiffener
100
AcDbLine
 10
8026.200579999999
 20
-6275.065
 30
0.0
 11
8026.200579999999
 21
-6175.065
 31
0.0
  0
LINE
  5
65E
330
17
100
AcDbEntity
  8
stiffener
100
AcDbLine
 10
7917.041279999999
 20
-5838.09
 30
0.0
 11
7960.341279999999
 21
-5863.09
 31
0.0
  0
LINE
  5
65F
330
17
100
AcDbEntity
  8
stiffener
100
AcDbLine
 10
7960.341279999999
 20
-5863.09
 30
0.0
 11
7203.457279999999
 21
-6300.09
 31
0.0
  0
LINE
  5
660
330
17
100
AcDbEntity
  8
stiffener
100
AcDbLine
 10
7203.457279999999
 20
-6300.09
 30
0.0
 11
7160.1572799999985
 21
-6275.09
 31
0.0
  0
LINE
  5
661
330
17
100
AcDbEntity
  8
stiffener
100
AcDbLine
 10
7160.1572799999985
 20
-6275.09
 30
0.0
 11
7917.041279999999
 21
-5838.09
 31
0.0
  0
LINE
  5
662
330
17
100
AcDbEntity
  8
stiffener
100
AcDbLine
 10
7917.041279999999
 20
-5738.09
 30
0.0
 11
7960.341279999999
 21
-5763.09
 31
0.0
  0
LINE
  5
663
330
17
100
AcDbEntity
  8
stiffener
100
AcDbLine
 10
7960.341279999999
 20
-5763.09
 30
0.0
 11
7203.457279999999
 21
-6200.09
 31
0.0
  0
LINE
  5
664
330
17
100
AcDbEntity
  8
stiffener
100
AcDbLine
 10
7203.457279999999
 20
-6200.09
 30
0.0
 11
7160.1572799999985
 21
-6175.09
 31
0.0
  0
LINE
  5
665
330
17
100
AcDbEntity
  8
stiffener
100
AcDbLine
 10
7160.1572799999985
 20
-6175.09
 30
0.0
 11
7917.041279999999
 21
-5738.09
 31
0.0
  0
LINE
  5
666
330
17
100
AcDbEntity
  8
stiffener
100
AcDbLine
 10
7917.041279999999
 20
-5838.09
 30
0.0
 11
7917.041279999999
 21
-5738.09
 31
0.0
  0
LINE
  5
667
330
17
100
AcDbEntity
  8
stiffener
100
AcDbLine
 10
7960.341279999999
 20
-5863.09
 30
0.0
 11
7960.341279999999
 21
-5763.09
 31
0.0
  0
LINE
  5
668
330
17
100
AcDbEntity
  8
stiffener
100
AcDbLine
 10
7203.457279999999
 20
-6300.09
 30
0.0
 11
7203.457279999999
 21
-6200.09
 31
0.0
  0
LINE
  5
669
330
17
100
AcDbEntity
  8
stiffener
100
AcDbLine
 10
7160.1572799999985
 20
-6275.09
 30
0.0
 11
7160.1572799999985
 21
-6175.09
 31
0.0
  0
LINE
  5
66A
330
17
100
AcDbEntity
  8
stiffener
100
AcDbLine
 10
7050.997979999999
 20
-5838.115
 30
0.0
 11
7094.297979999999
 21
-5863.115
 31
0.0
  0
LINE
  5
66B
330
17
100
AcDbEntity
  8
stiffener
100
AcDbLine
 10
7094.297979999999
 20
-5863.115
 30
0.0
 11
6337.413979999999
 21
-6300.115
 31
0.0
  0
LINE
  5
66C
330
17
100
AcDbEntity
  8
stiffener
100
AcDbLine
 10
6337.413979999999
 20
-6300.115
 30
0.0
 11
6294.113979999999
 21
-6275.115
 31
0.0
  0
LINE
  5
66D
330
17
100
AcDbEntity
  8
stiffener
100
AcDbLine
 10
6294.113979999999
 20
-6275.115
 30
0.0
 11
7050.997979999999
 21
-5838.115
 31
0.0
  0
LINE
  5
66E
330
17
100
AcDbEntity
  8
stiffener
100
AcDbLine
 10
7050.997979999999
 20
-5738.115
 30
0.0
 11
7094.297979999999
 21
-5763.115
 31
0.0
  0
LINE
  5
66F
330
17
100
AcDbEntity
  8
stiffener
100
AcDbLine
 10
7094.297979999999
 20
-5763.115
 30
0.0
 11
6337.413979999999
 21
-6200.115
 31
0.0
  0
LINE
  5
670
330
17
100
AcDbEntity
  8
stiffener
100
AcDbLine
 10
6337.413979999999
 20
-6200.115
 30
0.0
 11
6294.113979999999
 21
-6175.115
 31
0.0
  0
LINE
  5
671
330
17
100
AcDbEntity
  8
stiffener
100
AcDbLine
 10
6294.113979999999
 20
-6175.115
 30
0.0
 11
7050.997979999999
 21
-5738.115
 31
0.0
  0
LINE
  5
672
330
17
100
AcDbEntity
  8
stiffener
100
AcDbLine
 10
7050.997979999999
 20
-5838.115
 30
0.0
 11
7050.997979999999
 21
-5738.115
 31
0.0
  0
LINE
  5
673
330
17
100
AcDbEntity
  8
stiffener
100
AcDbLine
 10
7094.297979999999
 20
-5863.115
 30
0.0
 11
7094.297979999999
 21
-5763.115
 31
0.0
  0
LINE
  5
674
330
17
100
AcDbEntity
  8
stiffener
100
AcDbLine
 10
6337.413979999999
 20
-6300.115
 30
0.0
 11
6337.413979999999
 21
-6200.115
 31
0.0
  0
LINE
  5
675
330
17
100
AcDbEntity
  8
stiffener
100
AcDbLine
 10
6294.113979999999
 20
-6275.115
 30
0.0
 11
6294.113979999999
 21
-6175.115
 31
0.0
  0
LINE
  5
676
330
17
100
AcDbEntity
  8
stiffener
100
AcDbLine
 10
11069.22066
 20
-6157.905
 30
0.0
 11
11112.52066
 21
-6182.905
 31
0.0
  0
LINE
  5
677
330
17
100
AcDbEntity
  8
stiffener
100
AcDbLine
 10
11112.52066
 20
-6182.905
 30
0.0
 11
10355.63666
 21
-6619.905
 31
0.0
  0
LINE
  5
678
330
17
100
AcDbEntity
  8
stiffener
100
AcDbLine
 10
10355.63666
 20
-6619.905
 30
0.0
 11
10312.33666
 21
-6594.905
 31
0.0
  0
LINE
  5
679
330
17
100
AcDbEntity
  8
stiffener
100
AcDbLine
 10
10312.33666
 20
-6594.905
 30
0.0
 11
11069.22066
 21
-6157.905
 31
0.0
  0
LINE
  5
67A
330
17
100
AcDbEntity
  8
stiffener
100
AcDbLine
 10
11069.22066
 20
-6057.905
 30
0.0
 11
11112.52066
 21
-6082.905
 31
0.0
  0
LINE
  5
67B
330
17
100
AcDbEntity
  8
stiffener
100
AcDbLine
 10
11112.52066
 20
-6082.905
 30
0.0
 11
10355.63666
 21
-6519.905
 31
0.0
  0
LINE
  5
67C
330
17
100
AcDbEntity
  8
stiffener
100
AcDbLine
 10
10355.63666
 20
-6519.905
 30
0.0
 11
10312.33666
 21
-6494.905
 31
0.0
  0
LINE
  5
67D
330
17
100
AcDbEntity
  8
stiffener
100
AcDbLine
 10
10312.33666
 20
-6494.905
 30
0.0
 11
11069.22066
 21
-6057.905
 31
0.0
  0
LINE
  5
67E
330
17
100
AcDbEntity
  8
stiffener
100
AcDbLine
 10
11069.22066
 20
-6157.905
 30
0.0
 11
11069.22066
 21
-6057.905
 31
0.0
  0
LINE
  5
67F
330
17
100
AcDbEntity
  8
stiffener
100
AcDbLine
 10
11112.52066
 20
-6182.905
 30
0.0
 11
11112.52066
 21
-6082.905
 31
0.0
  0
LINE
  5
680
330
17
100
AcDbEntity
  8
stiffener
100
AcDbLine
 10
10355.63666
 20
-6619.905
 30
0.0
 11
10355.63666
 21
-6519.905
 31
0.0
  0
LINE
  5
681
330
17
100
AcDbEntity
  8
stiffener
100
AcDbLine
 10
10312.33666
 20
-6594.905
 30
0.0
 11
10312.33666
 21
-6494.905
 31
0.0
  0
LINE
  5
682
330
17
100
AcDbEntity
  8
stiffener
100
AcDbLine
 10
10203.17736
 20
-6157.93
 30
0.0
 11
10246.477359999999
 21
-6182.93
 31
0.0
  0
LINE
  5
683
330
17
100
AcDbEntity
  8
stiffener
100
AcDbLine
 10
10246.477359999999
 20
-6182.93
 30
0.0
 11
9489.593359999999
 21
-6619.93
 31
0.0
  0
LINE
  5
684
330
17
100
AcDbEntity
  8
stiffener
100
AcDbLine
 10
9489.593359999999
 20
-6619.93
 30
0.0
 11
9446.29336
 21
-6594.93
 31
0.0
  0
LINE
  5
685
330
17
100
AcDbEntity
  8
stiffener
100
AcDbLine
 10
9446.29336
 20
-6594.93
 30
0.0
 11
10203.17736
 21
-6157.93
 31
0.0
  0
LINE
  5
686
330
17
100
AcDbEntity
  8
stiffener
100
AcDbLine
 10
10203.17736
 20
-6057.93
 30
0.0
 11
10246.477359999999
 21
-6082.93
 31
0.0
  0
LINE
  5
687
330
17
100
AcDbEntity
  8
stiffener
100
AcDbLine
 10
10246.477359999999
 20
-6082.93
 30
0.0
 11
9489.593359999999
 21
-6519.93
 31
0.0
  0
LINE
  5
688
330
17
100
AcDbEntity
  8
stiffener
100
AcDbLine
 10
9489.593359999999
 20
-6519.93
 30
0.0
 11
9446.29336
 21
-6494.93
 31
0.0
  0
LINE
  5
689
330
17
100
AcDbEntity
  8
stiffener
100
AcDbLine
 10
9446.29336
 20
-6494.93
 30
0.0
 11
10203.17736
 21
-6057.93
 31
0.0
  0
LINE
  5
68A
330
17
100
AcDbEntity
  8
stiffener
100
AcDbLine
 10
10203.17736
 20
-6157.93
 30
0.0
 11
10203.17736
 21
-6057.93
 31
0.0
  0
LINE
  5
68B
330
17
100
AcDbEntity
  8
stiffener
100
AcDbLine
 10
10246.477359999999
 20
-6182.93
 30
0.0
 11
10246.477359999999
 21
-6082.93
 31
0.0
  0
LINE
  5
68C
330
17
100
AcDbEntity
  8
stiffener
100
AcDbLine
 10
9489.593359999999
 20
-6619.93
 30
0.0
 11
9489.593359999999
 21
-6519.93
 31
0.0
  0
LINE
  5
68D
330
17
100
AcDbEntity
  8
stiffener
100
AcDbLine
 10
9446.29336
 20
-6594.93
 30
0.0
 11
9446.29336
 21
-6494.93
 31
0.0
  0
LINE
  5
68E
330
17
100
AcDbEntity
  8
stiffener
100
AcDbLine
 10
9337.13406
 20
-6157.955
 30
0.0
 11
9380.43406
 21
-6182.955
 31
0.0
  0
LINE
  5
68F
330
17
100
AcDbEntity
  8
stiffener
100
AcDbLine
 10
9380.43406
 20
-6182.955
 30
0.0
 11
8623.55006
 21
-6619.955
 31
0.0
  0
LINE
  5
690
330
17
100
AcDbEntity
  8
stiffener
100
AcDbLine
 10
8623.55006
 20
-6619.955
 30
0.0
 11
8580.25006
 21
-6594.955
 31
0.0
  0
LINE
  5
691
330
17
100
AcDbEntity
  8
stiffener
100
AcDbLine
 10
8580.25006
 20
-6594.955
 30
0.0
 11
9337.13406
 21
-6157.955
 31
0.0
  0
LINE
  5
692
330
17
100
AcDbEntity
  8
stiffener
100
AcDbLine
 10
9337.13406
 20
-6057.955
 30
0.0
 11
9380.43406
 21
-6082.955
 31
0.0
  0
LINE
  5
693
330
17
100
AcDbEntity
  8
stiffener
100
AcDbLine
 10
9380.43406
 20
-6082.955
 30
0.0
 11
8623.55006
 21
-6519.955
 31
0.0
  0
LINE
  5
694
330
17
100
AcDbEntity
  8
stiffener
100
AcDbLine
 10
8623.55006
 20
-6519.955
 30
0.0
 11
8580.25006
 21
-6494.955
 31
0.0
  0
LINE
  5
695
330
17
100
AcDbEntity
  8
stiffener
100
AcDbLine
 10
8580.25006
 20
-6494.955
 30
0.0
 11
9337.13406
 21
-6057.955
 31
0.0
  0
LINE
  5
696
330
17
100
AcDbEntity
  8
stiffener
100
AcDbLine
 10
9337.13406
 20
-6157.955
 30
0.0
 11
9337.13406
 21
-6057.955
 31
0.0
  0
LINE
  5
697
330
17
100
AcDbEntity
  8
stiffener
100
AcDbLine
 10
9380.43406
 20
-6182.955
 30
0.0
 11
9380.43406
 21
-6082.955
 31
0.0
  0
LINE
  5
698
330
17
100
AcDbEntity
  8
stiffener
100
AcDbLine
 10
8623.55006
 20
-6619.955
 30
0.0
 11
8623.55006
 21
-6519.955
 31
0.0
  0
LINE
  5
699
330
17
100
AcDbEntity
  8
stiffener
100
AcDbLine
 10
8580.25006
 20
-6594.955
 30
0.0
 11
8580.25006
 21
-6494.955
 31
0.0
  0
LINE
  5
69A
330
17
100
AcDbEntity
  8
stiffener
100
AcDbLine
 10
8471.090760000001
 20
-6157.98
 30
0.0
 11
8514.39076
 21
-6182.98
 31
0.0
  0
LINE
  5
69B
330
17
100
AcDbEntity
  8
stiffener
100
AcDbLine
 10
8514.39076
 20
-6182.98
 30
0.0
 11
7757.50676
 21
-6619.98
 31
0.0
  0
LINE
  5
69C
330
17
100
AcDbEntity
  8
stiffener
100
AcDbLine
 10
7757.50676
 20
-6619.98
 30
0.0
 11
7714.20676
 21
-6594.98
 31
0.0
  0
LINE
  5
69D
330
17
100
AcDbEntity
  8
stiffener
100
AcDbLine
 10
7714.20676
 20
-6594.98
 30
0.0
 11
8471.090760000001
 21
-6157.98
 31
0.0
  0
LINE
  5
69E
330
17
100
AcDbEntity
  8
stiffener
100
AcDbLine
 10
8471.090760000001
 20
-6057.98
 30
0.0
 11
8514.39076
 21
-6082.98
 31
0.0
  0
LINE
  5
69F
330
17
100
AcDbEntity
  8
stiffener
100
AcDbLine
 10
8514.39076
 20
-6082.98
 30
0.0
 11
7757.50676
 21
-6519.98
 31
0.0
  0
LINE
  5
6A0
330
17
100
AcDbEntity
  8
stiffener
100
AcDbLine
 10
7757.50676
 20
-6519.98
 30
0.0
 11
7714.20676
 21
-6494.98
 31
0.0
  0
LINE
  5
6A1
330
17
100
AcDbEntity
  8
stiffener
100
AcDbLine
 10
7714.20676
 20
-6494.98
 30
0.0
 11
8471.090760000001
 21
-6057.98
 31
0.0
  0
LINE
  5
6A2
330
17
100
AcDbEntity
  8
stiffener
100
AcDbLine
 10
8471.090760000001
 20
-6157.98
 30
0.0
 11
8471.090760000001
 21
-6057.98
 31
0.0
  0
LINE
  5
6A3
330
17
100
AcDbEntity
  8
stiffener
100
AcDbLine
 10
8514.39076
 20
-6182.98
 30
0.0
 11
8514.39076
 21
-6082.98
 31
0.0
  0
LINE
  5
6A4
330
17
100
AcDbEntity
  8
stiffener
100
AcDbLine
 10
7757.50676
 20
-6619.98
 30
0.0
 11
7757.50676
 21
-6519.98
 31
0.0
  0
LINE
  5
6A5
330
17
100
AcDbEntity
  8
stiffener
100
AcDbLine
 10
7714.20676
 20
-6594.98
 30
0.0
 11
7714.20676
 21
-6494.98
 31
0.0
  0
LINE
  5
6A6
330
17
100
AcDbEntity
  8
stiffener
100
AcDbLine
 10
7605.04746
 20
-6158.004999999999
 30
0.0
 11
7648.347459999999
 21
-6183.004999999999
 31
0.0
  0
LINE
  5
6A7
330
17
100
AcDbEntity
  8
stiffener
100
AcDbLine
 10
7648.347459999999
 20
-6183.004999999999
 30
0.0
 11
6891.46346
 21
-6620.005000000001
 31
0.0
  0
LINE
  5
6A8
330
17
100
AcDbEntity
  8
stiffener
100
AcDbLine
 10
6891.46346
 20
-6620.005000000001
 30
0.0
 11
6848.16346
 21
-6595.005000000001
 31
0.0
  0
LINE
  5
6A9
330
17
100
AcDbEntity
  8
stiffener
100
AcDbLine
 10
6848.16346
 20
-6595.005000000001
 30
0.0
 11
7605.04746
 21
-6158.004999999999
 31
0.0
  0
LINE
  5
6AA
330
17
100
AcDbEntity
  8
stiffener
100
AcDbLine
 10
7605.04746
 20
-6058.004999999999
 30
0.0
 11
7648.347459999999
 21
-6083.004999999999
 31
0.0
  0
LINE
  5
6AB
330
17
100
AcDbEntity
  8
stiffener
100
AcDbLine
 10
7648.347459999999
 20
-6083.004999999999
 30
0.0
 11
6891.46346
 21
-6520.005000000001
 31
0.0
  0
LINE
  5
6AC
330
17
100
AcDbEntity
  8
stiffener
100
AcDbLine
 10
6891.46346
 20
-6520.005000000001
 30
0.0
 11
6848.16346
 21
-6495.005000000001
 31
0.0
  0
LINE
  5
6AD
330
17
100
AcDbEntity
  8
stiffener
100
AcDbLine
 10
6848.16346
 20
-6495.005000000001
 30
0.0
 11
7605.04746
 21
-6058.004999999999
 31
0.0
  0
LINE
  5
6AE
330
17
100
AcDbEntity
  8
stiffener
100
AcDbLine
 10
7605.04746
 20
-6158.004999999999
 30
0.0
 11
7605.04746
 21
-6058.004999999999
 31
0.0
  0
LINE
  5
6AF
330
17
100
AcDbEntity
  8
stiffener
100
AcDbLine
 10
7648.347459999999
 20
-6183.004999999999
 30
0.0
 11
7648.347459999999
 21
-6083.004999999999
 31
0.0
  0
LINE
  5
6B0
330
17
100
AcDbEntity
  8
stiffener
100
AcDbLine
 10
6891.46346
 20
-6620.005000000001
 30
0.0
 11
6891.46346
 21
-6520.005000000001
 31
0.0
  0
LINE
  5
6B1
330
17
100
AcDbEntity
  8
stiffener
100
AcDbLine
 10
6848.16346
 20
-6595.005000000001
 30
0.0
 11
6848.16346
 21
-6495.005000000001
 31
0.0
  0
LINE
  5
6B2
330
17
100
AcDbEntity
  8
stiffener
100
AcDbLine
 10
12186.54252
 20
-6803.01
 30
0.0
 11
12229.84252
 21
-6828.01
 31
0.0
  0
LINE
  5
6B3
330
17
100
AcDbEntity
  8
stiffener
100
AcDbLine
 10
12229.84252
 20
-6828.01
 30
0.0
 11
11472.95852
 21
-7265.01
 31
0.0
  0
LINE
  5
6B4
330
17
100
AcDbEntity
  8
stiffener
100
AcDbLine
 10
11472.95852
 20
-7265.01
 30
0.0
 11
11429.65852
 21
-7240.01
 31
0.0
  0
LINE
  5
6B5
330
17
100
AcDbEntity
  8
stiffener
100
AcDbLine
 10
11429.65852
 20
-7240.01
 30
0.0
 11
12186.54252
 21
-6803.01
 31
0.0
  0
LINE
  5
6B6
330
17
100
AcDbEntity
  8
stiffener
100
AcDbLine
 10
12186.54252
 20
-6703.01
 30
0.0
 11
12229.84252
 21
-6728.01
 31
0.0
  0
LINE
  5
6B7
330
17
100
AcDbEntity
  8
stiffener
100
AcDbLine
 10
12229.84252
 20
-6728.01
 30
0.0
 11
11472.95852
 21
-7165.01
 31
0.0
  0
LINE
  5
6B8
330
17
100
AcDbEntity
  8
stiffener
100
AcDbLine
 10
11472.95852
 20
-7165.01
 30
0.0
 11
11429.65852
 21
-7140.01
 31
0.0
  0
LINE
  5
6B9
330
17
100
AcDbEntity
  8
stiffener
100
AcDbLine
 10
11429.65852
 20
-7140.01
 30
0.0
 11
12186.54252
 21
-6703.01
 31
0.0
  0
LINE
  5
6BA
330
17
100
AcDbEntity
  8
stiffener
100
AcDbLine
 10
12186.54252
 20
-6803.01
 30
0.0
 11
12186.54252
 21
-6703.01
 31
0.0
  0
LINE
  5
6BB
330
17
100
AcDbEntity
  8
stiffener
100
AcDbLine
 10
12229.84252
 20
-6828.01
 30
0.0
 11
12229.84252
 21
-6728.01
 31
0.0
  0
LINE
  5
6BC
330
17
100
AcDbEntity
  8
stiffener
100
AcDbLine
 10
11472.95852
 20
-7265.01
 30
0.0
 11
11472.95852
 21
-7165.01
 31
0.0
  0
LINE
  5
6BD
330
17
100
AcDbEntity
  8
stiffener
100
AcDbLine
 10
11429.65852
 20
-7240.01
 30
0.0
 11
11429.65852
 21
-7140.01
 31
0.0
  0
LINE
  5
6BE
330
17
100
AcDbEntity
  8
stiffener
100
AcDbLine
 10
11320.49922
 20
-6803.035000000001
 30
0.0
 11
11363.79922
 21
-6828.035000000001
 31
0.0
  0
LINE
  5
6BF
330
17
100
AcDbEntity
  8
stiffener
100
AcDbLine
 10
11363.79922
 20
-6828.035000000001
 30
0.0
 11
10606.91522
 21
-7265.035000000001
 31
0.0
  0
LINE
  5
6C0
330
17
100
AcDbEntity
  8
stiffener
100
AcDbLine
 10
10606.91522
 20
-7265.035000000001
 30
0.0
 11
10563.61522
 21
-7240.035000000001
 31
0.0
  0
LINE
  5
6C1
330
17
100
AcDbEntity
  8
stiffener
100
AcDbLine
 10
10563.61522
 20
-7240.035000000001
 30
0.0
 11
11320.49922
 21
-6803.035000000001
 31
0.0
  0
LINE
  5
6C2
330
17
100
AcDbEntity
  8
stiffener
100
AcDbLine
 10
11320.49922
 20
-6703.035000000001
 30
0.0
 11
11363.79922
 21
-6728.035000000001
 31
0.0
  0
LINE
  5
6C3
330
17
100
AcDbEntity
  8
stiffener
100
AcDbLine
 10
11363.79922
 20
-6728.035000000001
 30
0.0
 11
10606.91522
 21
-7165.035000000001
 31
0.0
  0
LINE
  5
6C4
330
17
100
AcDbEntity
  8
stiffener
100
AcDbLine
 10
10606.91522
 20
-7165.035000000001
 30
0.0
 11
10563.61522
 21
-7140.035000000001
 31
0.0
  0
LINE
  5
6C5
330
17
100
AcDbEntity
  8
stiffener
100
AcDbLine
 10
10563.61522
 20
-7140.035000000001
 30
0.0
 11
11320.49922
 21
-6703.035000000001
 31
0.0
  0
LINE
  5
6C6
330
17
100
AcDbEntity
  8
stiffener
100
AcDbLine
 10
11320.49922
 20
-6803.035000000001
 30
0.0
 11
11320.49922
 21
-6703.035000000001
 31
0.0
  0
LINE
  5
6C7
330
17
100
AcDbEntity
  8
stiffener
100
AcDbLine
 10
11363.79922
 20
-6828.035000000001
 30
0.0
 11
11363.79922
 21
-6728.035000000001
 31
0.0
  0
LINE
  5
6C8
330
17
100
AcDbEntity
  8
stiffener
100
AcDbLine
 10
10606.91522
 20
-7265.035000000001
 30
0.0
 11
10606.91522
 21
-7165.035000000001
 31
0.0
  0
LINE
  5
6C9
330
17
100
AcDbEntity
  8
stiffener
100
AcDbLine
 10
10563.61522
 20
-7240.035000000001
 30
0.0
 11
10563.61522
 21
-7140.035000000001
 31
0.0
  0
LINE
  5
6CA
330
17
100
AcDbEntity
  8
stiffener
100
AcDbLine
 10
10454.45592
 20
-6803.06
 30
0.0
 11
10497.755920000001
 21
-6828.06
 31
0.0
  0
LINE
  5
6CB
330
17
100
AcDbEntity
  8
stiffener
100
AcDbLine
 10
10497.755920000001
 20
-6828.06
 30
0.0
 11
9740.871920000001
 21
-7265.060000000001
 31
0.0
  0
LINE
  5
6CC
330
17
100
AcDbEntity
  8
stiffener
100
AcDbLine
 10
9740.871920000001
 20
-7265.060000000001
 30
0.0
 11
9697.57192
 21
-7240.060000000001
 31
0.0
  0
LINE
  5
6CD
330
17
100
AcDbEntity
  8
stiffener
100
AcDbLine
 10
9697.57192
 20
-7240.060000000001
 30
0.0
 11
10454.45592
 21
-6803.06
 31
0.0
  0
LINE
  5
6CE
330
17
100
AcDbEntity
  8
stiffener
100
AcDbLine
 10
10454.45592
 20
-6703.06
 30
0.0
 11
10497.755920000001
 21
-6728.06
 31
0.0
  0
LINE
  5
6CF
330
17
100
AcDbEntity
  8
stiffener
100
AcDbLine
 10
10497.755920000001
 20
-6728.06
 30
0.0
 11
9740.871920000001
 21
-7165.060000000001
 31
0.0
  0
LINE
  5
6D0
330
17
100
AcDbEntity
  8
stiffener
100
AcDbLine
 10
9740.871920000001
 20
-7165.060000000001
 30
0.0
 11
9697.57192
 21
-7140.060000000001
 31
0.0
  0
LINE
  5
6D1
330
17
100
AcDbEntity
  8
stiffener
100
AcDbLine
 10
9697.57192
 20
-7140.060000000001
 30
0.0
 11
10454.45592
 21
-6703.06
 31
0.0
  0
LINE
  5
6D2
330
17
100
AcDbEntity
  8
stiffener
100
AcDbLine
 10
10454.45592
 20
-6803.06
 30
0.0
 11
10454.45592
 21
-6703.06
 31
0.0
  0
LINE
  5
6D3
330
17
100
AcDbEntity
  8
stiffener
100
AcDbLine
 10
10497.755920000001
 20
-6828.06
 30
0.0
 11
10497.755920000001
 21
-6728.06
 31
0.0
  0
LINE
  5
6D4
330
17
100
AcDbEntity
  8
stiffener
100
AcDbLine
 10
9740.871920000001
 20
-7265.060000000001
 30
0.0
 11
9740.871920000001
 21
-7165.060000000001
 31
0.0
  0
LINE
  5
6D5
330
17
100
AcDbEntity
  8
stiffener
100
AcDbLine
 10
9697.57192
 20
-7240.060000000001
 30
0.0
 11
9697.57192
 21
-7140.060000000001
 31
0.0
  0
LINE
  5
6D6
330
17
100
AcDbEntity
  8
stiffener
100
AcDbLine
 10
9588.41262
 20
-6803.085000000001
 30
0.0
 11
9631.71262
 21
-6828.085000000001
 31
0.0
  0
LINE
  5
6D7
330
17
100
AcDbEntity
  8
stiffener
100
AcDbLine
 10
9631.71262
 20
-6828.085000000001
 30
0.0
 11
8874.82862
 21
-7265.085000000001
 31
0.0
  0
LINE
  5
6D8
330
17
100
AcDbEntity
  8
stiffener
100
AcDbLine
 10
8874.82862
 20
-7265.085000000001
 30
0.0
 11
8831.52862
 21
-7240.085000000001
 31
0.0
  0
LINE
  5
6D9
330
17
100
AcDbEntity
  8
stiffener
100
AcDbLine
 10
8831.52862
 20
-7240.085000000001
 30
0.0
 11
9588.41262
 21
-6803.085000000001
 31
0.0
  0
LINE
  5
6DA
330
17
100
AcDbEntity
  8
stiffener
100
AcDbLine
 10
9588.41262
 20
-6703.085000000001
 30
0.0
 11
9631.71262
 21
-6728.085000000001
 31
0.0
  0
LINE
  5
6DB
330
17
100
AcDbEntity
  8
stiffener
100
AcDbLine
 10
9631.71262
 20
-6728.085000000001
 30
0.0
 11
8874.82862
 21
-7165.085000000001
 31
0.0
  0
LINE
  5
6DC
330
17
100
AcDbEntity
  8
stiffener
100
AcDbLine
 10
8874.82862
 20
-7165.085000000001
 30
0.0
 11
8831.52862
 21
-7140.085000000001
 31
0.0
  0
LINE
  5
6DD
330
17
100
AcDbEntity
  8
stiffener
100
AcDbLine
 10
8831.52862
 20
-7140.085000000001
 30
0.0
 11
9588.41262
 21
-6703.085000000001
 31
0.0
  0
LINE
  5
6DE
330
17
100
AcDbEntity
  8
stiffener
100
AcDbLine
 10
9588.41262
 20
-6803.085000000001
 30
0.0
 11
9588.41262
 21
-6703.085000000001
 31
0.0
  0
LINE
  5
6DF
330
17
100
AcDbEntity
  8
stiffener
100
AcDbLine
 10
9631.71262
 20
-6828.085000000001
 30
0.0
 11
9631.71262
 21
-6728.085000000001
 31
0.0
  0
LINE
  5
6E0
330
17
100
AcDbEntity
  8
stiffener
100
AcDbLine
 10
8874.82862
 20
-7265.085000000001
 30
0.0
 11
8874.82862
 21
-7165.085000000001
 31
0.0
  0
LINE
  5
6E1
330
17
100
AcDbEntity
  8
stiffener
100
AcDbLine
 10
8831.52862
 20
-7240.085000000001
 30
0.0
 11
8831.52862
 21
-7140.085000000001
 31
0.0
  0
LINE
  5
6E2
330
17
100
AcDbEntity
  8
stiffener
100
AcDbLine
 10
8722.36932
 20
-6803.110000000001
 30
0.0
 11
8765.66932
 21
-6828.110000000001
 31
0.0
  0
LINE
  5
6E3
330
17
100
AcDbEntity
  8
stiffener
100
AcDbLine
 10
8765.66932
 20
-6828.110000000001
 30
0.0
 11
8008.78532
 21
-7265.110000000001
 31
0.0
  0
LINE
  5
6E4
330
17
100
AcDbEntity
  8
stiffener
100
AcDbLine
 10
8008.78532
 20
-7265.110000000001
 30
0.0
 11
7965.485320000001
 21
-7240.110000000001
 31
0.0
  0
LINE
  5
6E5
330
17
100
AcDbEntity
  8
stiffener
100
AcDbLine
 10
7965.485320000001
 20
-7240.110000000001
 30
0.0
 11
8722.36932
 21
-6803.110000000001
 31
0.0
  0
LINE
  5
6E6
330
17
100
AcDbEntity
  8
stiffener
100
AcDbLine
 10
8722.36932
 20
-6703.110000000001
 30
0.0
 11
8765.66932
 21
-6728.110000000001
 31
0.0
  0
LINE
  5
6E7
330
17
100
AcDbEntity
  8
stiffener
100
AcDbLine
 10
8765.66932
 20
-6728.110000000001
 30
0.0
 11
8008.78532
 21
-7165.110000000001
 31
0.0
  0
LINE
  5
6E8
330
17
100
AcDbEntity
  8
stiffener
100
AcDbLine
 10
8008.78532
 20
-7165.110000000001
 30
0.0
 11
7965.485320000001
 21
-7140.110000000001
 31
0.0
  0
LINE
  5
6E9
330
17
100
AcDbEntity
  8
stiffener
100
AcDbLine
 10
7965.485320000001
 20
-7140.110000000001
 30
0.0
 11
8722.36932
 21
-6703.110000000001
 31
0.0
  0
LINE
  5
6EA
330
17
100
AcDbEntity
  8
stiffener
100
AcDbLine
 10
8722.36932
 20
-6803.110000000001
 30
0.0
 11
8722.36932
 21
-6703.110000000001
 31
0.0
  0
LINE
  5
6EB
330
17
100
AcDbEntity
  8
stiffener
100
AcDbLine
 10
8765.66932
 20
-6828.110000000001
 30
0.0
 11
8765.66932
 21
-6728.110000000001
 31
0.0
  0
LINE
  5
6EC
330
17
100
AcDbEntity
  8
stiffener
100
AcDbLine
 10
8008.78532
 20
-7265.110000000001
 30
0.0
 11
8008.78532
 21
-7165.110000000001
 31
0.0
  0
LINE
  5
6ED
330
17
100
AcDbEntity
  8
stiffener
100
AcDbLine
 10
7965.485320000001
 20
-7240.110000000001
 30
0.0
 11
7965.485320000001
 21
-7140.110000000001
 31
0.0
  0
LINE
  5
6EE
330
17
100
AcDbEntity
  8
stiffener
100
AcDbLine
 10
13719.3452
 20
-7688.0
 30
0.0
 11
13762.6452
 21
-7713.0
 31
0.0
  0
LINE
  5
6EF
330
17
100
AcDbEntity
  8
stiffener
100
AcDbLine
 10
13762.6452
 20
-7713.0
 30
0.0
 11
13005.7612
 21
-8150.0
 31
0.0
  0
LINE
  5
6F0
330
17
100
AcDbEntity
  8
stiffener
100
AcDbLine
 10
13005.7612
 20
-8150.0
 30
0.0
 11
12962.4612
 21
-8125.0
 31
0.0
  0
LINE
  5
6F1
330
17
100
AcDbEntity
  8
stiffener
100
AcDbLine
 10
12962.4612
 20
-8125.0
 30
0.0
 11
13719.3452
 21
-7688.0
 31
0.0
  0
LINE
  5
6F2
330
17
100
AcDbEntity
  8
stiffener
100
AcDbLine
 10
13719.3452
 20
-7588.0
 30
0.0
 11
13762.6452
 21
-7613.0
 31
0.0
  0
LINE
  5
6F3
330
17
100
AcDbEntity
  8
stiffener
100
AcDbLine
 10
13762.6452
 20
-7613.0
 30
0.0
 11
13005.7612
 21
-8050.0
 31
0.0
  0
LINE
  5
6F4
330
17
100
AcDbEntity
  8
stiffener
100
AcDbLine
 10
13005.7612
 20
-8050.0
 30
0.0
 11
12962.4612
 21
-8025.0
 31
0.0
  0
LINE
  5
6F5
330
17
100
AcDbEntity
  8
stiffener
100
AcDbLine
 10
12962.4612
 20
-8025.0
 30
0.0
 11
13719.3452
 21
-7588.0
 31
0.0
  0
LINE
  5
6F6
330
17
100
AcDbEntity
  8
stiffener
100
AcDbLine
 10
13719.3452
 20
-7688.0
 30
0.0
 11
13719.3452
 21
-7588.0
 31
0.0
  0
LINE
  5
6F7
330
17
100
AcDbEntity
  8
stiffener
100
AcDbLine
 10
13762.6452
 20
-7713.0
 30
0.0
 11
13762.6452
 21
-7613.0
 31
0.0
  0
LINE
  5
6F8
330
17
100
AcDbEntity
  8
stiffener
100
AcDbLine
 10
13005.7612
 20
-8150.0
 30
0.0
 11
13005.7612
 21
-8050.0
 31
0.0
  0
LINE
  5
6F9
330
17
100
AcDbEntity
  8
stiffener
100
AcDbLine
 10
12962.4612
 20
-8125.0
 30
0.0
 11
12962.4612
 21
-8025.0
 31
0.0
  0
LINE
  5
6FA
330
17
100
AcDbEntity
  8
stiffener
100
AcDbLine
 10
12853.3019
 20
-7688.025
 30
0.0
 11
12896.6019
 21
-7713.025
 31
0.0
  0
LINE
  5
6FB
330
17
100
AcDbEntity
  8
stiffener
100
AcDbLine
 10
12896.6019
 20
-7713.025
 30
0.0
 11
12139.7179
 21
-8150.025
 31
0.0
  0
LINE
  5
6FC
330
17
100
AcDbEntity
  8
stiffener
100
AcDbLine
 10
12139.7179
 20
-8150.025
 30
0.0
 11
12096.4179
 21
-8125.025
 31
0.0
  0
LINE
  5
6FD
330
17
100
AcDbEntity
  8
stiffener
100
AcDbLine
 10
12096.4179
 20
-8125.025
 30
0.0
 11
12853.3019
 21
-7688.025
 31
0.0
  0
LINE
  5
6FE
330
17
100
AcDbEntity
  8
stiffener
100
AcDbLine
 10
12853.3019
 20
-7588.025
 30
0.0
 11
12896.6019
 21
-7613.025
 31
0.0
  0
LINE
  5
6FF
330
17
100
AcDbEntity
  8
stiffener
100
AcDbLine
 10
12896.6019
 20
-7613.025
 30
0.0
 11
12139.7179
 21
-8050.025
 31
0.0
  0
LINE
  5
700
330
17
100
AcDbEntity
  8
stiffener
100
AcDbLine
 10
12139.7179
 20
-8050.025
 30
0.0
 11
12096.4179
 21
-8025.025
 31
0.0
  0
LINE
  5
701
330
17
100
AcDbEntity
  8
stiffener
100
AcDbLine
 10
12096.4179
 20
-8025.025
 30
0.0
 11
12853.3019
 21
-7588.025
 31
0.0
  0
LINE
  5
702
330
17
100
AcDbEntity
  8
stiffener
100
AcDbLine
 10
12853.3019
 20
-7688.025
 30
0.0
 11
12853.3019
 21
-7588.025
 31
0.0
  0
LINE
  5
703
330
17
100
AcDbEntity
  8
stiffener
100
AcDbLine
 10
12896.6019
 20
-7713.025
 30
0.0
 11
12896.6019
 21
-7613.025
 31
0.0
  0
LINE
  5
704
330
17
100
AcDbEntity
  8
stiffener
100
AcDbLine
 10
12139.7179
 20
-8150.025
 30
0.0
 11
12139.7179
 21
-8050.025
 31
0.0
  0
LINE
  5
705
330
17
100
AcDbEntity
  8
stiffener
100
AcDbLine
 10
12096.4179
 20
-8125.025
 30
0.0
 11
12096.4179
 21
-8025.025
 31
0.0
  0
LINE
  5
706
330
17
100
AcDbEntity
  8
stiffener
100
AcDbLine
 10
11987.258600000001
 20
-7688.049999999999
 30
0.0
 11
12030.5586
 21
-7713.049999999999
 31
0.0
  0
LINE
  5
707
330
17
100
AcDbEntity
  8
stiffener
100
AcDbLine
 10
12030.5586
 20
-7713.049999999999
 30
0.0
 11
11273.6746
 21
-8150.049999999999
 31
0.0
  0
LINE
  5
708
330
17
100
AcDbEntity
  8
stiffener
100
AcDbLine
 10
11273.6746
 20
-8150.049999999999
 30
0.0
 11
11230.374600000001
 21
-8125.049999999999
 31
0.0
  0
LINE
  5
709
330
17
100
AcDbEntity
  8
stiffener
100
AcDbLine
 10
11230.374600000001
 20
-8125.049999999999
 30
0.0
 11
11987.258600000001
 21
-7688.049999999999
 31
0.0
  0
LINE
  5
70A
330
17
100
AcDbEntity
  8
stiffener
100
AcDbLine
 10
11987.258600000001
 20
-7588.049999999999
 30
0.0
 11
12030.5586
 21
-7613.049999999999
 31
0.0
  0
LINE
  5
70B
330
17
100
AcDbEntity
  8
stiffener
100
AcDbLine
 10
12030.5586
 20
-7613.049999999999
 30
0.0
 11
11273.6746
 21
-8050.049999999999
 31
0.0
  0
LINE
  5
70C
330
17
100
AcDbEntity
  8
stiffener
100
AcDbLine
 10
11273.6746
 20
-8050.049999999999
 30
0.0
 11
11230.374600000001
 21
-8025.049999999999
 31
0.0
  0
LINE
  5
70D
330
17
100
AcDbEntity
  8
stiffener
100
AcDbLine
 10
11230.374600000001
 20
-8025.049999999999
 30
0.0
 11
11987.258600000001
 21
-7588.049999999999
 31
0.0
  0
LINE
  5
70E
330
17
100
AcDbEntity
  8
stiffener
100
AcDbLine
 10
11987.258600000001
 20
-7688.049999999999
 30
0.0
 11
11987.258600000001
 21
-7588.049999999999
 31
0.0
  0
LINE
  5
70F
330
17
100
AcDbEntity
  8
stiffener
100
AcDbLine
 10
12030.5586
 20
-7713.049999999999
 30
0.0
 11
12030.5586
 21
-7613.049999999999
 31
0.0
  0
LINE
  5
710
330
17
100
AcDbEntity
  8
stiffener
100
AcDbLine
 10
11273.6746
 20
-8150.049999999999
 30
0.0
 11
11273.6746
 21
-8050.049999999999
 31
0.0
  0
LINE
  5
711
330
17
100
AcDbEntity
  8
stiffener
100
AcDbLine
 10
11230.374600000001
 20
-8125.049999999999
 30
0.0
 11
11230.374600000001
 21
-8025.049999999999
 31
0.0
  0
LINE
  5
712
330
17
100
AcDbEntity
  8
stiffener
100
AcDbLine
 10
11121.2153
 20
-7688.075000000001
 30
0.0
 11
11164.5153
 21
-7713.075000000001
 31
0.0
  0
LINE
  5
713
330
17
100
AcDbEntity
  8
stiffener
100
AcDbLine
 10
11164.5153
 20
-7713.075000000001
 30
0.0
 11
10407.6313
 21
-8150.075000000001
 31
0.0
  0
LINE
  5
714
330
17
100
AcDbEntity
  8
stiffener
100
AcDbLine
 10
10407.6313
 20
-8150.075000000001
 30
0.0
 11
10364.3313
 21
-8125.075000000001
 31
0.0
  0
LINE
  5
715
330
17
100
AcDbEntity
  8
stiffener
100
AcDbLine
 10
10364.3313
 20
-8125.075000000001
 30
0.0
 11
11121.2153
 21
-7688.075000000001
 31
0.0
  0
LINE
  5
716
330
17
100
AcDbEntity
  8
stiffener
100
AcDbLine
 10
11121.2153
 20
-7588.075000000001
 30
0.0
 11
11164.5153
 21
-7613.075000000001
 31
0.0
  0
LINE
  5
717
330
17
100
AcDbEntity
  8
stiffener
100
AcDbLine
 10
11164.5153
 20
-7613.075000000001
 30
0.0
 11
10407.6313
 21
-8050.075000000001
 31
0.0
  0
LINE
  5
718
330
17
100
AcDbEntity
  8
stiffener
100
AcDbLine
 10
10407.6313
 20
-8050.075000000001
 30
0.0
 11
10364.3313
 21
-8025.075000000001
 31
0.0
  0
LINE
  5
719
330
17
100
AcDbEntity
  8
stiffener
100
AcDbLine
 10
10364.3313
 20
-8025.075000000001
 30
0.0
 11
11121.2153
 21
-7588.075000000001
 31
0.0
  0
LINE
  5
71A
330
17
100
AcDbEntity
  8
stiffener
100
AcDbLine
 10
11121.2153
 20
-7688.075000000001
 30
0.0
 11
11121.2153
 21
-7588.075000000001
 31
0.0
  0
LINE
  5
71B
330
17
100
AcDbEntity
  8
stiffener
100
AcDbLine
 10
11164.5153
 20
-7713.075000000001
 30
0.0
 11
11164.5153
 21
-7613.075000000001
 31
0.0
  0
LINE
  5
71C
330
17
100
AcDbEntity
  8
stiffener
100
AcDbLine
 10
10407.6313
 20
-8150.075000000001
 30
0.0
 11
10407.6313
 21
-8050.075000000001
 31
0.0
  0
LINE
  5
71D
330
17
100
AcDbEntity
  8
stiffener
100
AcDbLine
 10
10364.3313
 20
-8125.075000000001
 30
0.0
 11
10364.3313
 21
-8025.075000000001
 31
0.0
  0
LINE
  5
71E
330
17
100
AcDbEntity
  8
stiffener
100
AcDbLine
 10
10255.172
 20
-7688.1
 30
0.0
 11
10298.472
 21
-7713.1
 31
0.0
  0
LINE
  5
71F
330
17
100
AcDbEntity
  8
stiffener
100
AcDbLine
 10
10298.472
 20
-7713.1
 30
0.0
 11
9541.588
 21
-8150.1
 31
0.0
  0
LINE
  5
720
330
17
100
AcDbEntity
  8
stiffener
100
AcDbLine
 10
9541.588
 20
-8150.1
 30
0.0
 11
9498.288
 21
-8125.1
 31
0.0
  0
LINE
  5
721
330
17
100
AcDbEntity
  8
stiffener
100
AcDbLine
 10
9498.288
 20
-8125.1
 30
0.0
 11
10255.172
 21
-7688.1
 31
0.0
  0
LINE
  5
722
330
17
100
AcDbEntity
  8
stiffener
100
AcDbLine
 10
10255.172
 20
-7588.1
 30
0.0
 11
10298.472
 21
-7613.1
 31
0.0
  0
LINE
  5
723
330
17
100
AcDbEntity
  8
stiffener
100
AcDbLine
 10
10298.472
 20
-7613.1
 30
0.0
 11
9541.588
 21
-8050.1
 31
0.0
  0
LINE
  5
724
330
17
100
AcDbEntity
  8
stiffener
100
AcDbLine
 10
9541.588
 20
-8050.1
 30
0.0
 11
9498.288
 21
-8025.1
 31
0.0
  0
LINE
  5
725
330
17
100
AcDbEntity
  8
stiffener
100
AcDbLine
 10
9498.288
 20
-8025.1
 30
0.0
 11
10255.172
 21
-7588.1
 31
0.0
  0
LINE
  5
726
330
17
100
AcDbEntity
  8
stiffener
100
AcDbLine
 10
10255.172
 20
-7688.1
 30
0.0
 11
10255.172
 21
-7588.1
 31
0.0
  0
LINE
  5
727
330
17
100
AcDbEntity
  8
stiffener
100
AcDbLine
 10
10298.472
 20
-7713.1
 30
0.0
 11
10298.472
 21
-7613.1
 31
0.0
  0
LINE
  5
728
330
17
100
AcDbEntity
  8
stiffener
100
AcDbLine
 10
9541.588
 20
-8150.1
 30
0.0
 11
9541.588
 21
-8050.1
 31
0.0
  0
LINE
  5
729
330
17
100
AcDbEntity
  8
stiffener
100
AcDbLine
 10
9498.288
 20
-8125.1
 30
0.0
 11
9498.288
 21
-8025.1
 31
0.0
  0
LINE
  5
72A
330
17
100
AcDbEntity
  8
stiffener
100
AcDbLine
 10
15252.13922
 20
-8572.985
 30
0.0
 11
15295.439219999998
 21
-8597.985
 31
0.0
  0
LINE
  5
72B
330
17
100
AcDbEntity
  8
stiffener
100
AcDbLine
 10
15295.439219999998
 20
-8597.985
 30
0.0
 11
14538.555219999998
 21
-9034.985
 31
0.0
  0
LINE
  5
72C
330
17
100
AcDbEntity
  8
stiffener
100
AcDbLine
 10
14538.555219999998
 20
-9034.985
 30
0.0
 11
14495.25522
 21
-9009.985
 31
0.0
  0
LINE
  5
72D
330
17
100
AcDbEntity
  8
stiffener
100
AcDbLine
 10
14495.25522
 20
-9009.985
 30
0.0
 11
15252.13922
 21
-8572.985
 31
0.0
  0
LINE
  5
72E
330
17
100
AcDbEntity
  8
stiffener
100
AcDbLine
 10
15252.13922
 20
-8472.985
 30
0.0
 11
15295.439219999998
 21
-8497.985
 31
0.0
  0
LINE
  5
72F
330
17
100
AcDbEntity
  8
stiffener
100
AcDbLine
 10
15295.439219999998
 20
-8497.985
 30
0.0
 11
14538.555219999998
 21
-8934.985
 31
0.0
  0
LINE
  5
730
330
17
100
AcDbEntity
  8
stiffener
100
AcDbLine
 10
14538.555219999998
 20
-8934.985
 30
0.0
 11
14495.25522
 21
-8909.985
 31
0.0
  0
LINE
  5
731
330
17
100
AcDbEntity
  8
stiffener
100
AcDbLine
 10
14495.25522
 20
-8909.985
 30
0.0
 11
15252.13922
 21
-8472.985
 31
0.0
  0
LINE
  5
732
330
17
100
AcDbEntity
  8
stiffener
100
AcDbLine
 10
15252.13922
 20
-8572.985
 30
0.0
 11
15252.13922
 21
-8472.985
 31
0.0
  0
LINE
  5
733
330
17
100
AcDbEntity
  8
stiffener
100
AcDbLine
 10
15295.439219999998
 20
-8597.985
 30
0.0
 11
15295.439219999998
 21
-8497.985
 31
0.0
  0
LINE
  5
734
330
17
100
AcDbEntity
  8
stiffener
100
AcDbLine
 10
14538.555219999998
 20
-9034.985
 30
0.0
 11
14538.555219999998
 21
-8934.985
 31
0.0
  0
LINE
  5
735
330
17
100
AcDbEntity
  8
stiffener
100
AcDbLine
 10
14495.25522
 20
-9009.985
 30
0.0
 11
14495.25522
 21
-8909.985
 31
0.0
  0
LINE
  5
736
330
17
100
AcDbEntity
  8
stiffener
100
AcDbLine
 10
14386.09592
 20
-8573.01
 30
0.0
 11
14429.395919999999
 21
-8598.01
 31
0.0
  0
LINE
  5
737
330
17
100
AcDbEntity
  8
stiffener
100
AcDbLine
 10
14429.395919999999
 20
-8598.01
 30
0.0
 11
13672.511919999999
 21
-9035.01
 31
0.0
  0
LINE
  5
738
330
17
100
AcDbEntity
  8
stiffener
100
AcDbLine
 10
13672.511919999999
 20
-9035.01
 30
0.0
 11
13629.21192
 21
-9010.01
 31
0.0
  0
LINE
  5
739
330
17
100
AcDbEntity
  8
stiffener
100
AcDbLine
 10
13629.21192
 20
-9010.01
 30
0.0
 11
14386.09592
 21
-8573.01
 31
0.0
  0
LINE
  5
73A
330
17
100
AcDbEntity
  8
stiffener
100
AcDbLine
 10
14386.09592
 20
-8473.01
 30
0.0
 11
14429.395919999999
 21
-8498.01
 31
0.0
  0
LINE
  5
73B
330
17
100
AcDbEntity
  8
stiffener
100
AcDbLine
 10
14429.395919999999
 20
-8498.01
 30
0.0
 11
13672.511919999999
 21
-8935.01
 31
0.0
  0
LINE
  5
73C
330
17
100
AcDbEntity
  8
stiffener
100
AcDbLine
 10
13672.511919999999
 20
-8935.01
 30
0.0
 11
13629.21192
 21
-8910.01
 31
0.0
  0
LINE
  5
73D
330
17
100
AcDbEntity
  8
stiffener
100
AcDbLine
 10
13629.21192
 20
-8910.01
 30
0.0
 11
14386.09592
 21
-8473.01
 31
0.0
  0
LINE
  5
73E
330
17
100
AcDbEntity
  8
stiffener
100
AcDbLine
 10
14386.09592
 20
-8573.01
 30
0.0
 11
14386.09592
 21
-8473.01
 31
0.0
  0
LINE
  5
73F
330
17
100
AcDbEntity
  8
stiffener
100
AcDbLine
 10
14429.395919999999
 20
-8598.01
 30
0.0
 11
14429.395919999999
 21
-8498.01
 31
0.0
  0
LINE
  5
740
330
17
100
AcDbEntity
  8
stiffener
100
AcDbLine
 10
13672.511919999999
 20
-9035.01
 30
0.0
 11
13672.511919999999
 21
-8935.01
 31
0.0
  0
LINE
  5
741
330
17
100
AcDbEntity
  8
stiffener
100
AcDbLine
 10
13629.21192
 20
-9010.01
 30
0.0
 11
13629.21192
 21
-8910.01
 31
0.0
  0
LINE
  5
742
330
17
100
AcDbEntity
  8
stiffener
100
AcDbLine
 10
13243.62542
 20
-8406.585000000001
 30
0.0
 11
13548.54402
 21
-8582.635
 31
0.0
  0
LINE
  5
743
330
17
100
AcDbEntity
  8
stiffener
100
AcDbLine
 10
13548.54402
 20
-8582.635
 30
0.0
 11
12779.79582
 21
-9026.484999999999
 31
0.0
  0
LINE
  5
744
330
17
100
AcDbEntity
  8
stiffener
100
AcDbLine
 10
12779.79582
 20
-9026.484999999999
 30
0.0
 11
12474.87722
 21
-8850.435
 31
0.0
  0
LINE
  5
745
330
17
100
AcDbEntity
  8
stiffener
100
AcDbLine
 10
12474.87722
 20
-8850.435
 30
0.0
 11
13243.62542
 21
-8406.585000000001
 31
0.0
  0
LINE
  5
746
330
17
100
AcDbEntity
  8
stiffener
100
AcDbLine
 10
13243.62542
 20
-8306.585000000001
 30
0.0
 11
13548.54402
 21
-8482.635
 31
0.0
  0
LINE
  5
747
330
17
100
AcDbEntity
  8
stiffener
100
AcDbLine
 10
13548.54402
 20
-8482.635
 30
0.0
 11
12779.79582
 21
-8926.484999999999
 31
0.0
  0
LINE
  5
748
330
17
100
AcDbEntity
  8
stiffener
100
AcDbLine
 10
12779.79582
 20
-8926.484999999999
 30
0.0
 11
12474.87722
 21
-8750.435
 31
0.0
  0
LINE
  5
749
330
17
100
AcDbEntity
  8
stiffener
100
AcDbLine
 10
12474.87722
 20
-8750.435
 30
0.0
 11
13243.62542
 21
-8306.585000000001
 31
0.0
  0
LINE
  5
74A
330
17
100
AcDbEntity
  8
stiffener
100
AcDbLine
 10
13243.62542
 20
-8406.585000000001
 30
0.0
 11
13243.62542
 21
-8306.585000000001
 31
0.0
  0
LINE
  5
74B
330
17
100
AcDbEntity
  8
stiffener
100
AcDbLine
 10
13548.54402
 20
-8582.635
 30
0.0
 11
13548.54402
 21
-8482.635
 31
0.0
  0
LINE
  5
74C
330
17
100
AcDbEntity
  8
stiffener
100
AcDbLine
 10
12779.79582
 20
-9026.484999999999
 30
0.0
 11
12779.79582
 21
-8926.484999999999
 31
0.0
  0
LINE
  5
74D
330
17
100
AcDbEntity
  8
stiffener
100
AcDbLine
 10
12474.87722
 20
-8850.435
 30
0.0
 11
12474.87722
 21
-8750.435
 31
0.0
  0
LINE
  5
74E
330
17
100
AcDbEntity
  8
stiffener
100
AcDbLine
 10
12377.58212
 20
-8406.61
 30
0.0
 11
12682.500719999998
 21
-8582.66
 31
0.0
  0
LINE
  5
74F
330
17
100
AcDbEntity
  8
stiffener
100
AcDbLine
 10
12682.500719999998
 20
-8582.66
 30
0.0
 11
11913.75252
 21
-9026.51
 31
0.0
  0
LINE
  5
750
330
17
100
AcDbEntity
  8
stiffener
100
AcDbLine
 10
11913.75252
 20
-9026.51
 30
0.0
 11
11608.833920000001
 21
-8850.460000000001
 31
0.0
  0
LINE
  5
751
330
17
100
AcDbEntity
  8
stiffener
100
AcDbLine
 10
11608.833920000001
 20
-8850.460000000001
 30
0.0
 11
12377.58212
 21
-8406.61
 31
0.0
  0
LINE
  5
752
330
17
100
AcDbEntity
  8
stiffener
100
AcDbLine
 10
12377.58212
 20
-8306.61
 30
0.0
 11
12682.500719999998
 21
-8482.66
 31
0.0
  0
LINE
  5
753
330
17
100
AcDbEntity
  8
stiffener
100
AcDbLine
 10
12682.500719999998
 20
-8482.66
 30
0.0
 11
11913.75252
 21
-8926.51
 31
0.0
  0
LINE
  5
754
330
17
100
AcDbEntity
  8
stiffener
100
AcDbLine
 10
11913.75252
 20
-8926.51
 30
0.0
 11
11608.833920000001
 21
-8750.460000000001
 31
0.0
  0
LINE
  5
755
330
17
100
AcDbEntity
  8
stiffener
100
AcDbLine
 10
11608.833920000001
 20
-8750.460000000001
 30
0.0
 11
12377.58212
 21
-8306.61
 31
0.0
  0
LINE
  5
756
330
17
100
AcDbEntity
  8
stiffener
100
AcDbLine
 10
12377.58212
 20
-8406.61
 30
0.0
 11
12377.58212
 21
-8306.61
 31
0.0
  0
LINE
  5
757
330
17
100
AcDbEntity
  8
stiffener
100
AcDbLine
 10
12682.500719999998
 20
-8582.66
 30
0.0
 11
12682.500719999998
 21
-8482.66
 31
0.0
  0
LINE
  5
758
330
17
100
AcDbEntity
  8
stiffener
100
AcDbLine
 10
11913.75252
 20
-9026.51
 30
0.0
 11
11913.75252
 21
-8926.51
 31
0.0
  0
LINE
  5
759
330
17
100
AcDbEntity
  8
stiffener
100
AcDbLine
 10
11608.833920000001
 20
-8850.460000000001
 30
0.0
 11
11608.833920000001
 21
-8750.460000000001
 31
0.0
  0
LINE
  5
75A
330
17
100
AcDbEntity
  8
stiffener
100
AcDbLine
 10
11787.96602
 20
-8573.085
 30
0.0
 11
11831.26602
 21
-8598.085
 31
0.0
  0
LINE
  5
75B
330
17
100
AcDbEntity
  8
stiffener
100
AcDbLine
 10
11831.26602
 20
-8598.085
 30
0.0
 11
11074.38202
 21
-9035.085
 31
0.0
  0
LINE
  5
75C
330
17
100
AcDbEntity
  8
stiffener
100
AcDbLine
 10
11074.38202
 20
-9035.085
 30
0.0
 11
11031.08202
 21
-9010.085
 31
0.0
  0
LINE
  5
75D
330
17
100
AcDbEntity
  8
stiffener
100
AcDbLine
 10
11031.08202
 20
-9010.085
 30
0.0
 11
11787.96602
 21
-8573.085
 31
0.0
  0
LINE
  5
75E
330
17
100
AcDbEntity
  8
stiffener
100
AcDbLine
 10
11787.96602
 20
-8473.085
 30
0.0
 11
11831.26602
 21
-8498.085
 31
0.0
  0
LINE
  5
75F
330
17
100
AcDbEntity
  8
stiffener
100
AcDbLine
 10
11831.26602
 20
-8498.085
 30
0.0
 11
11074.38202
 21
-8935.085
 31
0.0
  0
LINE
  5
760
330
17
100
AcDbEntity
  8
stiffener
100
AcDbLine
 10
11074.38202
 20
-8935.085
 30
0.0
 11
11031.08202
 21
-8910.085
 31
0.0
  0
LINE
  5
761
330
17
100
AcDbEntity
  8
stiffener
100
AcDbLine
 10
11031.08202
 20
-8910.085
 30
0.0
 11
11787.96602
 21
-8473.085
 31
0.0
  0
LINE
  5
762
330
17
100
AcDbEntity
  8
stiffener
100
AcDbLine
 10
11787.96602
 20
-8573.085
 30
0.0
 11
11787.96602
 21
-8473.085
 31
0.0
  0
LINE
  5
763
330
17
100
AcDbEntity
  8
stiffener
100
AcDbLine
 10
11831.26602
 20
-8598.085
 30
0.0
 11
11831.26602
 21
-8498.085
 31
0.0
  0
LINE
  5
764
330
17
100
AcDbEntity
  8
stiffener
100
AcDbLine
 10
11074.38202
 20
-9035.085
 30
0.0
 11
11074.38202
 21
-8935.085
 31
0.0
  0
LINE
  5
765
330
17
100
AcDbEntity
  8
stiffener
100
AcDbLine
 10
11031.08202
 20
-9010.085
 30
0.0
 11
11031.08202
 21
-8910.085
 31
0.0
  0
LINE
  5
766
330
17
100
AcDbEntity
  8
bracing
100
AcDbLine
 10
1834.1446999999998
 20
-5862.905
 30
0.0
 11
3240.9530399999994
 21
-4655.97
 31
0.0
  0
LINE
  5
767
330
17
100
AcDbEntity
  8
bracing
100
AcDbLine
 10
3240.9530399999994
 20
-4655.97
 30
0.0
 11
3309.9299399999995
 21
-4752.834999999999
 31
0.0
  0
LINE
  5
768
330
17
100
AcDbEntity
  8
bracing
100
AcDbLine
 10
3309.9299399999995
 20
-4752.834999999999
 30
0.0
 11
1903.1216000000004
 21
-5960.71
 31
0.0
  0
LINE
  5
769
330
17
100
AcDbEntity
  8
bracing
100
AcDbLine
 10
1903.1216000000004
 20
-5960.71
 30
0.0
 11
1834.1446999999998
 21
-5862.905
 31
0.0
  0
LINE
  5
76A
330
17
100
AcDbEntity
  8
bracing
100
AcDbLine
 10
1877.4446999999998
 20
-5837.905
 30
0.0
 11
3284.2530399999996
 21
-4630.97
 31
0.0
  0
LINE
  5
76B
330
17
100
AcDbEntity
  8
bracing
100
AcDbLine
 10
3284.2530399999996
 20
-4630.97
 30
0.0
 11
3353.2299399999993
 21
-4727.834999999999
 31
0.0
  0
LINE
  5
76C
330
17
100
AcDbEntity
  8
bracing
100
AcDbLine
 10
3353.2299399999993
 20
-4727.834999999999
 30
0.0
 11
1946.4216000000004
 21
-5935.71
 31
0.0
  0
LINE
  5
76D
330
17
100
AcDbEntity
  8
bracing
100
AcDbLine
 10
1946.4216000000004
 20
-5935.71
 30
0.0
 11
1877.4446999999998
 21
-5837.905
 31
0.0
  0
LINE
  5
76E
330
17
100
AcDbEntity
  8
bracing
100
AcDbLine
 10
1834.1446999999998
 20
-5862.905
 30
0.0
 11
1877.4446999999998
 21
-5837.905
 31
0.0
  0
LINE
  5
76F
330
17
100
AcDbEntity
  8
bracing
100
AcDbLine
 10
3240.9530399999994
 20
-4655.97
 30
0.0
 11
3284.2530399999996
 21
-4630.97
 31
0.0
  0
LINE
  5
770
330
17
100
AcDbEntity
  8
bracing
100
AcDbLine
 10
3309.9299399999995
 20
-4752.834999999999
 30
0.0
 11
3353.2299399999993
 21
-4727.834999999999
 31
0.0
  0
LINE
  5
771
330
17
100
AcDbEntity
  8
bracing
100
AcDbLine
 10
1903.1216000000004
 20
-5960.71
 30
0.0
 11
1946.4216000000004
 21
-5935.71
 31
0.0
  0
LINE
  5
772
330
17
100
AcDbEntity
  8
bracing
100
AcDbLine
 10
1825.3461399999999
 20
-3906.0549999999994
 30
0.0
 11
3232.16314
 21
-6738.454999999999
 31
0.0
  0
LINE
  5
773
330
17
100
AcDbEntity
  8
bracing
100
AcDbLine
 10
3232.16314
 20
-6738.454999999999
 30
0.0
 11
3301.1400399999998
 21
-6720.27
 31
0.0
  0
LINE
  5
774
330
17
100
AcDbEntity
  8
bracing
100
AcDbLine
 10
3301.1400399999998
 20
-6720.27
 30
0.0
 11
1894.3316999999997
 21
-3888.8549999999996
 31
0.0
  0
LINE
  5
775
330
17
100
AcDbEntity
  8
bracing
100
AcDbLine
 10
1894.3316999999997
 20
-3888.8549999999996
 30
0.0
 11
1825.3461399999999
 21
-3906.0549999999994
 31
0.0
  0
LINE
  5
776
330
17
100
AcDbEntity
  8
bracing
100
AcDbLine
 10
1782.04614
 20
-3931.0549999999994
 30
0.0
 11
3188.86314
 21
-6763.454999999999
 31
0.0
  0
LINE
  5
777
330
17
100
AcDbEntity
  8
bracing
100
AcDbLine
 10
3188.86314
 20
-6763.454999999999
 30
0.0
 11
3257.8400399999996
 21
-6745.27
 31
0.0
  0
LINE
  5
778
330
17
100
AcDbEntity
  8
bracing
100
AcDbLine
 10
3257.8400399999996
 20
-6745.27
 30
0.0
 11
1851.0316999999998
 21
-3913.8549999999996
 31
0.0
  0
LINE
  5
779
330
17
100
AcDbEntity
  8
bracing
100
AcDbLine
 10
1851.0316999999998
 20
-3913.8549999999996
 30
0.0
 11
1782.04614
 21
-3931.0549999999994
 31
0.0
  0
LINE
  5
77A
330
17
100
AcDbEntity
  8
bracing
100
AcDbLine
 10
1825.3461399999999
 20
-3906.0549999999994
 30
0.0
 11
1782.04614
 21
-3931.0549999999994
 31
0.0
  0
LINE
  5
77B
330
17
100
AcDbEntity
  8
bracing
100
AcDbLine
 10
3232.16314
 20
-6738.454999999999
 30
0.0
 11
3188.86314
 21
-6763.454999999999
 31
0.0
  0
LINE
  5
77C
330
17
100
AcDbEntity
  8
bracing
100
AcDbLine
 10
3301.1400399999998
 20
-6720.27
 30
0.0
 11
3257.8400399999996
 21
-6745.27
 31
0.0
  0
LINE
  5
77D
330
17
100
AcDbEntity
  8
bracing
100
AcDbLine
 10
1894.3316999999997
 20
-3888.8549999999996
 30
0.0
 11
1851.0316999999998
 21
-3913.8549999999996
 31
0.0
  0
LINE
  5
77E
330
17
100
AcDbEntity
  8
bracing
100
AcDbLine
 10
6432.27562
 20
-8518.465
 30
0.0
 11
7839.083960000001
 21
-7311.53
 31
0.0
  0
LINE
  5
77F
330
17
100
AcDbEntity
  8
bracing
100
AcDbLine
 10
7839.083960000001
 20
-7311.53
 30
0.0
 11
7908.06086
 21
-7408.395
 31
0.0
  0
LINE
  5
780
330
17
100
AcDbEntity
  8
bracing
100
AcDbLine
 10
7908.06086
 20
-7408.395
 30
0.0
 11
6501.25252
 21
-8616.32
 31
0.0
  0
LINE
  5
781
330
17
100
AcDbEntity
  8
bracing
100
AcDbLine
 10
6501.25252
 20
-8616.32
 30
0.0
 11
6432.27562
 21
-8518.465
 31
0.0
  0
LINE
  5
782
330
17
100
AcDbEntity
  8
bracing
100
AcDbLine
 10
6475.5756200000005
 20
-8493.465
 30
0.0
 11
7882.383960000001
 21
-7286.53
 31
0.0
  0
LINE
  5
783
330
17
100
AcDbEntity
  8
bracing
100
AcDbLine
 10
7882.383960000001
 20
-7286.53
 30
0.0
 11
7951.360859999999
 21
-7383.395
 31
0.0
  0
LINE
  5
784
330
17
100
AcDbEntity
  8
bracing
100
AcDbLine
 10
7951.360859999999
 20
-7383.395
 30
0.0
 11
6544.55252
 21
-8591.32
 31
0.0
  0
LINE
  5
785
330
17
100
AcDbEntity
  8
bracing
100
AcDbLine
 10
6544.55252
 20
-8591.32
 30
0.0
 11
6475.5756200000005
 21
-8493.465
 31
0.0
  0
LINE
  5
786
330
17
100
AcDbEntity
  8
bracing
100
AcDbLine
 10
6432.27562
 20
-8518.465
 30
0.0
 11
6475.5756200000005
 21
-8493.465
 31
0.0
  0
LINE
  5
787
330
17
100
AcDbEntity
  8
bracing
100
AcDbLine
 10
7839.083960000001
 20
-7311.53
 30
0.0
 11
7882.383960000001
 21
-7286.53
 31
0.0
  0
LINE
  5
788
330
17
100
AcDbEntity
  8
bracing
100
AcDbLine
 10
7908.06086
 20
-7408.395
 30
0.0
 11
7951.360859999999
 21
-7383.395
 31
0.0
  0
LINE
  5
789
330
17
100
AcDbEntity
  8
bracing
100
AcDbLine
 10
6501.25252
 20
-8616.32
 30
0.0
 11
6544.55252
 21
-8591.32
 31
0.0
  0
LINE
  5
78A
330
17
100
AcDbEntity
  8
bracing
100
AcDbLine
 10
6423.74552
 20
-6560.65
 30
0.0
 11
7830.553859999999
 21
-9393.015000000001
 31
0.0
  0
LINE
  5
78B
330
17
100
AcDbEntity
  8
bracing
100
AcDbLine
 10
7830.553859999999
 20
-9393.015000000001
 30
0.0
 11
7899.530760000001
 21
-9374.859999999999
 31
0.0
  0
LINE
  5
78C
330
17
100
AcDbEntity
  8
bracing
100
AcDbLine
 10
7899.530760000001
 20
-9374.859999999999
 30
0.0
 11
6492.72242
 21
-6543.435
 31
0.0
  0
LINE
  5
78D
330
17
100
AcDbEntity
  8
bracing
100
AcDbLine
 10
6492.72242
 20
-6543.435
 30
0.0
 11
6423.74552
 21
-6560.65
 31
0.0
  0
LINE
  5
78E
330
17
100
AcDbEntity
  8
bracing
100
AcDbLine
 10
6380.44552
 20
-6585.65
 30
0.0
 11
7787.253859999999
 21
-9418.015000000001
 31
0.0
  0
LINE
  5
78F
330
17
100
AcDbEntity
  8
bracing
100
AcDbLine
 10
7787.253859999999
 20
-9418.015000000001
 30
0.0
 11
7856.23076
 21
-9399.859999999999
 31
0.0
  0
LINE
  5
790
330
17
100
AcDbEntity
  8
bracing
100
AcDbLine
 10
7856.23076
 20
-9399.859999999999
 30
0.0
 11
6449.42242
 21
-6568.435
 31
0.0
  0
LINE
  5
791
330
17
100
AcDbEntity
  8
bracing
100
AcDbLine
 10
6449.42242
 20
-6568.435
 30
0.0
 11
6380.44552
 21
-6585.65
 31
0.0
  0
LINE
  5
792
330
17
100
AcDbEntity
  8
bracing
100
AcDbLine
 10
6423.74552
 20
-6560.65
 30
0.0
 11
6380.44552
 21
-6585.65
 31
0.0
  0
LINE
  5
793
330
17
100
AcDbEntity
  8
bracing
100
AcDbLine
 10
7830.553859999999
 20
-9393.015000000001
 30
0.0
 11
7787.253859999999
 21
-9418.015000000001
 31
0.0
  0
LINE
  5
794
330
17
100
AcDbEntity
  8
bracing
100
AcDbLine
 10
7899.530760000001
 20
-9374.859999999999
 30
0.0
 11
7856.23076
 21
-9399.859999999999
 31
0.0
  0
LINE
  5
795
330
17
100
AcDbEntity
  8
bracing
100
AcDbLine
 10
6492.72242
 20
-6543.435
 30
0.0
 11
6449.42242
 21
-6568.435
 31
0.0
  0
LINE
  5
796
330
17
100
AcDbEntity
  8
bracing
100
AcDbLine
 10
-1974.59258
 20
-2643.945
 30
0.0
 11
-2665.40944
 21
-1287.92
 31
0.0
  0
LINE
  5
797
330
17
100
AcDbEntity
  8
bracing
100
AcDbLine
 10
-2665.40944
 20
-1287.92
 30
0.0
 11
-2745.0035
 21
-1371.065
 31
0.0
  0
LINE
  5
798
330
17
100
AcDbEntity
  8
bracing
100
AcDbLine
 10
-2745.0035
 20
-1371.065
 30
0.0
 11
-2054.18664
 21
-2727.08
 31
0.0
  0
LINE
  5
799
330
17
100
AcDbEntity
  8
bracing
100
AcDbLine
 10
-2054.18664
 20
-2727.08
 30
0.0
 11
-1974.59258
 21
-2643.945
 31
0.0
  0
LINE
  5
79A
330
17
100
AcDbEntity
  8
bracing
100
AcDbLine
 10
-1931.29258
 20
-2668.945
 30
0.0
 11
-2622.10944
 21
-1312.92
 31
0.0
  0
LINE
  5
79B
330
17
100
AcDbEntity
  8
bracing
100
AcDbLine
 10
-2622.10944
 20
-1312.92
 30
0.0
 11
-2701.7035
 21
-1396.065
 31
0.0
  0
LINE
  5
79C
330
17
100
AcDbEntity
  8
bracing
100
AcDbLine
 10
-2701.7035
 20
-1396.065
 30
0.0
 11
-2010.88664
 21
-2752.08
 31
0.0
  0
LINE
  5
79D
330
17
100
AcDbEntity
  8
bracing
100
AcDbLine
 10
-2010.88664
 20
-2752.08
 30
0.0
 11
-1931.29258
 21
-2668.945
 31
0.0
  0
LINE
  5
79E
330
17
100
AcDbEntity
  8
bracing
100
AcDbLine
 10
-1974.59258
 20
-2643.945
 30
0.0
 11
-1931.29258
 21
-2668.945
 31
0.0
  0
LINE
  5
79F
330
17
100
AcDbEntity
  8
bracing
100
AcDbLine
 10
-2665.40944
 20
-1287.92
 30
0.0
 11
-2622.10944
 21
-1312.92
 31
0.0
  0
LINE
  5
7A0
330
17
100
AcDbEntity
  8
bracing
100
AcDbLine
 10
-2745.0035
 20
-1371.065
 30
0.0
 11
-2701.7035
 21
-1396.065
 31
0.0
  0
LINE
  5
7A1
330
17
100
AcDbEntity
  8
bracing
100
AcDbLine
 10
-2054.18664
 20
-2727.08
 30
0.0
 11
-2010.88664
 21
-2752.08
 31
0.0
  0
LINE
  5
7A2
330
17
100
AcDbEntity
  8
bracing
100
AcDbLine
 10
-2106.25056
 20
-904.6499999999999
 30
0.0
 11
-2797.06742
 21
-3058.3849999999998
 31
0.0
  0
LINE
  5
7A3
330
17
100
AcDbEntity
  8
bracing
100
AcDbLine
 10
-2797.06742
 20
-3058.3849999999998
 30
0.0
 11
-2717.47336
 21
-3049.61
 31
0.0
  0
LINE
  5
7A4
330
17
100
AcDbEntity
  8
bracing
100
AcDbLine
 10
-2717.47336
 20
-3049.61
 30
0.0
 11
-2026.6565
 21
-895.875
 31
0.0
  0
LINE
  5
7A5
330
17
100
AcDbEntity
  8
bracing
100
AcDbLine
 10
-2026.6565
 20
-895.875
 30
0.0
 11
-2106.25056
 21
-904.6499999999999
 31
0.0
  0
LINE
  5
7A6
330
17
100
AcDbEntity
  8
bracing
100
AcDbLine
 10
-2062.9505599999998
 20
-929.6499999999999
 30
0.0
 11
-2753.7674199999997
 21
-3083.3849999999998
 31
0.0
  0
LINE
  5
7A7
330
17
100
AcDbEntity
  8
bracing
100
AcDbLine
 10
-2753.7674199999997
 20
-3083.3849999999998
 30
0.0
 11
-2674.1733600000002
 21
-3074.61
 31
0.0
  0
LINE
  5
7A8
330
17
100
AcDbEntity
  8
bracing
100
AcDbLine
 10
-2674.1733600000002
 20
-3074.61
 30
0.0
 11
-1983.3564999999999
 21
-920.875
 31
0.0
  0
LINE
  5
7A9
330
17
100
AcDbEntity
  8
bracing
100
AcDbLine
 10
-1983.3564999999999
 20
-920.875
 30
0.0
 11
-2062.9505599999998
 21
-929.6499999999999
 31
0.0
  0
LINE
  5
7AA
330
17
100
AcDbEntity
  8
bracing
100
AcDbLine
 10
-2106.25056
 20
-904.6499999999999
 30
0.0
 11
-2062.9505599999998
 21
-929.6499999999999
 31
0.0
  0
LINE
  5
7AB
330
17
100
AcDbEntity
  8
bracing
100
AcDbLine
 10
-2797.06742
 20
-3058.3849999999998
 30
0.0
 11
-2753.7674199999997
 21
-3083.3849999999998
 31
0.0
  0
LINE
  5
7AC
330
17
100
AcDbEntity
  8
bracing
100
AcDbLine
 10
-2717.47336
 20
-3049.61
 30
0.0
 11
-2674.1733600000002
 21
-3074.61
 31
0.0
  0
LINE
  5
7AD
330
17
100
AcDbEntity
  8
bracing
100
AcDbLine
 10
-2026.6565
 20
-895.875
 30
0.0
 11
-1983.3564999999999
 21
-920.875
 31
0.0
  0
LINE
  5
7AE
330
17
100
AcDbEntity
  8
bracing
100
AcDbLine
 10
10288.054020000001
 20
-9723.994999999999
 30
0.0
 11
9597.23716
 21
-8367.970000000001
 31
0.0
  0
LINE
  5
7AF
330
17
100
AcDbEntity
  8
bracing
100
AcDbLine
 10
9597.23716
 20
-8367.970000000001
 30
0.0
 11
9517.6431
 21
-8451.115
 31
0.0
  0
LINE
  5
7B0
330
17
100
AcDbEntity
  8
bracing
100
AcDbLine
 10
9517.6431
 20
-8451.115
 30
0.0
 11
10208.45996
 21
-9807.13
 31
0.0
  0
LINE
  5
7B1
330
17
100
AcDbEntity
  8
bracing
100
AcDbLine
 10
10208.45996
 20
-9807.13
 30
0.0
 11
10288.054020000001
 21
-9723.994999999999
 31
0.0
  0
LINE
  5
7B2
330
17
100
AcDbEntity
  8
bracing
100
AcDbLine
 10
10331.35402
 20
-9748.994999999999
 30
0.0
 11
9640.53716
 21
-8392.970000000001
 31
0.0
  0
LINE
  5
7B3
330
17
100
AcDbEntity
  8
bracing
100
AcDbLine
 10
9640.53716
 20
-8392.970000000001
 30
0.0
 11
9560.9431
 21
-8476.115
 31
0.0
  0
LINE
  5
7B4
330
17
100
AcDbEntity
  8
bracing
100
AcDbLine
 10
9560.9431
 20
-8476.115
 30
0.0
 11
10251.759960000001
 21
-9832.13
 31
0.0
  0
LINE
  5
7B5
330
17
100
AcDbEntity
  8
bracing
100
AcDbLine
 10
10251.759960000001
 20
-9832.13
 30
0.0
 11
10331.35402
 21
-9748.994999999999
 31
0.0
  0
LINE
  5
7B6
330
17
100
AcDbEntity
  8
bracing
100
AcDbLine
 10
10288.054020000001
 20
-9723.994999999999
 30
0.0
 11
10331.35402
 21
-9748.994999999999
 31
0.0
  0
LINE
  5
7B7
330
17
100
AcDbEntity
  8
bracing
100
AcDbLine
 10
9597.23716
 20
-8367.970000000001
 30
0.0
 11
9640.53716
 21
-8392.970000000001
 31
0.0
  0
LINE
  5
7B8
330
17
100
AcDbEntity
  8
bracing
100
AcDbLine
 10
9517.6431
 20
-8451.115
 30
0.0
 11
9560.9431
 21
-8476.115
 31
0.0
  0
LINE
  5
7B9
330
17
100
AcDbEntity
  8
bracing
100
AcDbLine
 10
10208.45996
 20
-9807.13
 30
0.0
 11
10251.759960000001
 21
-9832.13
 31
0.0
  0
LINE
  5
7BA
330
17
100
AcDbEntity
  8
bracing
100
AcDbLine
 10
10156.39604
 20
-7984.700000000001
 30
0.0
 11
9465.579179999999
 21
-10138.435000000001
 31
0.0
  0
LINE
  5
7BB
330
17
100
AcDbEntity
  8
bracing
100
AcDbLine
 10
9465.579179999999
 20
-10138.435000000001
 30
0.0
 11
9545.17324
 21
-10129.66
 31
0.0
  0
LINE
  5
7BC
330
17
100
AcDbEntity
  8
bracing
100
AcDbLine
 10
9545.17324
 20
-10129.66
 30
0.0
 11
10235.9901
 21
-7975.924999999999
 31
0.0
  0
LINE
  5
7BD
330
17
100
AcDbEntity
  8
bracing
100
AcDbLine
 10
10235.9901
 20
-7975.924999999999
 30
0.0
 11
10156.39604
 21
-7984.700000000001
 31
0.0
  0
LINE
  5
7BE
330
17
100
AcDbEntity
  8
bracing
100
AcDbLine
 10
10199.69604
 20
-8009.700000000001
 30
0.0
 11
9508.87918
 21
-10163.435000000001
 31
0.0
  0
LINE
  5
7BF
330
17
100
AcDbEntity
  8
bracing
100
AcDbLine
 10
9508.87918
 20
-10163.435000000001
 30
0.0
 11
9588.47324
 21
-10154.66
 31
0.0
  0
LINE
  5
7C0
330
17
100
AcDbEntity
  8
bracing
100
AcDbLine
 10
9588.47324
 20
-10154.66
 30
0.0
 11
10279.2901
 21
-8000.924999999999
 31
0.0
  0
LINE
  5
7C1
330
17
100
AcDbEntity
  8
bracing
100
AcDbLine
 10
10279.2901
 20
-8000.924999999999
 30
0.0
 11
10199.69604
 21
-8009.700000000001
 31
0.0
  0
LINE
  5
7C2
330
17
100
AcDbEntity
  8
bracing
100
AcDbLine
 10
10156.39604
 20
-7984.700000000001
 30
0.0
 11
10199.69604
 21
-8009.700000000001
 31
0.0
  0
LINE
  5
7C3
330
17
100
AcDbEntity
  8
bracing
100
AcDbLine
 10
9465.579179999999
 20
-10138.435000000001
 30
0.0
 11
9508.87918
 21
-10163.435000000001
 31
0.0
  0
LINE
  5
7C4
330
17
100
AcDbEntity
  8
bracing
100
AcDbLine
 10
9545.17324
 20
-10129.66
 30
0.0
 11
9588.47324
 21
-10154.66
 31
0.0
  0
LINE
  5
7C5
330
17
100
AcDbEntity
  8
bracing
100
AcDbLine
 10
10235.9901
 20
-7975.924999999999
 30
0.0
 11
10279.2901
 21
-8000.924999999999
 31
0.0
  0
LINE
  5
7C6
330
17
100
AcDbEntity
  8
kolom
100
AcDbLine
 10
21.65
 20
55.5
 30
0.0
 11
64.95
 21
30.5
 31
0.0
  0
LINE
  5
7C7
330
17
100
AcDbEntity
  8
kolom
100
AcDbLine
 10
64.95
 20
30.5
 30
0.0
 11
-21.65
 21
-19.5
 31
0.0
  0
LINE
  5
7C8
330
17
100
AcDbEntity
  8
kolom
100
AcDbLine
 10
-21.65
 20
-19.5
 30
0.0
 11
-64.95
 21
5.5
 31
0.0
  0
LINE
  5
7C9
330
17
100
AcDbEntity
  8
kolom
100
AcDbLine
 10
-64.95
 20
5.5
 30
0.0
 11
21.65
 21
55.5
 31
0.0
  0
LINE
  5
7CA
330
17
100
AcDbEntity
  8
kolom
100
AcDbLine
 10
21.65
 20
537.51
 30
0.0
 11
64.95
 21
512.51
 31
0.0
  0
LINE
  5
7CB
330
17
100
AcDbEntity
  8
kolom
100
AcDbLine
 10
64.95
 20
512.51
 30
0.0
 11
-21.65
 21
462.51
 31
0.0
  0
LINE
  5
7CC
330
17
100
AcDbEntity
  8
kolom
100
AcDbLine
 10
-21.65
 20
462.51
 30
0.0
 11
-64.95
 21
487.51
 31
0.0
  0
LINE
  5
7CD
330
17
100
AcDbEntity
  8
kolom
100
AcDbLine
 10
-64.95
 20
487.51
 30
0.0
 11
21.65
 21
537.51
 31
0.0
  0
LINE
  5
7CE
330
17
100
AcDbEntity
  8
kolom
100
AcDbLine
 10
21.65
 20
55.5
 30
0.0
 11
21.65
 21
537.51
 31
0.0
  0
LINE
  5
7CF
330
17
100
AcDbEntity
  8
kolom
100
AcDbLine
 10
64.95
 20
30.5
 30
0.0
 11
64.95
 21
512.51
 31
0.0
  0
LINE
  5
7D0
330
17
100
AcDbEntity
  8
kolom
100
AcDbLine
 10
-21.65
 20
-19.5
 30
0.0
 11
-21.65
 21
462.51
 31
0.0
  0
LINE
  5
7D1
330
17
100
AcDbEntity
  8
kolom
100
AcDbLine
 10
-64.95
 20
5.5
 30
0.0
 11
-64.95
 21
487.51
 31
0.0
  0
LINE
  5
7D2
330
17
100
AcDbEntity
  8
kolom
100
AcDbLine
 10
-844.34134
 20
-444.495
 30
0.0
 11
-801.04134
 21
-469.495
 31
0.0
  0
LINE
  5
7D3
330
17
100
AcDbEntity
  8
kolom
100
AcDbLine
 10
-801.04134
 20
-469.495
 30
0.0
 11
-887.64134
 21
-519.495
 31
0.0
  0
LINE
  5
7D4
330
17
100
AcDbEntity
  8
kolom
100
AcDbLine
 10
-887.64134
 20
-519.495
 30
0.0
 11
-930.94134
 21
-494.495
 31
0.0
  0
LINE
  5
7D5
330
17
100
AcDbEntity
  8
kolom
100
AcDbLine
 10
-930.94134
 20
-494.495
 30
0.0
 11
-844.34134
 21
-444.495
 31
0.0
  0
LINE
  5
7D6
330
17
100
AcDbEntity
  8
kolom
100
AcDbLine
 10
-844.34134
 20
537.515
 30
0.0
 11
-801.04134
 21
512.515
 31
0.0
  0
LINE
  5
7D7
330
17
100
AcDbEntity
  8
kolom
100
AcDbLine
 10
-801.04134
 20
512.515
 30
0.0
 11
-887.64134
 21
462.515
 31
0.0
  0
LINE
  5
7D8
330
17
100
AcDbEntity
  8
kolom
100
AcDbLine
 10
-887.64134
 20
462.515
 30
0.0
 11
-930.94134
 21
487.515
 31
0.0
  0
LINE
  5
7D9
330
17
100
AcDbEntity
  8
kolom
100
AcDbLine
 10
-930.94134
 20
487.515
 30
0.0
 11
-844.34134
 21
537.515
 31
0.0
  0
LINE
  5
7DA
330
17
100
AcDbEntity
  8
kolom
100
AcDbLine
 10
-844.34134
 20
-444.495
 30
0.0
 11
-844.34134
 21
537.515
 31
0.0
  0
LINE
  5
7DB
330
17
100
AcDbEntity
  8
kolom
100
AcDbLine
 10
-801.04134
 20
-469.495
 30
0.0
 11
-801.04134
 21
512.515
 31
0.0
  0
LINE
  5
7DC
330
17
100
AcDbEntity
  8
kolom
100
AcDbLine
 10
-887.64134
 20
-519.495
 30
0.0
 11
-887.64134
 21
462.515
 31
0.0
  0
LINE
  5
7DD
330
17
100
AcDbEntity
  8
kolom
100
AcDbLine
 10
-930.94134
 20
-494.495
 30
0.0
 11
-930.94134
 21
487.515
 31
0.0
  0
LINE
  5
7DE
330
17
100
AcDbEntity
  8
kolom
100
AcDbLine
 10
-1710.3586599999999
 20
-944.505
 30
0.0
 11
-1667.05866
 21
-969.505
 31
0.0
  0
LINE
  5
7DF
330
17
100
AcDbEntity
  8
kolom
100
AcDbLine
 10
-1667.05866
 20
-969.505
 30
0.0
 11
-1753.6586600000003
 21
-1019.5050000000001
 31
0.0
  0
LINE
  5
7E0
330
17
100
AcDbEntity
  8
kolom
100
AcDbLine
 10
-1753.6586600000003
 20
-1019.5050000000001
 30
0.0
 11
-1796.9586600000002
 21
-994.5050000000001
 31
0.0
  0
LINE
  5
7E1
330
17
100
AcDbEntity
  8
kolom
100
AcDbLine
 10
-1796.9586600000002
 20
-994.5050000000001
 30
0.0
 11
-1710.3586599999999
 21
-944.505
 31
0.0
  0
LINE
  5
7E2
330
17
100
AcDbEntity
  8
kolom
100
AcDbLine
 10
-1710.3586599999999
 20
537.495
 30
0.0
 11
-1667.05866
 21
512.495
 31
0.0
  0
LINE
  5
7E3
330
17
100
AcDbEntity
  8
kolom
100
AcDbLine
 10
-1667.05866
 20
512.495
 30
0.0
 11
-1753.6586600000003
 21
462.4949999999999
 31
0.0
  0
LINE
  5
7E4
330
17
100
AcDbEntity
  8
kolom
100
AcDbLine
 10
-1753.6586600000003
 20
462.4949999999999
 30
0.0
 11
-1796.9586600000002
 21
487.4949999999999
 31
0.0
  0
LINE
  5
7E5
330
17
100
AcDbEntity
  8
kolom
100
AcDbLine
 10
-1796.9586600000002
 20
487.4949999999999
 30
0.0
 11
-1710.3586599999999
 21
537.495
 31
0.0
  0
LINE
  5
7E6
330
17
100
AcDbEntity
  8
kolom
100
AcDbLine
 10
-1710.3586599999999
 20
-944.505
 30
0.0
 11
-1710.3586599999999
 21
537.495
 31
0.0
  0
LINE
  5
7E7
330
17
100
AcDbEntity
  8
kolom
100
AcDbLine
 10
-1667.05866
 20
-969.505
 30
0.0
 11
-1667.05866
 21
512.495
 31
0.0
  0
LINE
  5
7E8
330
17
100
AcDbEntity
  8
kolom
100
AcDbLine
 10
-1753.6586600000003
 20
-1019.5050000000001
 30
0.0
 11
-1753.6586600000003
 21
462.4949999999999
 31
0.0
  0
LINE
  5
7E9
330
17
100
AcDbEntity
  8
kolom
100
AcDbLine
 10
-1796.9586600000002
 20
-994.5050000000001
 30
0.0
 11
-1796.9586600000002
 21
487.4949999999999
 31
0.0
  0
LINE
  5
7EA
330
17
100
AcDbEntity
  8
kolom
100
AcDbLine
 10
-2273.22402
 20
-1619.5149999999999
 30
0.0
 11
-2229.9240200000004
 21
-1644.5149999999999
 31
0.0
  0
LINE
  5
7EB
330
17
100
AcDbEntity
  8
kolom
100
AcDbLine
 10
-2229.9240200000004
 20
-1644.5149999999999
 30
0.0
 11
-2316.5240200000003
 21
-1694.5149999999999
 31
0.0
  0
LINE
  5
7EC
330
17
100
AcDbEntity
  8
kolom
100
AcDbLine
 10
-2316.5240200000003
 20
-1694.5149999999999
 30
0.0
 11
-2359.82402
 21
-1669.5149999999999
 31
0.0
  0
LINE
  5
7ED
330
17
100
AcDbEntity
  8
kolom
100
AcDbLine
 10
-2359.82402
 20
-1669.5149999999999
 30
0.0
 11
-2273.22402
 21
-1619.5149999999999
 31
0.0
  0
LINE
  5
7EE
330
17
100
AcDbEntity
  8
kolom
100
AcDbLine
 10
-2273.22402
 20
362.47500000000014
 30
0.0
 11
-2229.9240200000004
 21
337.47500000000014
 31
0.0
  0
LINE
  5
7EF
330
17
100
AcDbEntity
  8
kolom
100
AcDbLine
 10
-2229.9240200000004
 20
337.47500000000014
 30
0.0
 11
-2316.5240200000003
 21
287.47500000000014
 31
0.0
  0
LINE
  5
7F0
330
17
100
AcDbEntity
  8
kolom
100
AcDbLine
 10
-2316.5240200000003
 20
287.47500000000014
 30
0.0
 11
-2359.82402
 21
312.47500000000014
 31
0.0
  0
LINE
  5
7F1
330
17
100
AcDbEntity
  8
kolom
100
AcDbLine
 10
-2359.82402
 20
312.47500000000014
 30
0.0
 11
-2273.22402
 21
362.47500000000014
 31
0.0
  0
LINE
  5
7F2
330
17
100
AcDbEntity
  8
kolom
100
AcDbLine
 10
-2273.22402
 20
-1619.5149999999999
 30
0.0
 11
-2273.22402
 21
362.47500000000014
 31
0.0
  0
LINE
  5
7F3
330
17
100
AcDbEntity
  8
kolom
100
AcDbLine
 10
-2229.9240200000004
 20
-1644.5149999999999
 30
0.0
 11
-2229.9240200000004
 21
337.47500000000014
 31
0.0
  0
LINE
  5
7F4
330
17
100
AcDbEntity
  8
kolom
100
AcDbLine
 10
-2316.5240200000003
 20
-1694.5149999999999
 30
0.0
 11
-2316.5240200000003
 21
287.47500000000014
 31
0.0
  0
LINE
  5
7F5
330
17
100
AcDbEntity
  8
kolom
100
AcDbLine
 10
-2359.82402
 20
-1669.5149999999999
 30
0.0
 11
-2359.82402
 21
312.47500000000014
 31
0.0
  0
LINE
  5
7F6
330
17
100
AcDbEntity
  8
kolom
100
AcDbLine
 10
-3442.3586600000003
 20
-1944.505
 30
0.0
 11
-3399.05866
 21
-1969.505
 31
0.0
  0
LINE
  5
7F7
330
17
100
AcDbEntity
  8
kolom
100
AcDbLine
 10
-3399.05866
 20
-1969.505
 30
0.0
 11
-3485.65866
 21
-2019.505
 31
0.0
  0
LINE
  5
7F8
330
17
100
AcDbEntity
  8
kolom
100
AcDbLine
 10
-3485.65866
 20
-2019.505
 30
0.0
 11
-3528.9586600000002
 21
-1994.505
 31
0.0
  0
LINE
  5
7F9
330
17
100
AcDbEntity
  8
kolom
100
AcDbLine
 10
-3528.9586600000002
 20
-1994.505
 30
0.0
 11
-3442.3586600000003
 21
-1944.505
 31
0.0
  0
LINE
  5
7FA
330
17
100
AcDbEntity
  8
kolom
100
AcDbLine
 10
-3442.3586600000003
 20
537.4849999999997
 30
0.0
 11
-3399.05866
 21
512.4849999999997
 31
0.0
  0
LINE
  5
7FB
330
17
100
AcDbEntity
  8
kolom
100
AcDbLine
 10
-3399.05866
 20
512.4849999999997
 30
0.0
 11
-3485.65866
 21
462.4849999999997
 31
0.0
  0
LINE
  5
7FC
330
17
100
AcDbEntity
  8
kolom
100
AcDbLine
 10
-3485.65866
 20
462.4849999999997
 30
0.0
 11
-3528.9586600000002
 21
487.4849999999997
 31
0.0
  0
LINE
  5
7FD
330
17
100
AcDbEntity
  8
kolom
100
AcDbLine
 10
-3528.9586600000002
 20
487.4849999999997
 30
0.0
 11
-3442.3586600000003
 21
537.4849999999997
 31
0.0
  0
LINE
  5
7FE
330
17
100
AcDbEntity
  8
kolom
100
AcDbLine
 10
-3442.3586600000003
 20
-1944.505
 30
0.0
 11
-3442.3586600000003
 21
537.4849999999997
 31
0.0
  0
LINE
  5
7FF
330
17
100
AcDbEntity
  8
kolom
100
AcDbLine
 10
-3399.05866
 20
-1969.505
 30
0.0
 11
-3399.05866
 21
512.4849999999997
 31
0.0
  0
LINE
  5
800
330
17
100
AcDbEntity
  8
kolom
100
AcDbLine
 10
-3485.65866
 20
-2019.505
 30
0.0
 11
-3485.65866
 21
462.4849999999997
 31
0.0
  0
LINE
  5
801
330
17
100
AcDbEntity
  8
kolom
100
AcDbLine
 10
-3528.9586600000002
 20
-1994.505
 30
0.0
 11
-3528.9586600000002
 21
487.4849999999997
 31
0.0
  0
LINE
  5
802
330
17
100
AcDbEntity
  8
kolom
100
AcDbLine
 10
-4308.35
 20
-2444.5
 30
0.0
 11
-4265.05
 21
-2469.5
 31
0.0
  0
LINE
  5
803
330
17
100
AcDbEntity
  8
kolom
100
AcDbLine
 10
-4265.05
 20
-2469.5
 30
0.0
 11
-4351.65
 21
-2519.5
 31
0.0
  0
LINE
  5
804
330
17
100
AcDbEntity
  8
kolom
100
AcDbLine
 10
-4351.65
 20
-2519.5
 30
0.0
 11
-4394.95
 21
-2494.5
 31
0.0
  0
LINE
  5
805
330
17
100
AcDbEntity
  8
kolom
100
AcDbLine
 10
-4394.95
 20
-2494.5
 30
0.0
 11
-4308.35
 21
-2444.5
 31
0.0
  0
LINE
  5
806
330
17
100
AcDbEntity
  8
kolom
100
AcDbLine
 10
-4308.35
 20
37.48999999999978
 30
0.0
 11
-4265.05
 21
12.489999999999782
 31
0.0
  0
LINE
  5
807
330
17
100
AcDbEntity
  8
kolom
100
AcDbLine
 10
-4265.05
 20
12.489999999999782
 30
0.0
 11
-4351.65
 21
-37.51000000000022
 31
0.0
  0
LINE
  5
808
330
17
100
AcDbEntity
  8
kolom
100
AcDbLine
 10
-4351.65
 20
-37.51000000000022
 30
0.0
 11
-4394.95
 21
-12.510000000000218
 31
0.0
  0
LINE
  5
809
330
17
100
AcDbEntity
  8
kolom
100
AcDbLine
 10
-4394.95
 20
-12.510000000000218
 30
0.0
 11
-4308.35
 21
37.48999999999978
 31
0.0
  0
LINE
  5
80A
330
17
100
AcDbEntity
  8
kolom
100
AcDbLine
 10
-4308.35
 20
-2444.5
 30
0.0
 11
-4308.35
 21
37.48999999999978
 31
0.0
  0
LINE
  5
80B
330
17
100
AcDbEntity
  8
kolom
100
AcDbLine
 10
-4265.05
 20
-2469.5
 30
0.0
 11
-4265.05
 21
12.489999999999782
 31
0.0
  0
LINE
  5
80C
330
17
100
AcDbEntity
  8
kolom
100
AcDbLine
 10
-4351.65
 20
-2519.5
 30
0.0
 11
-4351.65
 21
-37.51000000000022
 31
0.0
  0
LINE
  5
80D
330
17
100
AcDbEntity
  8
kolom
100
AcDbLine
 10
-4394.95
 20
-2494.5
 30
0.0
 11
-4394.95
 21
-12.510000000000218
 31
0.0
  0
LINE
  5
80E
330
17
100
AcDbEntity
  8
kolom
100
AcDbLine
 10
1554.47
 20
-829.5
 30
0.0
 11
1597.77
 21
-854.5
 31
0.0
  0
LINE
  5
80F
330
17
100
AcDbEntity
  8
kolom
100
AcDbLine
 10
1597.77
 20
-854.5
 30
0.0
 11
1511.17
 21
-904.5
 31
0.0
  0
LINE
  5
810
330
17
100
AcDbEntity
  8
kolom
100
AcDbLine
 10
1511.17
 20
-904.5
 30
0.0
 11
1467.87
 21
-879.5
 31
0.0
  0
LINE
  5
811
330
17
100
AcDbEntity
  8
kolom
100
AcDbLine
 10
1467.87
 20
-879.5
 30
0.0
 11
1554.47
 21
-829.5
 31
0.0
  0
LINE
  5
812
330
17
100
AcDbEntity
  8
kolom
100
AcDbLine
 10
1554.47
 20
-347.49
 30
0.0
 11
1597.77
 21
-372.49
 31
0.0
  0
LINE
  5
813
330
17
100
AcDbEntity
  8
kolom
100
AcDbLine
 10
1597.77
 20
-372.49
 30
0.0
 11
1511.17
 21
-422.49
 31
0.0
  0
LINE
  5
814
330
17
100
AcDbEntity
  8
kolom
100
AcDbLine
 10
1511.17
 20
-422.49
 30
0.0
 11
1467.87
 21
-397.49
 31
0.0
  0
LINE
  5
815
330
17
100
AcDbEntity
  8
kolom
100
AcDbLine
 10
1467.87
 20
-397.49
 30
0.0
 11
1554.47
 21
-347.49
 31
0.0
  0
LINE
  5
816
330
17
100
AcDbEntity
  8
kolom
100
AcDbLine
 10
1554.47
 20
-829.5
 30
0.0
 11
1554.47
 21
-347.49
 31
0.0
  0
LINE
  5
817
330
17
100
AcDbEntity
  8
kolom
100
AcDbLine
 10
1597.77
 20
-854.5
 30
0.0
 11
1597.77
 21
-372.49
 31
0.0
  0
LINE
  5
818
330
17
100
AcDbEntity
  8
kolom
100
AcDbLine
 10
1511.17
 20
-904.5
 30
0.0
 11
1511.17
 21
-422.49
 31
0.0
  0
LINE
  5
819
330
17
100
AcDbEntity
  8
kolom
100
AcDbLine
 10
1467.87
 20
-879.5
 30
0.0
 11
1467.87
 21
-397.49
 31
0.0
  0
LINE
  5
81A
330
17
100
AcDbEntity
  8
kolom
100
AcDbLine
 10
688.47866
 20
-1329.495
 30
0.0
 11
731.77866
 21
-1354.495
 31
0.0
  0
LINE
  5
81B
330
17
100
AcDbEntity
  8
kolom
100
AcDbLine
 10
731.77866
 20
-1354.495
 30
0.0
 11
645.17866
 21
-1404.495
 31
0.0
  0
LINE
  5
81C
330
17
100
AcDbEntity
  8
kolom
100
AcDbLine
 10
645.17866
 20
-1404.495
 30
0.0
 11
601.87866
 21
-1379.495
 31
0.0
  0
LINE
  5
81D
330
17
100
AcDbEntity
  8
kolom
100
AcDbLine
 10
601.87866
 20
-1379.495
 30
0.0
 11
688.47866
 21
-1329.495
 31
0.0
  0
LINE
  5
81E
330
17
100
AcDbEntity
  8
kolom
100
AcDbLine
 10
688.47866
 20
-347.4849999999999
 30
0.0
 11
731.77866
 21
-372.4849999999999
 31
0.0
  0
LINE
  5
81F
330
17
100
AcDbEntity
  8
kolom
100
AcDbLine
 10
731.77866
 20
-372.4849999999999
 30
0.0
 11
645.17866
 21
-422.4849999999999
 31
0.0
  0
LINE
  5
820
330
17
100
AcDbEntity
  8
kolom
100
AcDbLine
 10
645.17866
 20
-422.4849999999999
 30
0.0
 11
601.87866
 21
-397.4849999999999
 31
0.0
  0
LINE
  5
821
330
17
100
AcDbEntity
  8
kolom
100
AcDbLine
 10
601.87866
 20
-397.4849999999999
 30
0.0
 11
688.47866
 21
-347.4849999999999
 31
0.0
  0
LINE
  5
822
330
17
100
AcDbEntity
  8
kolom
100
AcDbLine
 10
688.47866
 20
-1329.495
 30
0.0
 11
688.47866
 21
-347.4849999999999
 31
0.0
  0
LINE
  5
823
330
17
100
AcDbEntity
  8
kolom
100
AcDbLine
 10
731.77866
 20
-1354.495
 30
0.0
 11
731.77866
 21
-372.4849999999999
 31
0.0
  0
LINE
  5
824
330
17
100
AcDbEntity
  8
kolom
100
AcDbLine
 10
645.17866
 20
-1404.495
 30
0.0
 11
645.17866
 21
-422.4849999999999
 31
0.0
  0
LINE
  5
825
330
17
100
AcDbEntity
  8
kolom
100
AcDbLine
 10
601.87866
 20
-1379.495
 30
0.0
 11
601.87866
 21
-397.4849999999999
 31
0.0
  0
LINE
  5
826
330
17
100
AcDbEntity
  8
kolom
100
AcDbLine
 10
-177.53866
 20
-1829.505
 30
0.0
 11
-134.23865999999998
 21
-1854.505
 31
0.0
  0
LINE
  5
827
330
17
100
AcDbEntity
  8
kolom
100
AcDbLine
 10
-134.23865999999998
 20
-1854.505
 30
0.0
 11
-220.83866000000017
 21
-1904.505
 31
0.0
  0
LINE
  5
828
330
17
100
AcDbEntity
  8
kolom
100
AcDbLine
 10
-220.83866000000017
 20
-1904.505
 30
0.0
 11
-264.1386600000002
 21
-1879.505
 31
0.0
  0
LINE
  5
829
330
17
100
AcDbEntity
  8
kolom
100
AcDbLine
 10
-264.1386600000002
 20
-1879.505
 30
0.0
 11
-177.53866
 21
-1829.505
 31
0.0
  0
LINE
  5
82A
330
17
100
AcDbEntity
  8
kolom
100
AcDbLine
 10
-177.53866
 20
-347.5050000000001
 30
0.0
 11
-134.23865999999998
 21
-372.5050000000001
 31
0.0
  0
LINE
  5
82B
330
17
100
AcDbEntity
  8
kolom
100
AcDbLine
 10
-134.23865999999998
 20
-372.5050000000001
 30
0.0
 11
-220.83866000000017
 21
-422.5050000000001
 31
0.0
  0
LINE
  5
82C
330
17
100
AcDbEntity
  8
kolom
100
AcDbLine
 10
-220.83866000000017
 20
-422.5050000000001
 30
0.0
 11
-264.1386600000002
 21
-397.5050000000001
 31
0.0
  0
LINE
  5
82D
330
17
100
AcDbEntity
  8
kolom
100
AcDbLine
 10
-264.1386600000002
 20
-397.5050000000001
 30
0.0
 11
-177.53866
 21
-347.5050000000001
 31
0.0
  0
LINE
  5
82E
330
17
100
AcDbEntity
  8
kolom
100
AcDbLine
 10
-177.53866
 20
-1829.505
 30
0.0
 11
-177.53866
 21
-347.5050000000001
 31
0.0
  0
LINE
  5
82F
330
17
100
AcDbEntity
  8
kolom
100
AcDbLine
 10
-134.23865999999998
 20
-1854.505
 30
0.0
 11
-134.23865999999998
 21
-372.5050000000001
 31
0.0
  0
LINE
  5
830
330
17
100
AcDbEntity
  8
kolom
100
AcDbLine
 10
-220.83866000000017
 20
-1904.505
 30
0.0
 11
-220.83866000000017
 21
-422.5050000000001
 31
0.0
  0
LINE
  5
831
330
17
100
AcDbEntity
  8
kolom
100
AcDbLine
 10
-264.1386600000002
 20
-1879.505
 30
0.0
 11
-264.1386600000002
 21
-397.5050000000001
 31
0.0
  0
LINE
  5
832
330
17
100
AcDbEntity
  8
kolom
100
AcDbLine
 10
-1043.53
 20
-2329.5
 30
0.0
 11
-1000.23
 21
-2354.5
 31
0.0
  0
LINE
  5
833
330
17
100
AcDbEntity
  8
kolom
100
AcDbLine
 10
-1000.23
 20
-2354.5
 30
0.0
 11
-1086.83
 21
-2404.5
 31
0.0
  0
LINE
  5
834
330
17
100
AcDbEntity
  8
kolom
100
AcDbLine
 10
-1086.83
 20
-2404.5
 30
0.0
 11
-1130.1299999999999
 21
-2379.5
 31
0.0
  0
LINE
  5
835
330
17
100
AcDbEntity
  8
kolom
100
AcDbLine
 10
-1130.1299999999999
 20
-2379.5
 30
0.0
 11
-1043.53
 21
-2329.5
 31
0.0
  0
LINE
  5
836
330
17
100
AcDbEntity
  8
kolom
100
AcDbLine
 10
-1043.53
 20
-347.51
 30
0.0
 11
-1000.23
 21
-372.51
 31
0.0
  0
LINE
  5
837
330
17
100
AcDbEntity
  8
kolom
100
AcDbLine
 10
-1000.23
 20
-372.51
 30
0.0
 11
-1086.83
 21
-422.51
 31
0.0
  0
LINE
  5
838
330
17
100
AcDbEntity
  8
kolom
100
AcDbLine
 10
-1086.83
 20
-422.51
 30
0.0
 11
-1130.1299999999999
 21
-397.51
 31
0.0
  0
LINE
  5
839
330
17
100
AcDbEntity
  8
kolom
100
AcDbLine
 10
-1130.1299999999999
 20
-397.51
 30
0.0
 11
-1043.53
 21
-347.51
 31
0.0
  0
LINE
  5
83A
330
17
100
AcDbEntity
  8
kolom
100
AcDbLine
 10
-1043.53
 20
-2329.5
 30
0.0
 11
-1043.53
 21
-347.51
 31
0.0
  0
LINE
  5
83B
330
17
100
AcDbEntity
  8
kolom
100
AcDbLine
 10
-1000.23
 20
-2354.5
 30
0.0
 11
-1000.23
 21
-372.51
 31
0.0
  0
LINE
  5
83C
330
17
100
AcDbEntity
  8
kolom
100
AcDbLine
 10
-1086.83
 20
-2404.5
 30
0.0
 11
-1086.83
 21
-422.51
 31
0.0
  0
LINE
  5
83D
330
17
100
AcDbEntity
  8
kolom
100
AcDbLine
 10
-1130.1299999999999
 20
-2379.5
 30
0.0
 11
-1130.1299999999999
 21
-397.51
 31
0.0
  0
LINE
  5
83E
330
17
100
AcDbEntity
  8
kolom
100
AcDbLine
 10
-1909.5386600000002
 20
-2829.505
 30
0.0
 11
-1866.2386600000002
 21
-2854.505
 31
0.0
  0
LINE
  5
83F
330
17
100
AcDbEntity
  8
kolom
100
AcDbLine
 10
-1866.2386600000002
 20
-2854.505
 30
0.0
 11
-1952.8386600000001
 21
-2904.505
 31
0.0
  0
LINE
  5
840
330
17
100
AcDbEntity
  8
kolom
100
AcDbLine
 10
-1952.8386600000001
 20
-2904.505
 30
0.0
 11
-1996.13866
 21
-2879.505
 31
0.0
  0
LINE
  5
841
330
17
100
AcDbEntity
  8
kolom
100
AcDbLine
 10
-1996.13866
 20
-2879.505
 30
0.0
 11
-1909.5386600000002
 21
-2829.505
 31
0.0
  0
LINE
  5
842
330
17
100
AcDbEntity
  8
kolom
100
AcDbLine
 10
-1909.5386600000002
 20
-347.5150000000003
 30
0.0
 11
-1866.2386600000002
 21
-372.5150000000003
 31
0.0
  0
LINE
  5
843
330
17
100
AcDbEntity
  8
kolom
100
AcDbLine
 10
-1866.2386600000002
 20
-372.5150000000003
 30
0.0
 11
-1952.8386600000001
 21
-422.5150000000003
 31
0.0
  0
LINE
  5
844
330
17
100
AcDbEntity
  8
kolom
100
AcDbLine
 10
-1952.8386600000001
 20
-422.5150000000003
 30
0.0
 11
-1996.13866
 21
-397.5150000000003
 31
0.0
  0
LINE
  5
845
330
17
100
AcDbEntity
  8
kolom
100
AcDbLine
 10
-1996.13866
 20
-397.5150000000003
 30
0.0
 11
-1909.5386600000002
 21
-347.5150000000003
 31
0.0
  0
LINE
  5
846
330
17
100
AcDbEntity
  8
kolom
100
AcDbLine
 10
-1909.5386600000002
 20
-2829.505
 30
0.0
 11
-1909.5386600000002
 21
-347.5150000000003
 31
0.0
  0
LINE
  5
847
330
17
100
AcDbEntity
  8
kolom
100
AcDbLine
 10
-1866.2386600000002
 20
-2854.505
 30
0.0
 11
-1866.2386600000002
 21
-372.5150000000003
 31
0.0
  0
LINE
  5
848
330
17
100
AcDbEntity
  8
kolom
100
AcDbLine
 10
-1952.8386600000001
 20
-2904.505
 30
0.0
 11
-1952.8386600000001
 21
-422.5150000000003
 31
0.0
  0
LINE
  5
849
330
17
100
AcDbEntity
  8
kolom
100
AcDbLine
 10
-1996.13866
 20
-2879.505
 30
0.0
 11
-1996.13866
 21
-397.5150000000003
 31
0.0
  0
LINE
  5
84A
330
17
100
AcDbEntity
  8
kolom
100
AcDbLine
 10
-2775.53
 20
-3329.5
 30
0.0
 11
-2732.23
 21
-3354.5
 31
0.0
  0
LINE
  5
84B
330
17
100
AcDbEntity
  8
kolom
100
AcDbLine
 10
-2732.23
 20
-3354.5
 30
0.0
 11
-2818.83
 21
-3404.5
 31
0.0
  0
LINE
  5
84C
330
17
100
AcDbEntity
  8
kolom
100
AcDbLine
 10
-2818.83
 20
-3404.5
 30
0.0
 11
-2862.13
 21
-3379.5
 31
0.0
  0
LINE
  5
84D
330
17
100
AcDbEntity
  8
kolom
100
AcDbLine
 10
-2862.13
 20
-3379.5
 30
0.0
 11
-2775.53
 21
-3329.5
 31
0.0
  0
LINE
  5
84E
330
17
100
AcDbEntity
  8
kolom
100
AcDbLine
 10
-2775.53
 20
-847.5100000000002
 30
0.0
 11
-2732.23
 21
-872.5100000000002
 31
0.0
  0
LINE
  5
84F
330
17
100
AcDbEntity
  8
kolom
100
AcDbLine
 10
-2732.23
 20
-872.5100000000002
 30
0.0
 11
-2818.83
 21
-922.5100000000002
 31
0.0
  0
LINE
  5
850
330
17
100
AcDbEntity
  8
kolom
100
AcDbLine
 10
-2818.83
 20
-922.5100000000002
 30
0.0
 11
-2862.13
 21
-897.5100000000002
 31
0.0
  0
LINE
  5
851
330
17
100
AcDbEntity
  8
kolom
100
AcDbLine
 10
-2862.13
 20
-897.5100000000002
 30
0.0
 11
-2775.53
 21
-847.5100000000002
 31
0.0
  0
LINE
  5
852
330
17
100
AcDbEntity
  8
kolom
100
AcDbLine
 10
-2775.53
 20
-3329.5
 30
0.0
 11
-2775.53
 21
-847.5100000000002
 31
0.0
  0
LINE
  5
853
330
17
100
AcDbEntity
  8
kolom
100
AcDbLine
 10
-2732.23
 20
-3354.5
 30
0.0
 11
-2732.23
 21
-872.5100000000002
 31
0.0
  0
LINE
  5
854
330
17
100
AcDbEntity
  8
kolom
100
AcDbLine
 10
-2818.83
 20
-3404.5
 30
0.0
 11
-2818.83
 21
-922.5100000000002
 31
0.0
  0
LINE
  5
855
330
17
100
AcDbEntity
  8
kolom
100
AcDbLine
 10
-2862.13
 20
-3379.5
 30
0.0
 11
-2862.13
 21
-897.5100000000002
 31
0.0
  0
LINE
  5
856
330
17
100
AcDbEntity
  8
kolom
100
AcDbLine
 10
3087.2986600000004
 20
-1714.505
 30
0.0
 11
3130.59866
 21
-1739.505
 31
0.0
  0
LINE
  5
857
330
17
100
AcDbEntity
  8
kolom
100
AcDbLine
 10
3130.59866
 20
-1739.505
 30
0.0
 11
3043.99866
 21
-1789.505
 31
0.0
  0
LINE
  5
858
330
17
100
AcDbEntity
  8
kolom
100
AcDbLine
 10
3043.99866
 20
-1789.505
 30
0.0
 11
3000.69866
 21
-1764.505
 31
0.0
  0
LINE
  5
859
330
17
100
AcDbEntity
  8
kolom
100
AcDbLine
 10
3000.69866
 20
-1764.505
 30
0.0
 11
3087.2986600000004
 21
-1714.505
 31
0.0
  0
LINE
  5
85A
330
17
100
AcDbEntity
  8
kolom
100
AcDbLine
 10
3087.2986600000004
 20
-1232.4950000000001
 30
0.0
 11
3130.59866
 21
-1257.4950000000001
 31
0.0
  0
LINE
  5
85B
330
17
100
AcDbEntity
  8
kolom
100
AcDbLine
 10
3130.59866
 20
-1257.4950000000001
 30
0.0
 11
3043.99866
 21
-1307.4950000000001
 31
0.0
  0
LINE
  5
85C
330
17
100
AcDbEntity
  8
kolom
100
AcDbLine
 10
3043.99866
 20
-1307.4950000000001
 30
0.0
 11
3000.69866
 21
-1282.4950000000001
 31
0.0
  0
LINE
  5
85D
330
17
100
AcDbEntity
  8
kolom
100
AcDbLine
 10
3000.69866
 20
-1282.4950000000001
 30
0.0
 11
3087.2986600000004
 21
-1232.4950000000001
 31
0.0
  0
LINE
  5
85E
330
17
100
AcDbEntity
  8
kolom
100
AcDbLine
 10
3087.2986600000004
 20
-1714.505
 30
0.0
 11
3087.2986600000004
 21
-1232.4950000000001
 31
0.0
  0
LINE
  5
85F
330
17
100
AcDbEntity
  8
kolom
100
AcDbLine
 10
3130.59866
 20
-1739.505
 30
0.0
 11
3130.59866
 21
-1257.4950000000001
 31
0.0
  0
LINE
  5
860
330
17
100
AcDbEntity
  8
kolom
100
AcDbLine
 10
3043.99866
 20
-1789.505
 30
0.0
 11
3043.99866
 21
-1307.4950000000001
 31
0.0
  0
LINE
  5
861
330
17
100
AcDbEntity
  8
kolom
100
AcDbLine
 10
3000.69866
 20
-1764.505
 30
0.0
 11
3000.69866
 21
-1282.4950000000001
 31
0.0
  0
LINE
  5
862
330
17
100
AcDbEntity
  8
kolom
100
AcDbLine
 10
2221.3073200000003
 20
-2214.5
 30
0.0
 11
2264.6073200000005
 21
-2239.5
 31
0.0
  0
LINE
  5
863
330
17
100
AcDbEntity
  8
kolom
100
AcDbLine
 10
2264.6073200000005
 20
-2239.5
 30
0.0
 11
2178.00732
 21
-2289.5
 31
0.0
  0
LINE
  5
864
330
17
100
AcDbEntity
  8
kolom
100
AcDbLine
 10
2178.00732
 20
-2289.5
 30
0.0
 11
2134.7073200000004
 21
-2264.5
 31
0.0
  0
LINE
  5
865
330
17
100
AcDbEntity
  8
kolom
100
AcDbLine
 10
2134.7073200000004
 20
-2264.5
 30
0.0
 11
2221.3073200000003
 21
-2214.5
 31
0.0
  0
LINE
  5
866
330
17
100
AcDbEntity
  8
kolom
100
AcDbLine
 10
2221.3073200000003
 20
-1232.49
 30
0.0
 11
2264.6073200000005
 21
-1257.49
 31
0.0
  0
LINE
  5
867
330
17
100
AcDbEntity
  8
kolom
100
AcDbLine
 10
2264.6073200000005
 20
-1257.49
 30
0.0
 11
2178.00732
 21
-1307.49
 31
0.0
  0
LINE
  5
868
330
17
100
AcDbEntity
  8
kolom
100
AcDbLine
 10
2178.00732
 20
-1307.49
 30
0.0
 11
2134.7073200000004
 21
-1282.49
 31
0.0
  0
LINE
  5
869
330
17
100
AcDbEntity
  8
kolom
100
AcDbLine
 10
2134.7073200000004
 20
-1282.49
 30
0.0
 11
2221.3073200000003
 21
-1232.49
 31
0.0
  0
LINE
  5
86A
330
17
100
AcDbEntity
  8
kolom
100
AcDbLine
 10
2221.3073200000003
 20
-2214.5
 30
0.0
 11
2221.3073200000003
 21
-1232.49
 31
0.0
  0
LINE
  5
86B
330
17
100
AcDbEntity
  8
kolom
100
AcDbLine
 10
2264.6073200000005
 20
-2239.5
 30
0.0
 11
2264.6073200000005
 21
-1257.49
 31
0.0
  0
LINE
  5
86C
330
17
100
AcDbEntity
  8
kolom
100
AcDbLine
 10
2178.00732
 20
-2289.5
 30
0.0
 11
2178.00732
 21
-1307.49
 31
0.0
  0
LINE
  5
86D
330
17
100
AcDbEntity
  8
kolom
100
AcDbLine
 10
2134.7073200000004
 20
-2264.5
 30
0.0
 11
2134.7073200000004
 21
-1282.49
 31
0.0
  0
LINE
  5
86E
330
17
100
AcDbEntity
  8
kolom
100
AcDbLine
 10
1355.2900000000002
 20
-2714.51
 30
0.0
 11
1398.5900000000001
 21
-2739.51
 31
0.0
  0
LINE
  5
86F
330
17
100
AcDbEntity
  8
kolom
100
AcDbLine
 10
1398.5900000000001
 20
-2739.51
 30
0.0
 11
1311.99
 21
-2789.51
 31
0.0
  0
LINE
  5
870
330
17
100
AcDbEntity
  8
kolom
100
AcDbLine
 10
1311.99
 20
-2789.51
 30
0.0
 11
1268.69
 21
-2764.51
 31
0.0
  0
LINE
  5
871
330
17
100
AcDbEntity
  8
kolom
100
AcDbLine
 10
1268.69
 20
-2764.51
 30
0.0
 11
1355.2900000000002
 21
-2714.51
 31
0.0
  0
LINE
  5
872
330
17
100
AcDbEntity
  8
kolom
100
AcDbLine
 10
1355.2900000000002
 20
-1232.5100000000002
 30
0.0
 11
1398.5900000000001
 21
-1257.5100000000002
 31
0.0
  0
LINE
  5
873
330
17
100
AcDbEntity
  8
kolom
100
AcDbLine
 10
1398.5900000000001
 20
-1257.5100000000002
 30
0.0
 11
1311.99
 21
-1307.5100000000002
 31
0.0
  0
LINE
  5
874
330
17
100
AcDbEntity
  8
kolom
100
AcDbLine
 10
1311.99
 20
-1307.5100000000002
 30
0.0
 11
1268.69
 21
-1282.5100000000002
 31
0.0
  0
LINE
  5
875
330
17
100
AcDbEntity
  8
kolom
100
AcDbLine
 10
1268.69
 20
-1282.5100000000002
 30
0.0
 11
1355.2900000000002
 21
-1232.5100000000002
 31
0.0
  0
LINE
  5
876
330
17
100
AcDbEntity
  8
kolom
100
AcDbLine
 10
1355.2900000000002
 20
-2714.51
 30
0.0
 11
1355.2900000000002
 21
-1232.5100000000002
 31
0.0
  0
LINE
  5
877
330
17
100
AcDbEntity
  8
kolom
100
AcDbLine
 10
1398.5900000000001
 20
-2739.51
 30
0.0
 11
1398.5900000000001
 21
-1257.5100000000002
 31
0.0
  0
LINE
  5
878
330
17
100
AcDbEntity
  8
kolom
100
AcDbLine
 10
1311.99
 20
-2789.51
 30
0.0
 11
1311.99
 21
-1307.5100000000002
 31
0.0
  0
LINE
  5
879
330
17
100
AcDbEntity
  8
kolom
100
AcDbLine
 10
1268.69
 20
-2764.51
 30
0.0
 11
1268.69
 21
-1282.5100000000002
 31
0.0
  0
LINE
  5
87A
330
17
100
AcDbEntity
  8
kolom
100
AcDbLine
 10
489.2986600000002
 20
-3214.505
 30
0.0
 11
532.5986600000002
 21
-3239.505
 31
0.0
  0
LINE
  5
87B
330
17
100
AcDbEntity
  8
kolom
100
AcDbLine
 10
532.5986600000002
 20
-3239.505
 30
0.0
 11
445.9986600000002
 21
-3289.505
 31
0.0
  0
LINE
  5
87C
330
17
100
AcDbEntity
  8
kolom
100
AcDbLine
 10
445.9986600000002
 20
-3289.505
 30
0.0
 11
402.6986600000002
 21
-3264.505
 31
0.0
  0
LINE
  5
87D
330
17
100
AcDbEntity
  8
kolom
100
AcDbLine
 10
402.6986600000002
 20
-3264.505
 30
0.0
 11
489.2986600000002
 21
-3214.505
 31
0.0
  0
LINE
  5
87E
330
17
100
AcDbEntity
  8
kolom
100
AcDbLine
 10
489.2986600000002
 20
-1232.515
 30
0.0
 11
532.5986600000002
 21
-1257.515
 31
0.0
  0
LINE
  5
87F
330
17
100
AcDbEntity
  8
kolom
100
AcDbLine
 10
532.5986600000002
 20
-1257.515
 30
0.0
 11
445.9986600000002
 21
-1307.515
 31
0.0
  0
LINE
  5
880
330
17
100
AcDbEntity
  8
kolom
100
AcDbLine
 10
445.9986600000002
 20
-1307.515
 30
0.0
 11
402.6986600000002
 21
-1282.515
 31
0.0
  0
LINE
  5
881
330
17
100
AcDbEntity
  8
kolom
100
AcDbLine
 10
402.6986600000002
 20
-1282.515
 30
0.0
 11
489.2986600000002
 21
-1232.515
 31
0.0
  0
LINE
  5
882
330
17
100
AcDbEntity
  8
kolom
100
AcDbLine
 10
489.2986600000002
 20
-3214.505
 30
0.0
 11
489.2986600000002
 21
-1232.515
 31
0.0
  0
LINE
  5
883
330
17
100
AcDbEntity
  8
kolom
100
AcDbLine
 10
532.5986600000002
 20
-3239.505
 30
0.0
 11
532.5986600000002
 21
-1257.515
 31
0.0
  0
LINE
  5
884
330
17
100
AcDbEntity
  8
kolom
100
AcDbLine
 10
445.9986600000002
 20
-3289.505
 30
0.0
 11
445.9986600000002
 21
-1307.515
 31
0.0
  0
LINE
  5
885
330
17
100
AcDbEntity
  8
kolom
100
AcDbLine
 10
402.6986600000002
 20
-3264.505
 30
0.0
 11
402.6986600000002
 21
-1282.515
 31
0.0
  0
LINE
  5
886
330
17
100
AcDbEntity
  8
kolom
100
AcDbLine
 10
-376.71
 20
-3714.51
 30
0.0
 11
-333.41
 21
-3739.51
 31
0.0
  0
LINE
  5
887
330
17
100
AcDbEntity
  8
kolom
100
AcDbLine
 10
-333.41
 20
-3739.51
 30
0.0
 11
-420.01
 21
-3789.51
 31
0.0
  0
LINE
  5
888
330
17
100
AcDbEntity
  8
kolom
100
AcDbLine
 10
-420.01
 20
-3789.51
 30
0.0
 11
-463.31
 21
-3764.51
 31
0.0
  0
LINE
  5
889
330
17
100
AcDbEntity
  8
kolom
100
AcDbLine
 10
-463.31
 20
-3764.51
 30
0.0
 11
-376.71
 21
-3714.51
 31
0.0
  0
LINE
  5
88A
330
17
100
AcDbEntity
  8
kolom
100
AcDbLine
 10
-376.71
 20
-1232.5200000000004
 30
0.0
 11
-333.41
 21
-1257.5200000000004
 31
0.0
  0
LINE
  5
88B
330
17
100
AcDbEntity
  8
kolom
100
AcDbLine
 10
-333.41
 20
-1257.5200000000004
 30
0.0
 11
-420.01
 21
-1307.5200000000004
 31
0.0
  0
LINE
  5
88C
330
17
100
AcDbEntity
  8
kolom
100
AcDbLine
 10
-420.01
 20
-1307.5200000000004
 30
0.0
 11
-463.31
 21
-1282.5200000000004
 31
0.0
  0
LINE
  5
88D
330
17
100
AcDbEntity
  8
kolom
100
AcDbLine
 10
-463.31
 20
-1282.5200000000004
 30
0.0
 11
-376.71
 21
-1232.5200000000004
 31
0.0
  0
LINE
  5
88E
330
17
100
AcDbEntity
  8
kolom
100
AcDbLine
 10
-376.71
 20
-3714.51
 30
0.0
 11
-376.71
 21
-1232.5200000000004
 31
0.0
  0
LINE
  5
88F
330
17
100
AcDbEntity
  8
kolom
100
AcDbLine
 10
-333.41
 20
-3739.51
 30
0.0
 11
-333.41
 21
-1257.5200000000004
 31
0.0
  0
LINE
  5
890
330
17
100
AcDbEntity
  8
kolom
100
AcDbLine
 10
-420.01
 20
-3789.51
 30
0.0
 11
-420.01
 21
-1307.5200000000004
 31
0.0
  0
LINE
  5
891
330
17
100
AcDbEntity
  8
kolom
100
AcDbLine
 10
-463.31
 20
-3764.51
 30
0.0
 11
-463.31
 21
-1282.5200000000004
 31
0.0
  0
LINE
  5
892
330
17
100
AcDbEntity
  8
kolom
100
AcDbLine
 10
-1242.7013399999998
 20
-4214.505
 30
0.0
 11
-1199.40134
 21
-4239.505
 31
0.0
  0
LINE
  5
893
330
17
100
AcDbEntity
  8
kolom
100
AcDbLine
 10
-1199.40134
 20
-4239.505
 30
0.0
 11
-1286.0013399999998
 21
-4289.505
 31
0.0
  0
LINE
  5
894
330
17
100
AcDbEntity
  8
kolom
100
AcDbLine
 10
-1286.0013399999998
 20
-4289.505
 30
0.0
 11
-1329.3013399999998
 21
-4264.505
 31
0.0
  0
LINE
  5
895
330
17
100
AcDbEntity
  8
kolom
100
AcDbLine
 10
-1329.3013399999998
 20
-4264.505
 30
0.0
 11
-1242.7013399999998
 21
-4214.505
 31
0.0
  0
LINE
  5
896
330
17
100
AcDbEntity
  8
kolom
100
AcDbLine
 10
-1242.7013399999998
 20
-1732.5150000000003
 30
0.0
 11
-1199.40134
 21
-1757.5150000000003
 31
0.0
  0
LINE
  5
897
330
17
100
AcDbEntity
  8
kolom
100
AcDbLine
 10
-1199.40134
 20
-1757.5150000000003
 30
0.0
 11
-1286.0013399999998
 21
-1807.5150000000003
 31
0.0
  0
LINE
  5
898
330
17
100
AcDbEntity
  8
kolom
100
AcDbLine
 10
-1286.0013399999998
 20
-1807.5150000000003
 30
0.0
 11
-1329.3013399999998
 21
-1782.5150000000003
 31
0.0
  0
LINE
  5
899
330
17
100
AcDbEntity
  8
kolom
100
AcDbLine
 10
-1329.3013399999998
 20
-1782.5150000000003
 30
0.0
 11
-1242.7013399999998
 21
-1732.5150000000003
 31
0.0
  0
LINE
  5
89A
330
17
100
AcDbEntity
  8
kolom
100
AcDbLine
 10
-1242.7013399999998
 20
-4214.505
 30
0.0
 11
-1242.7013399999998
 21
-1732.5150000000003
 31
0.0
  0
LINE
  5
89B
330
17
100
AcDbEntity
  8
kolom
100
AcDbLine
 10
-1199.40134
 20
-4239.505
 30
0.0
 11
-1199.40134
 21
-1757.5150000000003
 31
0.0
  0
LINE
  5
89C
330
17
100
AcDbEntity
  8
kolom
100
AcDbLine
 10
-1286.0013399999998
 20
-4289.505
 30
0.0
 11
-1286.0013399999998
 21
-1807.5150000000003
 31
0.0
  0
LINE
  5
89D
330
17
100
AcDbEntity
  8
kolom
100
AcDbLine
 10
-1329.3013399999998
 20
-4264.505
 30
0.0
 11
-1329.3013399999998
 21
-1782.5150000000003
 31
0.0
  0
LINE
  5
89E
330
17
100
AcDbEntity
  8
kolom
100
AcDbLine
 10
290.1186600000002
 20
-5099.505
 30
0.0
 11
333.41866000000016
 21
-5124.505
 31
0.0
  0
LINE
  5
89F
330
17
100
AcDbEntity
  8
kolom
100
AcDbLine
 10
333.41866000000016
 20
-5124.505
 30
0.0
 11
246.8186600000002
 21
-5174.505
 31
0.0
  0
LINE
  5
8A0
330
17
100
AcDbEntity
  8
kolom
100
AcDbLine
 10
246.8186600000002
 20
-5174.505
 30
0.0
 11
203.51866000000018
 21
-5149.505
 31
0.0
  0
LINE
  5
8A1
330
17
100
AcDbEntity
  8
kolom
100
AcDbLine
 10
203.51866000000018
 20
-5149.505
 30
0.0
 11
290.1186600000002
 21
-5099.505
 31
0.0
  0
LINE
  5
8A2
330
17
100
AcDbEntity
  8
kolom
100
AcDbLine
 10
290.1186600000002
 20
-2617.5150000000003
 30
0.0
 11
333.41866000000016
 21
-2642.5150000000003
 31
0.0
  0
LINE
  5
8A3
330
17
100
AcDbEntity
  8
kolom
100
AcDbLine
 10
333.41866000000016
 20
-2642.5150000000003
 30
0.0
 11
246.8186600000002
 21
-2692.5150000000003
 31
0.0
  0
LINE
  5
8A4
330
17
100
AcDbEntity
  8
kolom
100
AcDbLine
 10
246.8186600000002
 20
-2692.5150000000003
 30
0.0
 11
203.51866000000018
 21
-2667.5150000000003
 31
0.0
  0
LINE
  5
8A5
330
17
100
AcDbEntity
  8
kolom
100
AcDbLine
 10
203.51866000000018
 20
-2667.5150000000003
 30
0.0
 11
290.1186600000002
 21
-2617.5150000000003
 31
0.0
  0
LINE
  5
8A6
330
17
100
AcDbEntity
  8
kolom
100
AcDbLine
 10
290.1186600000002
 20
-5099.505
 30
0.0
 11
290.1186600000002
 21
-2617.5150000000003
 31
0.0
  0
LINE
  5
8A7
330
17
100
AcDbEntity
  8
kolom
100
AcDbLine
 10
333.41866000000016
 20
-5124.505
 30
0.0
 11
333.41866000000016
 21
-2642.5150000000003
 31
0.0
  0
LINE
  5
8A8
330
17
100
AcDbEntity
  8
kolom
100
AcDbLine
 10
246.8186600000002
 20
-5174.505
 30
0.0
 11
246.8186600000002
 21
-2692.5150000000003
 31
0.0
  0
LINE
  5
8A9
330
17
100
AcDbEntity
  8
kolom
100
AcDbLine
 10
203.51866000000018
 20
-5149.505
 30
0.0
 11
203.51866000000018
 21
-2667.5150000000003
 31
0.0
  0
LINE
  5
8AA
330
17
100
AcDbEntity
  8
kolom
100
AcDbLine
 10
6152.92134
 20
-3484.495
 30
0.0
 11
6196.22134
 21
-3509.495
 31
0.0
  0
LINE
  5
8AB
330
17
100
AcDbEntity
  8
kolom
100
AcDbLine
 10
6196.22134
 20
-3509.495
 30
0.0
 11
6109.62134
 21
-3559.495
 31
0.0
  0
LINE
  5
8AC
330
17
100
AcDbEntity
  8
kolom
100
AcDbLine
 10
6109.62134
 20
-3559.495
 30
0.0
 11
6066.3213399999995
 21
-3534.495
 31
0.0
  0
LINE
  5
8AD
330
17
100
AcDbEntity
  8
kolom
100
AcDbLine
 10
6066.3213399999995
 20
-3534.495
 30
0.0
 11
6152.92134
 21
-3484.495
 31
0.0
  0
LINE
  5
8AE
330
17
100
AcDbEntity
  8
kolom
100
AcDbLine
 10
6152.92134
 20
-3002.4849999999997
 30
0.0
 11
6196.22134
 21
-3027.4849999999997
 31
0.0
  0
LINE
  5
8AF
330
17
100
AcDbEntity
  8
kolom
100
AcDbLine
 10
6196.22134
 20
-3027.4849999999997
 30
0.0
 11
6109.62134
 21
-3077.4849999999997
 31
0.0
  0
LINE
  5
8B0
330
17
100
AcDbEntity
  8
kolom
100
AcDbLine
 10
6109.62134
 20
-3077.4849999999997
 30
0.0
 11
6066.3213399999995
 21
-3052.4849999999997
 31
0.0
  0
LINE
  5
8B1
330
17
100
AcDbEntity
  8
kolom
100
AcDbLine
 10
6066.3213399999995
 20
-3052.4849999999997
 30
0.0
 11
6152.92134
 21
-3002.4849999999997
 31
0.0
  0
LINE
  5
8B2
330
17
100
AcDbEntity
  8
kolom
100
AcDbLine
 10
6152.92134
 20
-3484.495
 30
0.0
 11
6152.92134
 21
-3002.4849999999997
 31
0.0
  0
LINE
  5
8B3
330
17
100
AcDbEntity
  8
kolom
100
AcDbLine
 10
6196.22134
 20
-3509.495
 30
0.0
 11
6196.22134
 21
-3027.4849999999997
 31
0.0
  0
LINE
  5
8B4
330
17
100
AcDbEntity
  8
kolom
100
AcDbLine
 10
6109.62134
 20
-3559.495
 30
0.0
 11
6109.62134
 21
-3077.4849999999997
 31
0.0
  0
LINE
  5
8B5
330
17
100
AcDbEntity
  8
kolom
100
AcDbLine
 10
6066.3213399999995
 20
-3534.495
 30
0.0
 11
6066.3213399999995
 21
-3052.4849999999997
 31
0.0
  0
LINE
  5
8B6
330
17
100
AcDbEntity
  8
kolom
100
AcDbLine
 10
5286.93
 20
-3984.49
 30
0.0
 11
5330.23
 21
-4009.49
 31
0.0
  0
LINE
  5
8B7
330
17
100
AcDbEntity
  8
kolom
100
AcDbLine
 10
5330.23
 20
-4009.49
 30
0.0
 11
5243.63
 21
-4059.49
 31
0.0
  0
LINE
  5
8B8
330
17
100
AcDbEntity
  8
kolom
100
AcDbLine
 10
5243.63
 20
-4059.49
 30
0.0
 11
5200.33
 21
-4034.49
 31
0.0
  0
LINE
  5
8B9
330
17
100
AcDbEntity
  8
kolom
100
AcDbLine
 10
5200.33
 20
-4034.49
 30
0.0
 11
5286.93
 21
-3984.49
 31
0.0
  0
LINE
  5
8BA
330
17
100
AcDbEntity
  8
kolom
100
AcDbLine
 10
5286.93
 20
-3002.4799999999996
 30
0.0
 11
5330.23
 21
-3027.4799999999996
 31
0.0
  0
LINE
  5
8BB
330
17
100
AcDbEntity
  8
kolom
100
AcDbLine
 10
5330.23
 20
-3027.4799999999996
 30
0.0
 11
5243.63
 21
-3077.4799999999996
 31
0.0
  0
LINE
  5
8BC
330
17
100
AcDbEntity
  8
kolom
100
AcDbLine
 10
5243.63
 20
-3077.4799999999996
 30
0.0
 11
5200.33
 21
-3052.4799999999996
 31
0.0
  0
LINE
  5
8BD
330
17
100
AcDbEntity
  8
kolom
100
AcDbLine
 10
5200.33
 20
-3052.4799999999996
 30
0.0
 11
5286.93
 21
-3002.4799999999996
 31
0.0
  0
LINE
  5
8BE
330
17
100
AcDbEntity
  8
kolom
100
AcDbLine
 10
5286.93
 20
-3984.49
 30
0.0
 11
5286.93
 21
-3002.4799999999996
 31
0.0
  0
LINE
  5
8BF
330
17
100
AcDbEntity
  8
kolom
100
AcDbLine
 10
5330.23
 20
-4009.49
 30
0.0
 11
5330.23
 21
-3027.4799999999996
 31
0.0
  0
LINE
  5
8C0
330
17
100
AcDbEntity
  8
kolom
100
AcDbLine
 10
5243.63
 20
-4059.49
 30
0.0
 11
5243.63
 21
-3077.4799999999996
 31
0.0
  0
LINE
  5
8C1
330
17
100
AcDbEntity
  8
kolom
100
AcDbLine
 10
5200.33
 20
-4034.49
 30
0.0
 11
5200.33
 21
-3052.4799999999996
 31
0.0
  0
LINE
  5
8C2
330
17
100
AcDbEntity
  8
kolom
100
AcDbLine
 10
4420.912679999999
 20
-4484.5
 30
0.0
 11
4464.21268
 21
-4509.5
 31
0.0
  0
LINE
  5
8C3
330
17
100
AcDbEntity
  8
kolom
100
AcDbLine
 10
4464.21268
 20
-4509.5
 30
0.0
 11
4377.612679999999
 21
-4559.5
 31
0.0
  0
LINE
  5
8C4
330
17
100
AcDbEntity
  8
kolom
100
AcDbLine
 10
4377.612679999999
 20
-4559.5
 30
0.0
 11
4334.31268
 21
-4534.5
 31
0.0
  0
LINE
  5
8C5
330
17
100
AcDbEntity
  8
kolom
100
AcDbLine
 10
4334.31268
 20
-4534.5
 30
0.0
 11
4420.912679999999
 21
-4484.5
 31
0.0
  0
LINE
  5
8C6
330
17
100
AcDbEntity
  8
kolom
100
AcDbLine
 10
4420.912679999999
 20
-3002.5
 30
0.0
 11
4464.21268
 21
-3027.5
 31
0.0
  0
LINE
  5
8C7
330
17
100
AcDbEntity
  8
kolom
100
AcDbLine
 10
4464.21268
 20
-3027.5
 30
0.0
 11
4377.612679999999
 21
-3077.5
 31
0.0
  0
LINE
  5
8C8
330
17
100
AcDbEntity
  8
kolom
100
AcDbLine
 10
4377.612679999999
 20
-3077.5
 30
0.0
 11
4334.31268
 21
-3052.5
 31
0.0
  0
LINE
  5
8C9
330
17
100
AcDbEntity
  8
kolom
100
AcDbLine
 10
4334.31268
 20
-3052.5
 30
0.0
 11
4420.912679999999
 21
-3002.5
 31
0.0
  0
LINE
  5
8CA
330
17
100
AcDbEntity
  8
kolom
100
AcDbLine
 10
4420.912679999999
 20
-4484.5
 30
0.0
 11
4420.912679999999
 21
-3002.5
 31
0.0
  0
LINE
  5
8CB
330
17
100
AcDbEntity
  8
kolom
100
AcDbLine
 10
4464.21268
 20
-4509.5
 30
0.0
 11
4464.21268
 21
-3027.5
 31
0.0
  0
LINE
  5
8CC
330
17
100
AcDbEntity
  8
kolom
100
AcDbLine
 10
4377.612679999999
 20
-4559.5
 30
0.0
 11
4377.612679999999
 21
-3077.5
 31
0.0
  0
LINE
  5
8CD
330
17
100
AcDbEntity
  8
kolom
100
AcDbLine
 10
4334.31268
 20
-4534.5
 30
0.0
 11
4334.31268
 21
-3052.5
 31
0.0
  0
LINE
  5
8CE
330
17
100
AcDbEntity
  8
kolom
100
AcDbLine
 10
3554.92134
 20
-4984.495
 30
0.0
 11
3598.2213399999996
 21
-5009.495
 31
0.0
  0
LINE
  5
8CF
330
17
100
AcDbEntity
  8
kolom
100
AcDbLine
 10
3598.2213399999996
 20
-5009.495
 30
0.0
 11
3511.6213399999997
 21
-5059.495
 31
0.0
  0
LINE
  5
8D0
330
17
100
AcDbEntity
  8
kolom
100
AcDbLine
 10
3511.6213399999997
 20
-5059.495
 30
0.0
 11
3468.32134
 21
-5034.495
 31
0.0
  0
LINE
  5
8D1
330
17
100
AcDbEntity
  8
kolom
100
AcDbLine
 10
3468.32134
 20
-5034.495
 30
0.0
 11
3554.92134
 21
-4984.495
 31
0.0
  0
LINE
  5
8D2
330
17
100
AcDbEntity
  8
kolom
100
AcDbLine
 10
3554.92134
 20
-3002.505
 30
0.0
 11
3598.2213399999996
 21
-3027.505
 31
0.0
  0
LINE
  5
8D3
330
17
100
AcDbEntity
  8
kolom
100
AcDbLine
 10
3598.2213399999996
 20
-3027.505
 30
0.0
 11
3511.6213399999997
 21
-3077.505
 31
0.0
  0
LINE
  5
8D4
330
17
100
AcDbEntity
  8
kolom
100
AcDbLine
 10
3511.6213399999997
 20
-3077.505
 30
0.0
 11
3468.32134
 21
-3052.505
 31
0.0
  0
LINE
  5
8D5
330
17
100
AcDbEntity
  8
kolom
100
AcDbLine
 10
3468.32134
 20
-3052.505
 30
0.0
 11
3554.92134
 21
-3002.505
 31
0.0
  0
LINE
  5
8D6
330
17
100
AcDbEntity
  8
kolom
100
AcDbLine
 10
3554.92134
 20
-4984.495
 30
0.0
 11
3554.92134
 21
-3002.505
 31
0.0
  0
LINE
  5
8D7
330
17
100
AcDbEntity
  8
kolom
100
AcDbLine
 10
3598.2213399999996
 20
-5009.495
 30
0.0
 11
3598.2213399999996
 21
-3027.505
 31
0.0
  0
LINE
  5
8D8
330
17
100
AcDbEntity
  8
kolom
100
AcDbLine
 10
3511.6213399999997
 20
-5059.495
 30
0.0
 11
3511.6213399999997
 21
-3077.505
 31
0.0
  0
LINE
  5
8D9
330
17
100
AcDbEntity
  8
kolom
100
AcDbLine
 10
3468.32134
 20
-5034.495
 30
0.0
 11
3468.32134
 21
-3052.505
 31
0.0
  0
LINE
  5
8DA
330
17
100
AcDbEntity
  8
kolom
100
AcDbLine
 10
2688.9126799999995
 20
-5484.5
 30
0.0
 11
2732.2126799999996
 21
-5509.5
 31
0.0
  0
LINE
  5
8DB
330
17
100
AcDbEntity
  8
kolom
100
AcDbLine
 10
2732.2126799999996
 20
-5509.5
 30
0.0
 11
2645.6126799999997
 21
-5559.5
 31
0.0
  0
LINE
  5
8DC
330
17
100
AcDbEntity
  8
kolom
100
AcDbLine
 10
2645.6126799999997
 20
-5559.5
 30
0.0
 11
2602.3126799999995
 21
-5534.5
 31
0.0
  0
LINE
  5
8DD
330
17
100
AcDbEntity
  8
kolom
100
AcDbLine
 10
2602.3126799999995
 20
-5534.5
 30
0.0
 11
2688.9126799999995
 21
-5484.5
 31
0.0
  0
LINE
  5
8DE
330
17
100
AcDbEntity
  8
kolom
100
AcDbLine
 10
2688.9126799999995
 20
-3002.51
 30
0.0
 11
2732.2126799999996
 21
-3027.51
 31
0.0
  0
LINE
  5
8DF
330
17
100
AcDbEntity
  8
kolom
100
AcDbLine
 10
2732.2126799999996
 20
-3027.51
 30
0.0
 11
2645.6126799999997
 21
-3077.51
 31
0.0
  0
LINE
  5
8E0
330
17
100
AcDbEntity
  8
kolom
100
AcDbLine
 10
2645.6126799999997
 20
-3077.51
 30
0.0
 11
2602.3126799999995
 21
-3052.51
 31
0.0
  0
LINE
  5
8E1
330
17
100
AcDbEntity
  8
kolom
100
AcDbLine
 10
2602.3126799999995
 20
-3052.51
 30
0.0
 11
2688.9126799999995
 21
-3002.51
 31
0.0
  0
LINE
  5
8E2
330
17
100
AcDbEntity
  8
kolom
100
AcDbLine
 10
2688.9126799999995
 20
-5484.5
 30
0.0
 11
2688.9126799999995
 21
-3002.51
 31
0.0
  0
LINE
  5
8E3
330
17
100
AcDbEntity
  8
kolom
100
AcDbLine
 10
2732.2126799999996
 20
-5509.5
 30
0.0
 11
2732.2126799999996
 21
-3027.51
 31
0.0
  0
LINE
  5
8E4
330
17
100
AcDbEntity
  8
kolom
100
AcDbLine
 10
2645.6126799999997
 20
-5559.5
 30
0.0
 11
2645.6126799999997
 21
-3077.51
 31
0.0
  0
LINE
  5
8E5
330
17
100
AcDbEntity
  8
kolom
100
AcDbLine
 10
2602.3126799999995
 20
-5534.5
 30
0.0
 11
2602.3126799999995
 21
-3052.51
 31
0.0
  0
LINE
  5
8E6
330
17
100
AcDbEntity
  8
kolom
100
AcDbLine
 10
1822.9213399999999
 20
-5984.495
 30
0.0
 11
1866.2213399999998
 21
-6009.495
 31
0.0
  0
LINE
  5
8E7
330
17
100
AcDbEntity
  8
kolom
100
AcDbLine
 10
1866.2213399999998
 20
-6009.495
 30
0.0
 11
1779.6213399999997
 21
-6059.495
 31
0.0
  0
LINE
  5
8E8
330
17
100
AcDbEntity
  8
kolom
100
AcDbLine
 10
1779.6213399999997
 20
-6059.495
 30
0.0
 11
1736.3213399999997
 21
-6034.495
 31
0.0
  0
LINE
  5
8E9
330
17
100
AcDbEntity
  8
kolom
100
AcDbLine
 10
1736.3213399999997
 20
-6034.495
 30
0.0
 11
1822.9213399999999
 21
-5984.495
 31
0.0
  0
LINE
  5
8EA
330
17
100
AcDbEntity
  8
kolom
100
AcDbLine
 10
1822.9213399999999
 20
-3502.505
 30
0.0
 11
1866.2213399999998
 21
-3527.505
 31
0.0
  0
LINE
  5
8EB
330
17
100
AcDbEntity
  8
kolom
100
AcDbLine
 10
1866.2213399999998
 20
-3527.505
 30
0.0
 11
1779.6213399999997
 21
-3577.505
 31
0.0
  0
LINE
  5
8EC
330
17
100
AcDbEntity
  8
kolom
100
AcDbLine
 10
1779.6213399999997
 20
-3577.505
 30
0.0
 11
1736.3213399999997
 21
-3552.505
 31
0.0
  0
LINE
  5
8ED
330
17
100
AcDbEntity
  8
kolom
100
AcDbLine
 10
1736.3213399999997
 20
-3552.505
 30
0.0
 11
1822.9213399999999
 21
-3502.505
 31
0.0
  0
LINE
  5
8EE
330
17
100
AcDbEntity
  8
kolom
100
AcDbLine
 10
1822.9213399999999
 20
-5984.495
 30
0.0
 11
1822.9213399999999
 21
-3502.505
 31
0.0
  0
LINE
  5
8EF
330
17
100
AcDbEntity
  8
kolom
100
AcDbLine
 10
1866.2213399999998
 20
-6009.495
 30
0.0
 11
1866.2213399999998
 21
-3527.505
 31
0.0
  0
LINE
  5
8F0
330
17
100
AcDbEntity
  8
kolom
100
AcDbLine
 10
1779.6213399999997
 20
-6059.495
 30
0.0
 11
1779.6213399999997
 21
-3577.505
 31
0.0
  0
LINE
  5
8F1
330
17
100
AcDbEntity
  8
kolom
100
AcDbLine
 10
1736.3213399999997
 20
-6034.495
 30
0.0
 11
1736.3213399999997
 21
-3552.505
 31
0.0
  0
LINE
  5
8F2
330
17
100
AcDbEntity
  8
kolom
100
AcDbLine
 10
4204.46464
 20
-2359.52
 30
0.0
 11
4247.76464
 21
-2384.52
 31
0.0
  0
LINE
  5
8F3
330
17
100
AcDbEntity
  8
kolom
100
AcDbLine
 10
4247.76464
 20
-2384.52
 30
0.0
 11
4161.16464
 21
-2434.52
 31
0.0
  0
LINE
  5
8F4
330
17
100
AcDbEntity
  8
kolom
100
AcDbLine
 10
4161.16464
 20
-2434.52
 30
0.0
 11
4117.86464
 21
-2409.52
 31
0.0
  0
LINE
  5
8F5
330
17
100
AcDbEntity
  8
kolom
100
AcDbLine
 10
4117.86464
 20
-2409.52
 30
0.0
 11
4204.46464
 21
-2359.52
 31
0.0
  0
LINE
  5
8F6
330
17
100
AcDbEntity
  8
kolom
100
AcDbLine
 10
4204.46464
 20
-1877.51
 30
0.0
 11
4247.76464
 21
-1902.51
 31
0.0
  0
LINE
  5
8F7
330
17
100
AcDbEntity
  8
kolom
100
AcDbLine
 10
4247.76464
 20
-1902.51
 30
0.0
 11
4161.16464
 21
-1952.51
 31
0.0
  0
LINE
  5
8F8
330
17
100
AcDbEntity
  8
kolom
100
AcDbLine
 10
4161.16464
 20
-1952.51
 30
0.0
 11
4117.86464
 21
-1927.51
 31
0.0
  0
LINE
  5
8F9
330
17
100
AcDbEntity
  8
kolom
100
AcDbLine
 10
4117.86464
 20
-1927.51
 30
0.0
 11
4204.46464
 21
-1877.51
 31
0.0
  0
LINE
  5
8FA
330
17
100
AcDbEntity
  8
kolom
100
AcDbLine
 10
4204.46464
 20
-2359.52
 30
0.0
 11
4204.46464
 21
-1877.51
 31
0.0
  0
LINE
  5
8FB
330
17
100
AcDbEntity
  8
kolom
100
AcDbLine
 10
4247.76464
 20
-2384.52
 30
0.0
 11
4247.76464
 21
-1902.51
 31
0.0
  0
LINE
  5
8FC
330
17
100
AcDbEntity
  8
kolom
100
AcDbLine
 10
4161.16464
 20
-2434.52
 30
0.0
 11
4161.16464
 21
-1952.51
 31
0.0
  0
LINE
  5
8FD
330
17
100
AcDbEntity
  8
kolom
100
AcDbLine
 10
4117.86464
 20
-2409.52
 30
0.0
 11
4117.86464
 21
-1927.51
 31
0.0
  0
LINE
  5
8FE
330
17
100
AcDbEntity
  8
kolom
100
AcDbLine
 10
3338.4733
 20
-2859.515
 30
0.0
 11
3381.7733000000003
 21
-2884.515
 31
0.0
  0
LINE
  5
8FF
330
17
100
AcDbEntity
  8
kolom
100
AcDbLine
 10
3381.7733000000003
 20
-2884.515
 30
0.0
 11
3295.1733
 21
-2934.515
 31
0.0
  0
LINE
  5
900
330
17
100
AcDbEntity
  8
kolom
100
AcDbLine
 10
3295.1733
 20
-2934.515
 30
0.0
 11
3251.8733
 21
-2909.515
 31
0.0
  0
LINE
  5
901
330
17
100
AcDbEntity
  8
kolom
100
AcDbLine
 10
3251.8733
 20
-2909.515
 30
0.0
 11
3338.4733
 21
-2859.515
 31
0.0
  0
LINE
  5
902
330
17
100
AcDbEntity
  8
kolom
100
AcDbLine
 10
3338.4733
 20
-1877.5049999999999
 30
0.0
 11
3381.7733000000003
 21
-1902.5049999999999
 31
0.0
  0
LINE
  5
903
330
17
100
AcDbEntity
  8
kolom
100
AcDbLine
 10
3381.7733000000003
 20
-1902.5049999999999
 30
0.0
 11
3295.1733
 21
-1952.5049999999999
 31
0.0
  0
LINE
  5
904
330
17
100
AcDbEntity
  8
kolom
100
AcDbLine
 10
3295.1733
 20
-1952.5049999999999
 30
0.0
 11
3251.8733
 21
-1927.5049999999999
 31
0.0
  0
LINE
  5
905
330
17
100
AcDbEntity
  8
kolom
100
AcDbLine
 10
3251.8733
 20
-1927.5049999999999
 30
0.0
 11
3338.4733
 21
-1877.5049999999999
 31
0.0
  0
LINE
  5
906
330
17
100
AcDbEntity
  8
kolom
100
AcDbLine
 10
3338.4733
 20
-2859.515
 30
0.0
 11
3338.4733
 21
-1877.5049999999999
 31
0.0
  0
LINE
  5
907
330
17
100
AcDbEntity
  8
kolom
100
AcDbLine
 10
3381.7733000000003
 20
-2884.515
 30
0.0
 11
3381.7733000000003
 21
-1902.5049999999999
 31
0.0
  0
LINE
  5
908
330
17
100
AcDbEntity
  8
kolom
100
AcDbLine
 10
3295.1733
 20
-2934.515
 30
0.0
 11
3295.1733
 21
-1952.5049999999999
 31
0.0
  0
LINE
  5
909
330
17
100
AcDbEntity
  8
kolom
100
AcDbLine
 10
3251.8733
 20
-2909.515
 30
0.0
 11
3251.8733
 21
-1927.5049999999999
 31
0.0
  0
LINE
  5
90A
330
17
100
AcDbEntity
  8
kolom
100
AcDbLine
 10
2472.4559799999997
 20
-3359.525
 30
0.0
 11
2515.75598
 21
-3384.525
 31
0.0
  0
LINE
  5
90B
330
17
100
AcDbEntity
  8
kolom
100
AcDbLine
 10
2515.75598
 20
-3384.525
 30
0.0
 11
2429.1559799999995
 21
-3434.525
 31
0.0
  0
LINE
  5
90C
330
17
100
AcDbEntity
  8
kolom
100
AcDbLine
 10
2429.1559799999995
 20
-3434.525
 30
0.0
 11
2385.85598
 21
-3409.525
 31
0.0
  0
LINE
  5
90D
330
17
100
AcDbEntity
  8
kolom
100
AcDbLine
 10
2385.85598
 20
-3409.525
 30
0.0
 11
2472.4559799999997
 21
-3359.525
 31
0.0
  0
LINE
  5
90E
330
17
100
AcDbEntity
  8
kolom
100
AcDbLine
 10
2472.4559799999997
 20
-1877.525
 30
0.0
 11
2515.75598
 21
-1902.525
 31
0.0
  0
LINE
  5
90F
330
17
100
AcDbEntity
  8
kolom
100
AcDbLine
 10
2515.75598
 20
-1902.525
 30
0.0
 11
2429.1559799999995
 21
-1952.525
 31
0.0
  0
LINE
  5
910
330
17
100
AcDbEntity
  8
kolom
100
AcDbLine
 10
2429.1559799999995
 20
-1952.525
 30
0.0
 11
2385.85598
 21
-1927.525
 31
0.0
  0
LINE
  5
911
330
17
100
AcDbEntity
  8
kolom
100
AcDbLine
 10
2385.85598
 20
-1927.525
 30
0.0
 11
2472.4559799999997
 21
-1877.525
 31
0.0
  0
LINE
  5
912
330
17
100
AcDbEntity
  8
kolom
100
AcDbLine
 10
2472.4559799999997
 20
-3359.525
 30
0.0
 11
2472.4559799999997
 21
-1877.525
 31
0.0
  0
LINE
  5
913
330
17
100
AcDbEntity
  8
kolom
100
AcDbLine
 10
2515.75598
 20
-3384.525
 30
0.0
 11
2515.75598
 21
-1902.525
 31
0.0
  0
LINE
  5
914
330
17
100
AcDbEntity
  8
kolom
100
AcDbLine
 10
2429.1559799999995
 20
-3434.525
 30
0.0
 11
2429.1559799999995
 21
-1952.525
 31
0.0
  0
LINE
  5
915
330
17
100
AcDbEntity
  8
kolom
100
AcDbLine
 10
2385.85598
 20
-3409.525
 30
0.0
 11
2385.85598
 21
-1927.525
 31
0.0
  0
LINE
  5
916
330
17
100
AcDbEntity
  8
kolom
100
AcDbLine
 10
1606.46464
 20
-3859.52
 30
0.0
 11
1649.7646399999999
 21
-3884.52
 31
0.0
  0
LINE
  5
917
330
17
100
AcDbEntity
  8
kolom
100
AcDbLine
 10
1649.7646399999999
 20
-3884.52
 30
0.0
 11
1563.16464
 21
-3934.52
 31
0.0
  0
LINE
  5
918
330
17
100
AcDbEntity
  8
kolom
100
AcDbLine
 10
1563.16464
 20
-3934.52
 30
0.0
 11
1519.86464
 21
-3909.52
 31
0.0
  0
LINE
  5
919
330
17
100
AcDbEntity
  8
kolom
100
AcDbLine
 10
1519.86464
 20
-3909.52
 30
0.0
 11
1606.46464
 21
-3859.52
 31
0.0
  0
LINE
  5
91A
330
17
100
AcDbEntity
  8
kolom
100
AcDbLine
 10
1606.46464
 20
-1877.53
 30
0.0
 11
1649.7646399999999
 21
-1902.53
 31
0.0
  0
LINE
  5
91B
330
17
100
AcDbEntity
  8
kolom
100
AcDbLine
 10
1649.7646399999999
 20
-1902.53
 30
0.0
 11
1563.16464
 21
-1952.53
 31
0.0
  0
LINE
  5
91C
330
17
100
AcDbEntity
  8
kolom
100
AcDbLine
 10
1563.16464
 20
-1952.53
 30
0.0
 11
1519.86464
 21
-1927.53
 31
0.0
  0
LINE
  5
91D
330
17
100
AcDbEntity
  8
kolom
100
AcDbLine
 10
1519.86464
 20
-1927.53
 30
0.0
 11
1606.46464
 21
-1877.53
 31
0.0
  0
LINE
  5
91E
330
17
100
AcDbEntity
  8
kolom
100
AcDbLine
 10
1606.46464
 20
-3859.52
 30
0.0
 11
1606.46464
 21
-1877.53
 31
0.0
  0
LINE
  5
91F
330
17
100
AcDbEntity
  8
kolom
100
AcDbLine
 10
1649.7646399999999
 20
-3884.52
 30
0.0
 11
1649.7646399999999
 21
-1902.53
 31
0.0
  0
LINE
  5
920
330
17
100
AcDbEntity
  8
kolom
100
AcDbLine
 10
1563.16464
 20
-3934.52
 30
0.0
 11
1563.16464
 21
-1952.53
 31
0.0
  0
LINE
  5
921
330
17
100
AcDbEntity
  8
kolom
100
AcDbLine
 10
1519.86464
 20
-3909.52
 30
0.0
 11
1519.86464
 21
-1927.53
 31
0.0
  0
LINE
  5
922
330
17
100
AcDbEntity
  8
kolom
100
AcDbLine
 10
740.4559799999997
 20
-4359.525
 30
0.0
 11
783.7559799999998
 21
-4384.525
 31
0.0
  0
LINE
  5
923
330
17
100
AcDbEntity
  8
kolom
100
AcDbLine
 10
783.7559799999998
 20
-4384.525
 30
0.0
 11
697.1559799999998
 21
-4434.525
 31
0.0
  0
LINE
  5
924
330
17
100
AcDbEntity
  8
kolom
100
AcDbLine
 10
697.1559799999998
 20
-4434.525
 30
0.0
 11
653.8559799999998
 21
-4409.525
 31
0.0
  0
LINE
  5
925
330
17
100
AcDbEntity
  8
kolom
100
AcDbLine
 10
653.8559799999998
 20
-4409.525
 30
0.0
 11
740.4559799999997
 21
-4359.525
 31
0.0
  0
LINE
  5
926
330
17
100
AcDbEntity
  8
kolom
100
AcDbLine
 10
740.4559799999997
 20
-1877.5349999999999
 30
0.0
 11
783.7559799999998
 21
-1902.5349999999999
 31
0.0
  0
LINE
  5
927
330
17
100
AcDbEntity
  8
kolom
100
AcDbLine
 10
783.7559799999998
 20
-1902.5349999999999
 30
0.0
 11
697.1559799999998
 21
-1952.5349999999999
 31
0.0
  0
LINE
  5
928
330
17
100
AcDbEntity
  8
kolom
100
AcDbLine
 10
697.1559799999998
 20
-1952.5349999999999
 30
0.0
 11
653.8559799999998
 21
-1927.5349999999999
 31
0.0
  0
LINE
  5
929
330
17
100
AcDbEntity
  8
kolom
100
AcDbLine
 10
653.8559799999998
 20
-1927.5349999999999
 30
0.0
 11
740.4559799999997
 21
-1877.5349999999999
 31
0.0
  0
LINE
  5
92A
330
17
100
AcDbEntity
  8
kolom
100
AcDbLine
 10
740.4559799999997
 20
-4359.525
 30
0.0
 11
740.4559799999997
 21
-1877.5349999999999
 31
0.0
  0
LINE
  5
92B
330
17
100
AcDbEntity
  8
kolom
100
AcDbLine
 10
783.7559799999998
 20
-4384.525
 30
0.0
 11
783.7559799999998
 21
-1902.5349999999999
 31
0.0
  0
LINE
  5
92C
330
17
100
AcDbEntity
  8
kolom
100
AcDbLine
 10
697.1559799999998
 20
-4434.525
 30
0.0
 11
697.1559799999998
 21
-1952.5349999999999
 31
0.0
  0
LINE
  5
92D
330
17
100
AcDbEntity
  8
kolom
100
AcDbLine
 10
653.8559799999998
 20
-4409.525
 30
0.0
 11
653.8559799999998
 21
-1927.5349999999999
 31
0.0
  0
LINE
  5
92E
330
17
100
AcDbEntity
  8
kolom
100
AcDbLine
 10
3355.7413399999996
 20
-6869.495
 30
0.0
 11
3399.0413399999998
 21
-6894.495
 31
0.0
  0
LINE
  5
92F
330
17
100
AcDbEntity
  8
kolom
100
AcDbLine
 10
3399.0413399999998
 20
-6894.495
 30
0.0
 11
3312.44134
 21
-6944.495
 31
0.0
  0
LINE
  5
930
330
17
100
AcDbEntity
  8
kolom
100
AcDbLine
 10
3312.44134
 20
-6944.495
 30
0.0
 11
3269.1413399999997
 21
-6919.495
 31
0.0
  0
LINE
  5
931
330
17
100
AcDbEntity
  8
kolom
100
AcDbLine
 10
3269.1413399999997
 20
-6919.495
 30
0.0
 11
3355.7413399999996
 21
-6869.495
 31
0.0
  0
LINE
  5
932
330
17
100
AcDbEntity
  8
kolom
100
AcDbLine
 10
3355.7413399999996
 20
-4387.505
 30
0.0
 11
3399.0413399999998
 21
-4412.505
 31
0.0
  0
LINE
  5
933
330
17
100
AcDbEntity
  8
kolom
100
AcDbLine
 10
3399.0413399999998
 20
-4412.505
 30
0.0
 11
3312.44134
 21
-4462.505
 31
0.0
  0
LINE
  5
934
330
17
100
AcDbEntity
  8
kolom
100
AcDbLine
 10
3312.44134
 20
-4462.505
 30
0.0
 11
3269.1413399999997
 21
-4437.505
 31
0.0
  0
LINE
  5
935
330
17
100
AcDbEntity
  8
kolom
100
AcDbLine
 10
3269.1413399999997
 20
-4437.505
 30
0.0
 11
3355.7413399999996
 21
-4387.505
 31
0.0
  0
LINE
  5
936
330
17
100
AcDbEntity
  8
kolom
100
AcDbLine
 10
3355.7413399999996
 20
-6869.495
 30
0.0
 11
3355.7413399999996
 21
-4387.505
 31
0.0
  0
LINE
  5
937
330
17
100
AcDbEntity
  8
kolom
100
AcDbLine
 10
3399.0413399999998
 20
-6894.495
 30
0.0
 11
3399.0413399999998
 21
-4412.505
 31
0.0
  0
LINE
  5
938
330
17
100
AcDbEntity
  8
kolom
100
AcDbLine
 10
3312.44134
 20
-6944.495
 30
0.0
 11
3312.44134
 21
-4462.505
 31
0.0
  0
LINE
  5
939
330
17
100
AcDbEntity
  8
kolom
100
AcDbLine
 10
3269.1413399999997
 20
-6919.495
 30
0.0
 11
3269.1413399999997
 21
-4437.505
 31
0.0
  0
LINE
  5
93A
330
17
100
AcDbEntity
  8
kolom
100
AcDbLine
 10
9218.56134
 20
-5254.495
 30
0.0
 11
9261.86134
 21
-5279.495
 31
0.0
  0
LINE
  5
93B
330
17
100
AcDbEntity
  8
kolom
100
AcDbLine
 10
9261.86134
 20
-5279.495
 30
0.0
 11
9175.26134
 21
-5329.495
 31
0.0
  0
LINE
  5
93C
330
17
100
AcDbEntity
  8
kolom
100
AcDbLine
 10
9175.26134
 20
-5329.495
 30
0.0
 11
9131.96134
 21
-5304.495
 31
0.0
  0
LINE
  5
93D
330
17
100
AcDbEntity
  8
kolom
100
AcDbLine
 10
9131.96134
 20
-5304.495
 30
0.0
 11
9218.56134
 21
-5254.495
 31
0.0
  0
LINE
  5
93E
330
17
100
AcDbEntity
  8
kolom
100
AcDbLine
 10
9218.56134
 20
-4772.485
 30
0.0
 11
9261.86134
 21
-4797.485
 31
0.0
  0
LINE
  5
93F
330
17
100
AcDbEntity
  8
kolom
100
AcDbLine
 10
9261.86134
 20
-4797.485
 30
0.0
 11
9175.26134
 21
-4847.485
 31
0.0
  0
LINE
  5
940
330
17
100
AcDbEntity
  8
kolom
100
AcDbLine
 10
9175.26134
 20
-4847.485
 30
0.0
 11
9131.96134
 21
-4822.485
 31
0.0
  0
LINE
  5
941
330
17
100
AcDbEntity
  8
kolom
100
AcDbLine
 10
9131.96134
 20
-4822.485
 30
0.0
 11
9218.56134
 21
-4772.485
 31
0.0
  0
LINE
  5
942
330
17
100
AcDbEntity
  8
kolom
100
AcDbLine
 10
9218.56134
 20
-5254.495
 30
0.0
 11
9218.56134
 21
-4772.485
 31
0.0
  0
LINE
  5
943
330
17
100
AcDbEntity
  8
kolom
100
AcDbLine
 10
9261.86134
 20
-5279.495
 30
0.0
 11
9261.86134
 21
-4797.485
 31
0.0
  0
LINE
  5
944
330
17
100
AcDbEntity
  8
kolom
100
AcDbLine
 10
9175.26134
 20
-5329.495
 30
0.0
 11
9175.26134
 21
-4847.485
 31
0.0
  0
LINE
  5
945
330
17
100
AcDbEntity
  8
kolom
100
AcDbLine
 10
9131.96134
 20
-5304.495
 30
0.0
 11
9131.96134
 21
-4822.485
 31
0.0
  0
LINE
  5
946
330
17
100
AcDbEntity
  8
kolom
100
AcDbLine
 10
8352.57
 20
-5754.49
 30
0.0
 11
8395.87
 21
-5779.49
 31
0.0
  0
LINE
  5
947
330
17
100
AcDbEntity
  8
kolom
100
AcDbLine
 10
8395.87
 20
-5779.49
 30
0.0
 11
8309.27
 21
-5829.49
 31
0.0
  0
LINE
  5
948
330
17
100
AcDbEntity
  8
kolom
100
AcDbLine
 10
8309.27
 20
-5829.49
 30
0.0
 11
8265.97
 21
-5804.49
 31
0.0
  0
LINE
  5
949
330
17
100
AcDbEntity
  8
kolom
100
AcDbLine
 10
8265.97
 20
-5804.49
 30
0.0
 11
8352.57
 21
-5754.49
 31
0.0
  0
LINE
  5
94A
330
17
100
AcDbEntity
  8
kolom
100
AcDbLine
 10
8352.57
 20
-4772.48
 30
0.0
 11
8395.87
 21
-4797.48
 31
0.0
  0
LINE
  5
94B
330
17
100
AcDbEntity
  8
kolom
100
AcDbLine
 10
8395.87
 20
-4797.48
 30
0.0
 11
8309.27
 21
-4847.48
 31
0.0
  0
LINE
  5
94C
330
17
100
AcDbEntity
  8
kolom
100
AcDbLine
 10
8309.27
 20
-4847.48
 30
0.0
 11
8265.97
 21
-4822.48
 31
0.0
  0
LINE
  5
94D
330
17
100
AcDbEntity
  8
kolom
100
AcDbLine
 10
8265.97
 20
-4822.48
 30
0.0
 11
8352.57
 21
-4772.48
 31
0.0
  0
LINE
  5
94E
330
17
100
AcDbEntity
  8
kolom
100
AcDbLine
 10
8352.57
 20
-5754.49
 30
0.0
 11
8352.57
 21
-4772.48
 31
0.0
  0
LINE
  5
94F
330
17
100
AcDbEntity
  8
kolom
100
AcDbLine
 10
8395.87
 20
-5779.49
 30
0.0
 11
8395.87
 21
-4797.48
 31
0.0
  0
LINE
  5
950
330
17
100
AcDbEntity
  8
kolom
100
AcDbLine
 10
8309.27
 20
-5829.49
 30
0.0
 11
8309.27
 21
-4847.48
 31
0.0
  0
LINE
  5
951
330
17
100
AcDbEntity
  8
kolom
100
AcDbLine
 10
8265.97
 20
-5804.49
 30
0.0
 11
8265.97
 21
-4822.48
 31
0.0
  0
LINE
  5
952
330
17
100
AcDbEntity
  8
kolom
100
AcDbLine
 10
7486.55268
 20
-6254.5
 30
0.0
 11
7529.85268
 21
-6279.5
 31
0.0
  0
LINE
  5
953
330
17
100
AcDbEntity
  8
kolom
100
AcDbLine
 10
7529.85268
 20
-6279.5
 30
0.0
 11
7443.25268
 21
-6329.5
 31
0.0
  0
LINE
  5
954
330
17
100
AcDbEntity
  8
kolom
100
AcDbLine
 10
7443.25268
 20
-6329.5
 30
0.0
 11
7399.952679999999
 21
-6304.5
 31
0.0
  0
LINE
  5
955
330
17
100
AcDbEntity
  8
kolom
100
AcDbLine
 10
7399.952679999999
 20
-6304.5
 30
0.0
 11
7486.55268
 21
-6254.5
 31
0.0
  0
LINE
  5
956
330
17
100
AcDbEntity
  8
kolom
100
AcDbLine
 10
7486.55268
 20
-4772.5
 30
0.0
 11
7529.85268
 21
-4797.5
 31
0.0
  0
LINE
  5
957
330
17
100
AcDbEntity
  8
kolom
100
AcDbLine
 10
7529.85268
 20
-4797.5
 30
0.0
 11
7443.25268
 21
-4847.5
 31
0.0
  0
LINE
  5
958
330
17
100
AcDbEntity
  8
kolom
100
AcDbLine
 10
7443.25268
 20
-4847.5
 30
0.0
 11
7399.952679999999
 21
-4822.5
 31
0.0
  0
LINE
  5
959
330
17
100
AcDbEntity
  8
kolom
100
AcDbLine
 10
7399.952679999999
 20
-4822.5
 30
0.0
 11
7486.55268
 21
-4772.5
 31
0.0
  0
LINE
  5
95A
330
17
100
AcDbEntity
  8
kolom
100
AcDbLine
 10
7486.55268
 20
-6254.5
 30
0.0
 11
7486.55268
 21
-4772.5
 31
0.0
  0
LINE
  5
95B
330
17
100
AcDbEntity
  8
kolom
100
AcDbLine
 10
7529.85268
 20
-6279.5
 30
0.0
 11
7529.85268
 21
-4797.5
 31
0.0
  0
LINE
  5
95C
330
17
100
AcDbEntity
  8
kolom
100
AcDbLine
 10
7443.25268
 20
-6329.5
 30
0.0
 11
7443.25268
 21
-4847.5
 31
0.0
  0
LINE
  5
95D
330
17
100
AcDbEntity
  8
kolom
100
AcDbLine
 10
7399.952679999999
 20
-6304.5
 30
0.0
 11
7399.952679999999
 21
-4822.5
 31
0.0
  0
LINE
  5
95E
330
17
100
AcDbEntity
  8
kolom
100
AcDbLine
 10
6620.56134
 20
-6754.495
 30
0.0
 11
6663.8613399999995
 21
-6779.495
 31
0.0
  0
LINE
  5
95F
330
17
100
AcDbEntity
  8
kolom
100
AcDbLine
 10
6663.8613399999995
 20
-6779.495
 30
0.0
 11
6577.26134
 21
-6829.495
 31
0.0
  0
LINE
  5
960
330
17
100
AcDbEntity
  8
kolom
100
AcDbLine
 10
6577.26134
 20
-6829.495
 30
0.0
 11
6533.96134
 21
-6804.495
 31
0.0
  0
LINE
  5
961
330
17
100
AcDbEntity
  8
kolom
100
AcDbLine
 10
6533.96134
 20
-6804.495
 30
0.0
 11
6620.56134
 21
-6754.495
 31
0.0
  0
LINE
  5
962
330
17
100
AcDbEntity
  8
kolom
100
AcDbLine
 10
6620.56134
 20
-4772.505
 30
0.0
 11
6663.8613399999995
 21
-4797.505
 31
0.0
  0
LINE
  5
963
330
17
100
AcDbEntity
  8
kolom
100
AcDbLine
 10
6663.8613399999995
 20
-4797.505
 30
0.0
 11
6577.26134
 21
-4847.505
 31
0.0
  0
LINE
  5
964
330
17
100
AcDbEntity
  8
kolom
100
AcDbLine
 10
6577.26134
 20
-4847.505
 30
0.0
 11
6533.96134
 21
-4822.505
 31
0.0
  0
LINE
  5
965
330
17
100
AcDbEntity
  8
kolom
100
AcDbLine
 10
6533.96134
 20
-4822.505
 30
0.0
 11
6620.56134
 21
-4772.505
 31
0.0
  0
LINE
  5
966
330
17
100
AcDbEntity
  8
kolom
100
AcDbLine
 10
6620.56134
 20
-6754.495
 30
0.0
 11
6620.56134
 21
-4772.505
 31
0.0
  0
LINE
  5
967
330
17
100
AcDbEntity
  8
kolom
100
AcDbLine
 10
6663.8613399999995
 20
-6779.495
 30
0.0
 11
6663.8613399999995
 21
-4797.505
 31
0.0
  0
LINE
  5
968
330
17
100
AcDbEntity
  8
kolom
100
AcDbLine
 10
6577.26134
 20
-6829.495
 30
0.0
 11
6577.26134
 21
-4847.505
 31
0.0
  0
LINE
  5
969
330
17
100
AcDbEntity
  8
kolom
100
AcDbLine
 10
6533.96134
 20
-6804.495
 30
0.0
 11
6533.96134
 21
-4822.505
 31
0.0
  0
LINE
  5
96A
330
17
100
AcDbEntity
  8
kolom
100
AcDbLine
 10
5754.55268
 20
-7254.5
 30
0.0
 11
5797.85268
 21
-7279.5
 31
0.0
  0
LINE
  5
96B
330
17
100
AcDbEntity
  8
kolom
100
AcDbLine
 10
5797.85268
 20
-7279.5
 30
0.0
 11
5711.25268
 21
-7329.5
 31
0.0
  0
LINE
  5
96C
330
17
100
AcDbEntity
  8
kolom
100
AcDbLine
 10
5711.25268
 20
-7329.5
 30
0.0
 11
5667.952679999999
 21
-7304.5
 31
0.0
  0
LINE
  5
96D
330
17
100
AcDbEntity
  8
kolom
100
AcDbLine
 10
5667.952679999999
 20
-7304.5
 30
0.0
 11
5754.55268
 21
-7254.5
 31
0.0
  0
LINE
  5
96E
330
17
100
AcDbEntity
  8
kolom
100
AcDbLine
 10
5754.55268
 20
-4772.51
 30
0.0
 11
5797.85268
 21
-4797.51
 31
0.0
  0
LINE
  5
96F
330
17
100
AcDbEntity
  8
kolom
100
AcDbLine
 10
5797.85268
 20
-4797.51
 30
0.0
 11
5711.25268
 21
-4847.51
 31
0.0
  0
LINE
  5
970
330
17
100
AcDbEntity
  8
kolom
100
AcDbLine
 10
5711.25268
 20
-4847.51
 30
0.0
 11
5667.952679999999
 21
-4822.51
 31
0.0
  0
LINE
  5
971
330
17
100
AcDbEntity
  8
kolom
100
AcDbLine
 10
5667.952679999999
 20
-4822.51
 30
0.0
 11
5754.55268
 21
-4772.51
 31
0.0
  0
LINE
  5
972
330
17
100
AcDbEntity
  8
kolom
100
AcDbLine
 10
5754.55268
 20
-7254.5
 30
0.0
 11
5754.55268
 21
-4772.51
 31
0.0
  0
LINE
  5
973
330
17
100
AcDbEntity
  8
kolom
100
AcDbLine
 10
5797.85268
 20
-7279.5
 30
0.0
 11
5797.85268
 21
-4797.51
 31
0.0
  0
LINE
  5
974
330
17
100
AcDbEntity
  8
kolom
100
AcDbLine
 10
5711.25268
 20
-7329.5
 30
0.0
 11
5711.25268
 21
-4847.51
 31
0.0
  0
LINE
  5
975
330
17
100
AcDbEntity
  8
kolom
100
AcDbLine
 10
5667.952679999999
 20
-7304.5
 30
0.0
 11
5667.952679999999
 21
-4822.51
 31
0.0
  0
LINE
  5
976
330
17
100
AcDbEntity
  8
kolom
100
AcDbLine
 10
4888.56134
 20
-7754.495
 30
0.0
 11
4931.8613399999995
 21
-7779.495
 31
0.0
  0
LINE
  5
977
330
17
100
AcDbEntity
  8
kolom
100
AcDbLine
 10
4931.8613399999995
 20
-7779.495
 30
0.0
 11
4845.26134
 21
-7829.495
 31
0.0
  0
LINE
  5
978
330
17
100
AcDbEntity
  8
kolom
100
AcDbLine
 10
4845.26134
 20
-7829.495
 30
0.0
 11
4801.96134
 21
-7804.495
 31
0.0
  0
LINE
  5
979
330
17
100
AcDbEntity
  8
kolom
100
AcDbLine
 10
4801.96134
 20
-7804.495
 30
0.0
 11
4888.56134
 21
-7754.495
 31
0.0
  0
LINE
  5
97A
330
17
100
AcDbEntity
  8
kolom
100
AcDbLine
 10
4888.56134
 20
-5272.505
 30
0.0
 11
4931.8613399999995
 21
-5297.505
 31
0.0
  0
LINE
  5
97B
330
17
100
AcDbEntity
  8
kolom
100
AcDbLine
 10
4931.8613399999995
 20
-5297.505
 30
0.0
 11
4845.26134
 21
-5347.505
 31
0.0
  0
LINE
  5
97C
330
17
100
AcDbEntity
  8
kolom
100
AcDbLine
 10
4845.26134
 20
-5347.505
 30
0.0
 11
4801.96134
 21
-5322.505
 31
0.0
  0
LINE
  5
97D
330
17
100
AcDbEntity
  8
kolom
100
AcDbLine
 10
4801.96134
 20
-5322.505
 30
0.0
 11
4888.56134
 21
-5272.505
 31
0.0
  0
LINE
  5
97E
330
17
100
AcDbEntity
  8
kolom
100
AcDbLine
 10
4888.56134
 20
-7754.495
 30
0.0
 11
4888.56134
 21
-5272.505
 31
0.0
  0
LINE
  5
97F
330
17
100
AcDbEntity
  8
kolom
100
AcDbLine
 10
4931.8613399999995
 20
-7779.495
 30
0.0
 11
4931.8613399999995
 21
-5297.505
 31
0.0
  0
LINE
  5
980
330
17
100
AcDbEntity
  8
kolom
100
AcDbLine
 10
4845.26134
 20
-7829.495
 30
0.0
 11
4845.26134
 21
-5347.505
 31
0.0
  0
LINE
  5
981
330
17
100
AcDbEntity
  8
kolom
100
AcDbLine
 10
4801.96134
 20
-7804.495
 30
0.0
 11
4801.96134
 21
-5322.505
 31
0.0
  0
LINE
  5
982
330
17
100
AcDbEntity
  8
kolom
100
AcDbLine
 10
6421.39
 20
-8639.5
 30
0.0
 11
6464.69
 21
-8664.5
 31
0.0
  0
LINE
  5
983
330
17
100
AcDbEntity
  8
kolom
100
AcDbLine
 10
6464.69
 20
-8664.5
 30
0.0
 11
6378.09
 21
-8714.5
 31
0.0
  0
LINE
  5
984
330
17
100
AcDbEntity
  8
kolom
100
AcDbLine
 10
6378.09
 20
-8714.5
 30
0.0
 11
6334.79
 21
-8689.5
 31
0.0
  0
LINE
  5
985
330
17
100
AcDbEntity
  8
kolom
100
AcDbLine
 10
6334.79
 20
-8689.5
 30
0.0
 11
6421.39
 21
-8639.5
 31
0.0
  0
LINE
  5
986
330
17
100
AcDbEntity
  8
kolom
100
AcDbLine
 10
6421.39
 20
-6157.51
 30
0.0
 11
6464.69
 21
-6182.51
 31
0.0
  0
LINE
  5
987
330
17
100
AcDbEntity
  8
kolom
100
AcDbLine
 10
6464.69
 20
-6182.51
 30
0.0
 11
6378.09
 21
-6232.51
 31
0.0
  0
LINE
  5
988
330
17
100
AcDbEntity
  8
kolom
100
AcDbLine
 10
6378.09
 20
-6232.51
 30
0.0
 11
6334.79
 21
-6207.51
 31
0.0
  0
LINE
  5
989
330
17
100
AcDbEntity
  8
kolom
100
AcDbLine
 10
6334.79
 20
-6207.51
 30
0.0
 11
6421.39
 21
-6157.51
 31
0.0
  0
LINE
  5
98A
330
17
100
AcDbEntity
  8
kolom
100
AcDbLine
 10
6421.39
 20
-8639.5
 30
0.0
 11
6421.39
 21
-6157.51
 31
0.0
  0
LINE
  5
98B
330
17
100
AcDbEntity
  8
kolom
100
AcDbLine
 10
6464.69
 20
-8664.5
 30
0.0
 11
6464.69
 21
-6182.51
 31
0.0
  0
LINE
  5
98C
330
17
100
AcDbEntity
  8
kolom
100
AcDbLine
 10
6378.09
 20
-8714.5
 30
0.0
 11
6378.09
 21
-6232.51
 31
0.0
  0
LINE
  5
98D
330
17
100
AcDbEntity
  8
kolom
100
AcDbLine
 10
6334.79
 20
-8689.5
 30
0.0
 11
6334.79
 21
-6207.51
 31
0.0
  0
LINE
  5
98E
330
17
100
AcDbEntity
  8
kolom
100
AcDbLine
 10
12284.21
 20
-7024.5
 30
0.0
 11
12327.51
 21
-7049.5
 31
0.0
  0
LINE
  5
98F
330
17
100
AcDbEntity
  8
kolom
100
AcDbLine
 10
12327.51
 20
-7049.5
 30
0.0
 11
12240.91
 21
-7099.5
 31
0.0
  0
LINE
  5
990
330
17
100
AcDbEntity
  8
kolom
100
AcDbLine
 10
12240.91
 20
-7099.5
 30
0.0
 11
12197.61
 21
-7074.5
 31
0.0
  0
LINE
  5
991
330
17
100
AcDbEntity
  8
kolom
100
AcDbLine
 10
12197.61
 20
-7074.5
 30
0.0
 11
12284.21
 21
-7024.5
 31
0.0
  0
LINE
  5
992
330
17
100
AcDbEntity
  8
kolom
100
AcDbLine
 10
12284.21
 20
-6542.49
 30
0.0
 11
12327.51
 21
-6567.49
 31
0.0
  0
LINE
  5
993
330
17
100
AcDbEntity
  8
kolom
100
AcDbLine
 10
12327.51
 20
-6567.49
 30
0.0
 11
12240.91
 21
-6617.49
 31
0.0
  0
LINE
  5
994
330
17
100
AcDbEntity
  8
kolom
100
AcDbLine
 10
12240.91
 20
-6617.49
 30
0.0
 11
12197.61
 21
-6592.49
 31
0.0
  0
LINE
  5
995
330
17
100
AcDbEntity
  8
kolom
100
AcDbLine
 10
12197.61
 20
-6592.49
 30
0.0
 11
12284.21
 21
-6542.49
 31
0.0
  0
LINE
  5
996
330
17
100
AcDbEntity
  8
kolom
100
AcDbLine
 10
12284.21
 20
-7024.5
 30
0.0
 11
12284.21
 21
-6542.49
 31
0.0
  0
LINE
  5
997
330
17
100
AcDbEntity
  8
kolom
100
AcDbLine
 10
12327.51
 20
-7049.5
 30
0.0
 11
12327.51
 21
-6567.49
 31
0.0
  0
LINE
  5
998
330
17
100
AcDbEntity
  8
kolom
100
AcDbLine
 10
12240.91
 20
-7099.5
 30
0.0
 11
12240.91
 21
-6617.49
 31
0.0
  0
LINE
  5
999
330
17
100
AcDbEntity
  8
kolom
100
AcDbLine
 10
12197.61
 20
-7074.5
 30
0.0
 11
12197.61
 21
-6592.49
 31
0.0
  0
LINE
  5
99A
330
17
100
AcDbEntity
  8
kolom
100
AcDbLine
 10
11418.21866
 20
-7524.495
 30
0.0
 11
11461.51866
 21
-7549.495
 31
0.0
  0
LINE
  5
99B
330
17
100
AcDbEntity
  8
kolom
100
AcDbLine
 10
11461.51866
 20
-7549.495
 30
0.0
 11
11374.91866
 21
-7599.495
 31
0.0
  0
LINE
  5
99C
330
17
100
AcDbEntity
  8
kolom
100
AcDbLine
 10
11374.91866
 20
-7599.495
 30
0.0
 11
11331.61866
 21
-7574.495
 31
0.0
  0
LINE
  5
99D
330
17
100
AcDbEntity
  8
kolom
100
AcDbLine
 10
11331.61866
 20
-7574.495
 30
0.0
 11
11418.21866
 21
-7524.495
 31
0.0
  0
LINE
  5
99E
330
17
100
AcDbEntity
  8
kolom
100
AcDbLine
 10
11418.21866
 20
-6542.485
 30
0.0
 11
11461.51866
 21
-6567.485
 31
0.0
  0
LINE
  5
99F
330
17
100
AcDbEntity
  8
kolom
100
AcDbLine
 10
11461.51866
 20
-6567.485
 30
0.0
 11
11374.91866
 21
-6617.485
 31
0.0
  0
LINE
  5
9A0
330
17
100
AcDbEntity
  8
kolom
100
AcDbLine
 10
11374.91866
 20
-6617.485
 30
0.0
 11
11331.61866
 21
-6592.485
 31
0.0
  0
LINE
  5
9A1
330
17
100
AcDbEntity
  8
kolom
100
AcDbLine
 10
11331.61866
 20
-6592.485
 30
0.0
 11
11418.21866
 21
-6542.485
 31
0.0
  0
LINE
  5
9A2
330
17
100
AcDbEntity
  8
kolom
100
AcDbLine
 10
11418.21866
 20
-7524.495
 30
0.0
 11
11418.21866
 21
-6542.485
 31
0.0
  0
LINE
  5
9A3
330
17
100
AcDbEntity
  8
kolom
100
AcDbLine
 10
11461.51866
 20
-7549.495
 30
0.0
 11
11461.51866
 21
-6567.485
 31
0.0
  0
LINE
  5
9A4
330
17
100
AcDbEntity
  8
kolom
100
AcDbLine
 10
11374.91866
 20
-7599.495
 30
0.0
 11
11374.91866
 21
-6617.485
 31
0.0
  0
LINE
  5
9A5
330
17
100
AcDbEntity
  8
kolom
100
AcDbLine
 10
11331.61866
 20
-7574.495
 30
0.0
 11
11331.61866
 21
-6592.485
 31
0.0
  0
LINE
  5
9A6
330
17
100
AcDbEntity
  8
kolom
100
AcDbLine
 10
10552.20134
 20
-8024.505
 30
0.0
 11
10595.501339999999
 21
-8049.505
 31
0.0
  0
LINE
  5
9A7
330
17
100
AcDbEntity
  8
kolom
100
AcDbLine
 10
10595.501339999999
 20
-8049.505
 30
0.0
 11
10508.90134
 21
-8099.505
 31
0.0
  0
LINE
  5
9A8
330
17
100
AcDbEntity
  8
kolom
100
AcDbLine
 10
10508.90134
 20
-8099.505
 30
0.0
 11
10465.60134
 21
-8074.505
 31
0.0
  0
LINE
  5
9A9
330
17
100
AcDbEntity
  8
kolom
100
AcDbLine
 10
10465.60134
 20
-8074.505
 30
0.0
 11
10552.20134
 21
-8024.505
 31
0.0
  0
LINE
  5
9AA
330
17
100
AcDbEntity
  8
kolom
100
AcDbLine
 10
10552.20134
 20
-6542.505
 30
0.0
 11
10595.501339999999
 21
-6567.505
 31
0.0
  0
LINE
  5
9AB
330
17
100
AcDbEntity
  8
kolom
100
AcDbLine
 10
10595.501339999999
 20
-6567.505
 30
0.0
 11
10508.90134
 21
-6617.505
 31
0.0
  0
LINE
  5
9AC
330
17
100
AcDbEntity
  8
kolom
100
AcDbLine
 10
10508.90134
 20
-6617.505
 30
0.0
 11
10465.60134
 21
-6592.505
 31
0.0
  0
LINE
  5
9AD
330
17
100
AcDbEntity
  8
kolom
100
AcDbLine
 10
10465.60134
 20
-6592.505
 30
0.0
 11
10552.20134
 21
-6542.505
 31
0.0
  0
LINE
  5
9AE
330
17
100
AcDbEntity
  8
kolom
100
AcDbLine
 10
10552.20134
 20
-8024.505
 30
0.0
 11
10552.20134
 21
-6542.505
 31
0.0
  0
LINE
  5
9AF
330
17
100
AcDbEntity
  8
kolom
100
AcDbLine
 10
10595.501339999999
 20
-8049.505
 30
0.0
 11
10595.501339999999
 21
-6567.505
 31
0.0
  0
LINE
  5
9B0
330
17
100
AcDbEntity
  8
kolom
100
AcDbLine
 10
10508.90134
 20
-8099.505
 30
0.0
 11
10508.90134
 21
-6617.505
 31
0.0
  0
LINE
  5
9B1
330
17
100
AcDbEntity
  8
kolom
100
AcDbLine
 10
10465.60134
 20
-8074.505
 30
0.0
 11
10465.60134
 21
-6592.505
 31
0.0
  0
LINE
  5
9B2
330
17
100
AcDbEntity
  8
kolom
100
AcDbLine
 10
9686.21
 20
-8524.5
 30
0.0
 11
9729.51
 21
-8549.5
 31
0.0
  0
LINE
  5
9B3
330
17
100
AcDbEntity
  8
kolom
100
AcDbLine
 10
9729.51
 20
-8549.5
 30
0.0
 11
9642.91
 21
-8599.5
 31
0.0
  0
LINE
  5
9B4
330
17
100
AcDbEntity
  8
kolom
100
AcDbLine
 10
9642.91
 20
-8599.5
 30
0.0
 11
9599.61
 21
-8574.5
 31
0.0
  0
LINE
  5
9B5
330
17
100
AcDbEntity
  8
kolom
100
AcDbLine
 10
9599.61
 20
-8574.5
 30
0.0
 11
9686.21
 21
-8524.5
 31
0.0
  0
LINE
  5
9B6
330
17
100
AcDbEntity
  8
kolom
100
AcDbLine
 10
9686.21
 20
-6542.51
 30
0.0
 11
9729.51
 21
-6567.51
 31
0.0
  0
LINE
  5
9B7
330
17
100
AcDbEntity
  8
kolom
100
AcDbLine
 10
9729.51
 20
-6567.51
 30
0.0
 11
9642.91
 21
-6617.51
 31
0.0
  0
LINE
  5
9B8
330
17
100
AcDbEntity
  8
kolom
100
AcDbLine
 10
9642.91
 20
-6617.51
 30
0.0
 11
9599.61
 21
-6592.51
 31
0.0
  0
LINE
  5
9B9
330
17
100
AcDbEntity
  8
kolom
100
AcDbLine
 10
9599.61
 20
-6592.51
 30
0.0
 11
9686.21
 21
-6542.51
 31
0.0
  0
LINE
  5
9BA
330
17
100
AcDbEntity
  8
kolom
100
AcDbLine
 10
9686.21
 20
-8524.5
 30
0.0
 11
9686.21
 21
-6542.51
 31
0.0
  0
LINE
  5
9BB
330
17
100
AcDbEntity
  8
kolom
100
AcDbLine
 10
9729.51
 20
-8549.5
 30
0.0
 11
9729.51
 21
-6567.51
 31
0.0
  0
LINE
  5
9BC
330
17
100
AcDbEntity
  8
kolom
100
AcDbLine
 10
9642.91
 20
-8599.5
 30
0.0
 11
9642.91
 21
-6617.51
 31
0.0
  0
LINE
  5
9BD
330
17
100
AcDbEntity
  8
kolom
100
AcDbLine
 10
9599.61
 20
-8574.5
 30
0.0
 11
9599.61
 21
-6592.51
 31
0.0
  0
LINE
  5
9BE
330
17
100
AcDbEntity
  8
kolom
100
AcDbLine
 10
8820.20134
 20
-9024.505000000001
 30
0.0
 11
8863.501339999999
 21
-9049.505000000001
 31
0.0
  0
LINE
  5
9BF
330
17
100
AcDbEntity
  8
kolom
100
AcDbLine
 10
8863.501339999999
 20
-9049.505000000001
 30
0.0
 11
8776.90134
 21
-9099.505000000001
 31
0.0
  0
LINE
  5
9C0
330
17
100
AcDbEntity
  8
kolom
100
AcDbLine
 10
8776.90134
 20
-9099.505000000001
 30
0.0
 11
8733.60134
 21
-9074.505000000001
 31
0.0
  0
LINE
  5
9C1
330
17
100
AcDbEntity
  8
kolom
100
AcDbLine
 10
8733.60134
 20
-9074.505000000001
 30
0.0
 11
8820.20134
 21
-9024.505000000001
 31
0.0
  0
LINE
  5
9C2
330
17
100
AcDbEntity
  8
kolom
100
AcDbLine
 10
8820.20134
 20
-6542.515000000001
 30
0.0
 11
8863.501339999999
 21
-6567.515000000001
 31
0.0
  0
LINE
  5
9C3
330
17
100
AcDbEntity
  8
kolom
100
AcDbLine
 10
8863.501339999999
 20
-6567.515000000001
 30
0.0
 11
8776.90134
 21
-6617.515000000001
 31
0.0
  0
LINE
  5
9C4
330
17
100
AcDbEntity
  8
kolom
100
AcDbLine
 10
8776.90134
 20
-6617.515000000001
 30
0.0
 11
8733.60134
 21
-6592.515000000001
 31
0.0
  0
LINE
  5
9C5
330
17
100
AcDbEntity
  8
kolom
100
AcDbLine
 10
8733.60134
 20
-6592.515000000001
 30
0.0
 11
8820.20134
 21
-6542.515000000001
 31
0.0
  0
LINE
  5
9C6
330
17
100
AcDbEntity
  8
kolom
100
AcDbLine
 10
8820.20134
 20
-9024.505000000001
 30
0.0
 11
8820.20134
 21
-6542.515000000001
 31
0.0
  0
LINE
  5
9C7
330
17
100
AcDbEntity
  8
kolom
100
AcDbLine
 10
8863.501339999999
 20
-9049.505000000001
 30
0.0
 11
8863.501339999999
 21
-6567.515000000001
 31
0.0
  0
LINE
  5
9C8
330
17
100
AcDbEntity
  8
kolom
100
AcDbLine
 10
8776.90134
 20
-9099.505000000001
 30
0.0
 11
8776.90134
 21
-6617.515000000001
 31
0.0
  0
LINE
  5
9C9
330
17
100
AcDbEntity
  8
kolom
100
AcDbLine
 10
8733.60134
 20
-9074.505000000001
 30
0.0
 11
8733.60134
 21
-6592.515000000001
 31
0.0
  0
LINE
  5
9CA
330
17
100
AcDbEntity
  8
kolom
100
AcDbLine
 10
7954.21
 20
-9524.5
 30
0.0
 11
7997.51
 21
-9549.5
 31
0.0
  0
LINE
  5
9CB
330
17
100
AcDbEntity
  8
kolom
100
AcDbLine
 10
7997.51
 20
-9549.5
 30
0.0
 11
7910.91
 21
-9599.5
 31
0.0
  0
LINE
  5
9CC
330
17
100
AcDbEntity
  8
kolom
100
AcDbLine
 10
7910.91
 20
-9599.5
 30
0.0
 11
7867.61
 21
-9574.5
 31
0.0
  0
LINE
  5
9CD
330
17
100
AcDbEntity
  8
kolom
100
AcDbLine
 10
7867.61
 20
-9574.5
 30
0.0
 11
7954.21
 21
-9524.5
 31
0.0
  0
LINE
  5
9CE
330
17
100
AcDbEntity
  8
kolom
100
AcDbLine
 10
7954.21
 20
-7042.51
 30
0.0
 11
7997.51
 21
-7067.51
 31
0.0
  0
LINE
  5
9CF
330
17
100
AcDbEntity
  8
kolom
100
AcDbLine
 10
7997.51
 20
-7067.51
 30
0.0
 11
7910.91
 21
-7117.51
 31
0.0
  0
LINE
  5
9D0
330
17
100
AcDbEntity
  8
kolom
100
AcDbLine
 10
7910.91
 20
-7117.51
 30
0.0
 11
7867.61
 21
-7092.51
 31
0.0
  0
LINE
  5
9D1
330
17
100
AcDbEntity
  8
kolom
100
AcDbLine
 10
7867.61
 20
-7092.51
 30
0.0
 11
7954.21
 21
-7042.51
 31
0.0
  0
LINE
  5
9D2
330
17
100
AcDbEntity
  8
kolom
100
AcDbLine
 10
7954.21
 20
-9524.5
 30
0.0
 11
7954.21
 21
-7042.51
 31
0.0
  0
LINE
  5
9D3
330
17
100
AcDbEntity
  8
kolom
100
AcDbLine
 10
7997.51
 20
-9549.5
 30
0.0
 11
7997.51
 21
-7067.51
 31
0.0
  0
LINE
  5
9D4
330
17
100
AcDbEntity
  8
kolom
100
AcDbLine
 10
7910.91
 20
-9599.5
 30
0.0
 11
7910.91
 21
-7117.51
 31
0.0
  0
LINE
  5
9D5
330
17
100
AcDbEntity
  8
kolom
100
AcDbLine
 10
7867.61
 20
-9574.5
 30
0.0
 11
7867.61
 21
-7092.51
 31
0.0
  0
LINE
  5
9D6
330
17
100
AcDbEntity
  8
kolom
100
AcDbLine
 10
13817.03866
 20
-7909.505
 30
0.0
 11
13860.33866
 21
-7934.505
 31
0.0
  0
LINE
  5
9D7
330
17
100
AcDbEntity
  8
kolom
100
AcDbLine
 10
13860.33866
 20
-7934.505
 30
0.0
 11
13773.73866
 21
-7984.505
 31
0.0
  0
LINE
  5
9D8
330
17
100
AcDbEntity
  8
kolom
100
AcDbLine
 10
13773.73866
 20
-7984.505
 30
0.0
 11
13730.43866
 21
-7959.505
 31
0.0
  0
LINE
  5
9D9
330
17
100
AcDbEntity
  8
kolom
100
AcDbLine
 10
13730.43866
 20
-7959.505
 30
0.0
 11
13817.03866
 21
-7909.505
 31
0.0
  0
LINE
  5
9DA
330
17
100
AcDbEntity
  8
kolom
100
AcDbLine
 10
13817.03866
 20
-7427.495
 30
0.0
 11
13860.33866
 21
-7452.495
 31
0.0
  0
LINE
  5
9DB
330
17
100
AcDbEntity
  8
kolom
100
AcDbLine
 10
13860.33866
 20
-7452.495
 30
0.0
 11
13773.73866
 21
-7502.495
 31
0.0
  0
LINE
  5
9DC
330
17
100
AcDbEntity
  8
kolom
100
AcDbLine
 10
13773.73866
 20
-7502.495
 30
0.0
 11
13730.43866
 21
-7477.495
 31
0.0
  0
LINE
  5
9DD
330
17
100
AcDbEntity
  8
kolom
100
AcDbLine
 10
13730.43866
 20
-7477.495
 30
0.0
 11
13817.03866
 21
-7427.495
 31
0.0
  0
LINE
  5
9DE
330
17
100
AcDbEntity
  8
kolom
100
AcDbLine
 10
13817.03866
 20
-7909.505
 30
0.0
 11
13817.03866
 21
-7427.495
 31
0.0
  0
LINE
  5
9DF
330
17
100
AcDbEntity
  8
kolom
100
AcDbLine
 10
13860.33866
 20
-7934.505
 30
0.0
 11
13860.33866
 21
-7452.495
 31
0.0
  0
LINE
  5
9E0
330
17
100
AcDbEntity
  8
kolom
100
AcDbLine
 10
13773.73866
 20
-7984.505
 30
0.0
 11
13773.73866
 21
-7502.495
 31
0.0
  0
LINE
  5
9E1
330
17
100
AcDbEntity
  8
kolom
100
AcDbLine
 10
13730.43866
 20
-7959.505
 30
0.0
 11
13730.43866
 21
-7477.495
 31
0.0
  0
LINE
  5
9E2
330
17
100
AcDbEntity
  8
kolom
100
AcDbLine
 10
12951.04732
 20
-8409.5
 30
0.0
 11
12994.34732
 21
-8434.5
 31
0.0
  0
LINE
  5
9E3
330
17
100
AcDbEntity
  8
kolom
100
AcDbLine
 10
12994.34732
 20
-8434.5
 30
0.0
 11
12907.74732
 21
-8484.5
 31
0.0
  0
LINE
  5
9E4
330
17
100
AcDbEntity
  8
kolom
100
AcDbLine
 10
12907.74732
 20
-8484.5
 30
0.0
 11
12864.447320000001
 21
-8459.5
 31
0.0
  0
LINE
  5
9E5
330
17
100
AcDbEntity
  8
kolom
100
AcDbLine
 10
12864.447320000001
 20
-8459.5
 30
0.0
 11
12951.04732
 21
-8409.5
 31
0.0
  0
LINE
  5
9E6
330
17
100
AcDbEntity
  8
kolom
100
AcDbLine
 10
12951.04732
 20
-7427.49
 30
0.0
 11
12994.34732
 21
-7452.49
 31
0.0
  0
LINE
  5
9E7
330
17
100
AcDbEntity
  8
kolom
100
AcDbLine
 10
12994.34732
 20
-7452.49
 30
0.0
 11
12907.74732
 21
-7502.49
 31
0.0
  0
LINE
  5
9E8
330
17
100
AcDbEntity
  8
kolom
100
AcDbLine
 10
12907.74732
 20
-7502.49
 30
0.0
 11
12864.447320000001
 21
-7477.49
 31
0.0
  0
LINE
  5
9E9
330
17
100
AcDbEntity
  8
kolom
100
AcDbLine
 10
12864.447320000001
 20
-7477.49
 30
0.0
 11
12951.04732
 21
-7427.49
 31
0.0
  0
LINE
  5
9EA
330
17
100
AcDbEntity
  8
kolom
100
AcDbLine
 10
12951.04732
 20
-8409.5
 30
0.0
 11
12951.04732
 21
-7427.49
 31
0.0
  0
LINE
  5
9EB
330
17
100
AcDbEntity
  8
kolom
100
AcDbLine
 10
12994.34732
 20
-8434.5
 30
0.0
 11
12994.34732
 21
-7452.49
 31
0.0
  0
LINE
  5
9EC
330
17
100
AcDbEntity
  8
kolom
100
AcDbLine
 10
12907.74732
 20
-8484.5
 30
0.0
 11
12907.74732
 21
-7502.49
 31
0.0
  0
LINE
  5
9ED
330
17
100
AcDbEntity
  8
kolom
100
AcDbLine
 10
12864.447320000001
 20
-8459.5
 30
0.0
 11
12864.447320000001
 21
-7477.49
 31
0.0
  0
LINE
  5
9EE
330
17
100
AcDbEntity
  8
kolom
100
AcDbLine
 10
12085.03
 20
-8909.51
 30
0.0
 11
12128.33
 21
-8934.51
 31
0.0
  0
LINE
  5
9EF
330
17
100
AcDbEntity
  8
kolom
100
AcDbLine
 10
12128.33
 20
-8934.51
 30
0.0
 11
12041.73
 21
-8984.51
 31
0.0
  0
LINE
  5
9F0
330
17
100
AcDbEntity
  8
kolom
100
AcDbLine
 10
12041.73
 20
-8984.51
 30
0.0
 11
11998.43
 21
-8959.51
 31
0.0
  0
LINE
  5
9F1
330
17
100
AcDbEntity
  8
kolom
100
AcDbLine
 10
11998.43
 20
-8959.51
 30
0.0
 11
12085.03
 21
-8909.51
 31
0.0
  0
LINE
  5
9F2
330
17
100
AcDbEntity
  8
kolom
100
AcDbLine
 10
12085.03
 20
-7427.51
 30
0.0
 11
12128.33
 21
-7452.51
 31
0.0
  0
LINE
  5
9F3
330
17
100
AcDbEntity
  8
kolom
100
AcDbLine
 10
12128.33
 20
-7452.51
 30
0.0
 11
12041.73
 21
-7502.51
 31
0.0
  0
LINE
  5
9F4
330
17
100
AcDbEntity
  8
kolom
100
AcDbLine
 10
12041.73
 20
-7502.51
 30
0.0
 11
11998.43
 21
-7477.51
 31
0.0
  0
LINE
  5
9F5
330
17
100
AcDbEntity
  8
kolom
100
AcDbLine
 10
11998.43
 20
-7477.51
 30
0.0
 11
12085.03
 21
-7427.51
 31
0.0
  0
LINE
  5
9F6
330
17
100
AcDbEntity
  8
kolom
100
AcDbLine
 10
12085.03
 20
-8909.51
 30
0.0
 11
12085.03
 21
-7427.51
 31
0.0
  0
LINE
  5
9F7
330
17
100
AcDbEntity
  8
kolom
100
AcDbLine
 10
12128.33
 20
-8934.51
 30
0.0
 11
12128.33
 21
-7452.51
 31
0.0
  0
LINE
  5
9F8
330
17
100
AcDbEntity
  8
kolom
100
AcDbLine
 10
12041.73
 20
-8984.51
 30
0.0
 11
12041.73
 21
-7502.51
 31
0.0
  0
LINE
  5
9F9
330
17
100
AcDbEntity
  8
kolom
100
AcDbLine
 10
11998.43
 20
-8959.51
 30
0.0
 11
11998.43
 21
-7477.51
 31
0.0
  0
LINE
  5
9FA
330
17
100
AcDbEntity
  8
kolom
100
AcDbLine
 10
11219.03866
 20
-9409.505000000001
 30
0.0
 11
11262.33866
 21
-9434.505000000001
 31
0.0
  0
LINE
  5
9FB
330
17
100
AcDbEntity
  8
kolom
100
AcDbLine
 10
11262.33866
 20
-9434.505000000001
 30
0.0
 11
11175.73866
 21
-9484.505000000001
 31
0.0
  0
LINE
  5
9FC
330
17
100
AcDbEntity
  8
kolom
100
AcDbLine
 10
11175.73866
 20
-9484.505000000001
 30
0.0
 11
11132.43866
 21
-9459.505000000001
 31
0.0
  0
LINE
  5
9FD
330
17
100
AcDbEntity
  8
kolom
100
AcDbLine
 10
11132.43866
 20
-9459.505000000001
 30
0.0
 11
11219.03866
 21
-9409.505000000001
 31
0.0
  0
LINE
  5
9FE
330
17
100
AcDbEntity
  8
kolom
100
AcDbLine
 10
11219.03866
 20
-7427.515000000001
 30
0.0
 11
11262.33866
 21
-7452.515000000001
 31
0.0
  0
LINE
  5
9FF
330
17
100
AcDbEntity
  8
kolom
100
AcDbLine
 10
11262.33866
 20
-7452.515000000001
 30
0.0
 11
11175.73866
 21
-7502.515000000001
 31
0.0
  0
LINE
  5
A00
330
17
100
AcDbEntity
  8
kolom
100
AcDbLine
 10
11175.73866
 20
-7502.515000000001
 30
0.0
 11
11132.43866
 21
-7477.515000000001
 31
0.0
  0
LINE
  5
A01
330
17
100
AcDbEntity
  8
kolom
100
AcDbLine
 10
11132.43866
 20
-7477.515000000001
 30
0.0
 11
11219.03866
 21
-7427.515000000001
 31
0.0
  0
LINE
  5
A02
330
17
100
AcDbEntity
  8
kolom
100
AcDbLine
 10
11219.03866
 20
-9409.505000000001
 30
0.0
 11
11219.03866
 21
-7427.515000000001
 31
0.0
  0
LINE
  5
A03
330
17
100
AcDbEntity
  8
kolom
100
AcDbLine
 10
11262.33866
 20
-9434.505000000001
 30
0.0
 11
11262.33866
 21
-7452.515000000001
 31
0.0
  0
LINE
  5
A04
330
17
100
AcDbEntity
  8
kolom
100
AcDbLine
 10
11175.73866
 20
-9484.505000000001
 30
0.0
 11
11175.73866
 21
-7502.515000000001
 31
0.0
  0
LINE
  5
A05
330
17
100
AcDbEntity
  8
kolom
100
AcDbLine
 10
11132.43866
 20
-9459.505000000001
 30
0.0
 11
11132.43866
 21
-7477.515000000001
 31
0.0
  0
LINE
  5
A06
330
17
100
AcDbEntity
  8
kolom
100
AcDbLine
 10
10353.03
 20
-9909.51
 30
0.0
 11
10396.33
 21
-9934.51
 31
0.0
  0
LINE
  5
A07
330
17
100
AcDbEntity
  8
kolom
100
AcDbLine
 10
10396.33
 20
-9934.51
 30
0.0
 11
10309.73
 21
-9984.51
 31
0.0
  0
LINE
  5
A08
330
17
100
AcDbEntity
  8
kolom
100
AcDbLine
 10
10309.73
 20
-9984.51
 30
0.0
 11
10266.43
 21
-9959.51
 31
0.0
  0
LINE
  5
A09
330
17
100
AcDbEntity
  8
kolom
100
AcDbLine
 10
10266.43
 20
-9959.51
 30
0.0
 11
10353.03
 21
-9909.51
 31
0.0
  0
LINE
  5
A0A
330
17
100
AcDbEntity
  8
kolom
100
AcDbLine
 10
10353.03
 20
-7427.52
 30
0.0
 11
10396.33
 21
-7452.52
 31
0.0
  0
LINE
  5
A0B
330
17
100
AcDbEntity
  8
kolom
100
AcDbLine
 10
10396.33
 20
-7452.52
 30
0.0
 11
10309.73
 21
-7502.52
 31
0.0
  0
LINE
  5
A0C
330
17
100
AcDbEntity
  8
kolom
100
AcDbLine
 10
10309.73
 20
-7502.52
 30
0.0
 11
10266.43
 21
-7477.52
 31
0.0
  0
LINE
  5
A0D
330
17
100
AcDbEntity
  8
kolom
100
AcDbLine
 10
10266.43
 20
-7477.52
 30
0.0
 11
10353.03
 21
-7427.52
 31
0.0
  0
LINE
  5
A0E
330
17
100
AcDbEntity
  8
kolom
100
AcDbLine
 10
10353.03
 20
-9909.51
 30
0.0
 11
10353.03
 21
-7427.52
 31
0.0
  0
LINE
  5
A0F
330
17
100
AcDbEntity
  8
kolom
100
AcDbLine
 10
10396.33
 20
-9934.51
 30
0.0
 11
10396.33
 21
-7452.52
 31
0.0
  0
LINE
  5
A10
330
17
100
AcDbEntity
  8
kolom
100
AcDbLine
 10
10309.73
 20
-9984.51
 30
0.0
 11
10309.73
 21
-7502.52
 31
0.0
  0
LINE
  5
A11
330
17
100
AcDbEntity
  8
kolom
100
AcDbLine
 10
10266.43
 20
-9959.51
 30
0.0
 11
10266.43
 21
-7477.52
 31
0.0
  0
LINE
  5
A12
330
17
100
AcDbEntity
  8
kolom
100
AcDbLine
 10
9487.03866
 20
-10409.505000000001
 30
0.0
 11
9530.33866
 21
-10434.505000000001
 31
0.0
  0
LINE
  5
A13
330
17
100
AcDbEntity
  8
kolom
100
AcDbLine
 10
9530.33866
 20
-10434.505000000001
 30
0.0
 11
9443.73866
 21
-10484.505000000001
 31
0.0
  0
LINE
  5
A14
330
17
100
AcDbEntity
  8
kolom
100
AcDbLine
 10
9443.73866
 20
-10484.505000000001
 30
0.0
 11
9400.43866
 21
-10459.505000000001
 31
0.0
  0
LINE
  5
A15
330
17
100
AcDbEntity
  8
kolom
100
AcDbLine
 10
9400.43866
 20
-10459.505000000001
 30
0.0
 11
9487.03866
 21
-10409.505000000001
 31
0.0
  0
LINE
  5
A16
330
17
100
AcDbEntity
  8
kolom
100
AcDbLine
 10
9487.03866
 20
-7927.515000000001
 30
0.0
 11
9530.33866
 21
-7952.515000000001
 31
0.0
  0
LINE
  5
A17
330
17
100
AcDbEntity
  8
kolom
100
AcDbLine
 10
9530.33866
 20
-7952.515000000001
 30
0.0
 11
9443.73866
 21
-8002.515000000001
 31
0.0
  0
LINE
  5
A18
330
17
100
AcDbEntity
  8
kolom
100
AcDbLine
 10
9443.73866
 20
-8002.515000000001
 30
0.0
 11
9400.43866
 21
-7977.515000000001
 31
0.0
  0
LINE
  5
A19
330
17
100
AcDbEntity
  8
kolom
100
AcDbLine
 10
9400.43866
 20
-7977.515000000001
 30
0.0
 11
9487.03866
 21
-7927.515000000001
 31
0.0
  0
LINE
  5
A1A
330
17
100
AcDbEntity
  8
kolom
100
AcDbLine
 10
9487.03866
 20
-10409.505000000001
 30
0.0
 11
9487.03866
 21
-7927.515000000001
 31
0.0
  0
LINE
  5
A1B
330
17
100
AcDbEntity
  8
kolom
100
AcDbLine
 10
9530.33866
 20
-10434.505000000001
 30
0.0
 11
9530.33866
 21
-7952.515000000001
 31
0.0
  0
LINE
  5
A1C
330
17
100
AcDbEntity
  8
kolom
100
AcDbLine
 10
9443.73866
 20
-10484.505000000001
 30
0.0
 11
9443.73866
 21
-8002.515000000001
 31
0.0
  0
LINE
  5
A1D
330
17
100
AcDbEntity
  8
kolom
100
AcDbLine
 10
9400.43866
 20
-10459.505000000001
 30
0.0
 11
9400.43866
 21
-7977.515000000001
 31
0.0
  0
LINE
  5
A1E
330
17
100
AcDbEntity
  8
kolom
100
AcDbLine
 10
15349.858659999998
 20
-8794.505
 30
0.0
 11
15393.15866
 21
-8819.505
 31
0.0
  0
LINE
  5
A1F
330
17
100
AcDbEntity
  8
kolom
100
AcDbLine
 10
15393.15866
 20
-8819.505
 30
0.0
 11
15306.558659999999
 21
-8869.505
 31
0.0
  0
LINE
  5
A20
330
17
100
AcDbEntity
  8
kolom
100
AcDbLine
 10
15306.558659999999
 20
-8869.505
 30
0.0
 11
15263.258659999998
 21
-8844.505
 31
0.0
  0
LINE
  5
A21
330
17
100
AcDbEntity
  8
kolom
100
AcDbLine
 10
15263.258659999998
 20
-8844.505
 30
0.0
 11
15349.858659999998
 21
-8794.505
 31
0.0
  0
LINE
  5
A22
330
17
100
AcDbEntity
  8
kolom
100
AcDbLine
 10
15349.858659999998
 20
-8312.494999999999
 30
0.0
 11
15393.15866
 21
-8337.494999999999
 31
0.0
  0
LINE
  5
A23
330
17
100
AcDbEntity
  8
kolom
100
AcDbLine
 10
15393.15866
 20
-8337.494999999999
 30
0.0
 11
15306.558659999999
 21
-8387.494999999999
 31
0.0
  0
LINE
  5
A24
330
17
100
AcDbEntity
  8
kolom
100
AcDbLine
 10
15306.558659999999
 20
-8387.494999999999
 30
0.0
 11
15263.258659999998
 21
-8362.494999999999
 31
0.0
  0
LINE
  5
A25
330
17
100
AcDbEntity
  8
kolom
100
AcDbLine
 10
15263.258659999998
 20
-8362.494999999999
 30
0.0
 11
15349.858659999998
 21
-8312.494999999999
 31
0.0
  0
LINE
  5
A26
330
17
100
AcDbEntity
  8
kolom
100
AcDbLine
 10
15349.858659999998
 20
-8794.505
 30
0.0
 11
15349.858659999998
 21
-8312.494999999999
 31
0.0
  0
LINE
  5
A27
330
17
100
AcDbEntity
  8
kolom
100
AcDbLine
 10
15393.15866
 20
-8819.505
 30
0.0
 11
15393.15866
 21
-8337.494999999999
 31
0.0
  0
LINE
  5
A28
330
17
100
AcDbEntity
  8
kolom
100
AcDbLine
 10
15306.558659999999
 20
-8869.505
 30
0.0
 11
15306.558659999999
 21
-8387.494999999999
 31
0.0
  0
LINE
  5
A29
330
17
100
AcDbEntity
  8
kolom
100
AcDbLine
 10
15263.258659999998
 20
-8844.505
 30
0.0
 11
15263.258659999998
 21
-8362.494999999999
 31
0.0
  0
LINE
  5
A2A
330
17
100
AcDbEntity
  8
kolom
100
AcDbLine
 10
14483.867319999998
 20
-9294.5
 30
0.0
 11
14527.167319999997
 21
-9319.5
 31
0.0
  0
LINE
  5
A2B
330
17
100
AcDbEntity
  8
kolom
100
AcDbLine
 10
14527.167319999997
 20
-9319.5
 30
0.0
 11
14440.567319999996
 21
-9369.5
 31
0.0
  0
LINE
  5
A2C
330
17
100
AcDbEntity
  8
kolom
100
AcDbLine
 10
14440.567319999996
 20
-9369.5
 30
0.0
 11
14397.267319999997
 21
-9344.5
 31
0.0
  0
LINE
  5
A2D
330
17
100
AcDbEntity
  8
kolom
100
AcDbLine
 10
14397.267319999997
 20
-9344.5
 30
0.0
 11
14483.867319999998
 21
-9294.5
 31
0.0
  0
LINE
  5
A2E
330
17
100
AcDbEntity
  8
kolom
100
AcDbLine
 10
14483.867319999998
 20
-8312.49
 30
0.0
 11
14527.167319999997
 21
-8337.49
 31
0.0
  0
LINE
  5
A2F
330
17
100
AcDbEntity
  8
kolom
100
AcDbLine
 10
14527.167319999997
 20
-8337.49
 30
0.0
 11
14440.567319999996
 21
-8387.49
 31
0.0
  0
LINE
  5
A30
330
17
100
AcDbEntity
  8
kolom
100
AcDbLine
 10
14440.567319999996
 20
-8387.49
 30
0.0
 11
14397.267319999997
 21
-8362.49
 31
0.0
  0
LINE
  5
A31
330
17
100
AcDbEntity
  8
kolom
100
AcDbLine
 10
14397.267319999997
 20
-8362.49
 30
0.0
 11
14483.867319999998
 21
-8312.49
 31
0.0
  0
LINE
  5
A32
330
17
100
AcDbEntity
  8
kolom
100
AcDbLine
 10
14483.867319999998
 20
-9294.5
 30
0.0
 11
14483.867319999998
 21
-8312.49
 31
0.0
  0
LINE
  5
A33
330
17
100
AcDbEntity
  8
kolom
100
AcDbLine
 10
14527.167319999997
 20
-9319.5
 30
0.0
 11
14527.167319999997
 21
-8337.49
 31
0.0
  0
LINE
  5
A34
330
17
100
AcDbEntity
  8
kolom
100
AcDbLine
 10
14440.567319999996
 20
-9369.5
 30
0.0
 11
14440.567319999996
 21
-8387.49
 31
0.0
  0
LINE
  5
A35
330
17
100
AcDbEntity
  8
kolom
100
AcDbLine
 10
14397.267319999997
 20
-9344.5
 30
0.0
 11
14397.267319999997
 21
-8362.49
 31
0.0
  0
LINE
  5
A36
330
17
100
AcDbEntity
  8
kolom
100
AcDbLine
 10
13617.849999999999
 20
-9794.509999999998
 30
0.0
 11
13661.149999999998
 21
-9819.509999999998
 31
0.0
  0
LINE
  5
A37
330
17
100
AcDbEntity
  8
kolom
100
AcDbLine
 10
13661.149999999998
 20
-9819.509999999998
 30
0.0
 11
13574.549999999997
 21
-9869.509999999998
 31
0.0
  0
LINE
  5
A38
330
17
100
AcDbEntity
  8
kolom
100
AcDbLine
 10
13574.549999999997
 20
-9869.509999999998
 30
0.0
 11
13531.249999999998
 21
-9844.509999999998
 31
0.0
  0
LINE
  5
A39
330
17
100
AcDbEntity
  8
kolom
100
AcDbLine
 10
13531.249999999998
 20
-9844.509999999998
 30
0.0
 11
13617.849999999999
 21
-9794.509999999998
 31
0.0
  0
LINE
  5
A3A
330
17
100
AcDbEntity
  8
kolom
100
AcDbLine
 10
13617.849999999999
 20
-8312.509999999998
 30
0.0
 11
13661.149999999998
 21
-8337.509999999998
 31
0.0
  0
LINE
  5
A3B
330
17
100
AcDbEntity
  8
kolom
100
AcDbLine
 10
13661.149999999998
 20
-8337.509999999998
 30
0.0
 11
13574.549999999997
 21
-8387.509999999998
 31
0.0
  0
LINE
  5
A3C
330
17
100
AcDbEntity
  8
kolom
100
AcDbLine
 10
13574.549999999997
 20
-8387.509999999998
 30
0.0
 11
13531.249999999998
 21
-8362.509999999998
 31
0.0
  0
LINE
  5
A3D
330
17
100
AcDbEntity
  8
kolom
100
AcDbLine
 10
13531.249999999998
 20
-8362.509999999998
 30
0.0
 11
13617.849999999999
 21
-8312.509999999998
 31
0.0
  0
LINE
  5
A3E
330
17
100
AcDbEntity
  8
kolom
100
AcDbLine
 10
13617.849999999999
 20
-9794.509999999998
 30
0.0
 11
13617.849999999999
 21
-8312.509999999998
 31
0.0
  0
LINE
  5
A3F
330
17
100
AcDbEntity
  8
kolom
100
AcDbLine
 10
13661.149999999998
 20
-9819.509999999998
 30
0.0
 11
13661.149999999998
 21
-8337.509999999998
 31
0.0
  0
LINE
  5
A40
330
17
100
AcDbEntity
  8
kolom
100
AcDbLine
 10
13574.549999999997
 20
-9869.509999999998
 30
0.0
 11
13574.549999999997
 21
-8387.509999999998
 31
0.0
  0
LINE
  5
A41
330
17
100
AcDbEntity
  8
kolom
100
AcDbLine
 10
13531.249999999998
 20
-9844.509999999998
 30
0.0
 11
13531.249999999998
 21
-8362.509999999998
 31
0.0
  0
LINE
  5
A42
330
17
100
AcDbEntity
  8
kolom
100
AcDbLine
 10
12448.81062
 20
-10119.535
 30
0.0
 11
12492.11062
 21
-10144.535
 31
0.0
  0
LINE
  5
A43
330
17
100
AcDbEntity
  8
kolom
100
AcDbLine
 10
12492.11062
 20
-10144.535
 30
0.0
 11
12405.51062
 21
-10194.535
 31
0.0
  0
LINE
  5
A44
330
17
100
AcDbEntity
  8
kolom
100
AcDbLine
 10
12405.51062
 20
-10194.535
 30
0.0
 11
12362.21062
 21
-10169.535
 31
0.0
  0
LINE
  5
A45
330
17
100
AcDbEntity
  8
kolom
100
AcDbLine
 10
12362.21062
 20
-10169.535
 30
0.0
 11
12448.81062
 21
-10119.535
 31
0.0
  0
LINE
  5
A46
330
17
100
AcDbEntity
  8
kolom
100
AcDbLine
 10
12448.81062
 20
-8137.545
 30
0.0
 11
12492.11062
 21
-8162.545
 31
0.0
  0
LINE
  5
A47
330
17
100
AcDbEntity
  8
kolom
100
AcDbLine
 10
12492.11062
 20
-8162.545
 30
0.0
 11
12405.51062
 21
-8212.545
 31
0.0
  0
LINE
  5
A48
330
17
100
AcDbEntity
  8
kolom
100
AcDbLine
 10
12405.51062
 20
-8212.545
 30
0.0
 11
12362.21062
 21
-8187.545
 31
0.0
  0
LINE
  5
A49
330
17
100
AcDbEntity
  8
kolom
100
AcDbLine
 10
12362.21062
 20
-8187.545
 30
0.0
 11
12448.81062
 21
-8137.545
 31
0.0
  0
LINE
  5
A4A
330
17
100
AcDbEntity
  8
kolom
100
AcDbLine
 10
12448.81062
 20
-10119.535
 30
0.0
 11
12448.81062
 21
-8137.545
 31
0.0
  0
LINE
  5
A4B
330
17
100
AcDbEntity
  8
kolom
100
AcDbLine
 10
12492.11062
 20
-10144.535
 30
0.0
 11
12492.11062
 21
-8162.545
 31
0.0
  0
LINE
  5
A4C
330
17
100
AcDbEntity
  8
kolom
100
AcDbLine
 10
12405.51062
 20
-10194.535
 30
0.0
 11
12405.51062
 21
-8212.545
 31
0.0
  0
LINE
  5
A4D
330
17
100
AcDbEntity
  8
kolom
100
AcDbLine
 10
12362.21062
 20
-10169.535
 30
0.0
 11
12362.21062
 21
-8187.545
 31
0.0
  0
LINE
  5
A4E
330
17
100
AcDbEntity
  8
kolom
100
AcDbLine
 10
11885.849999999999
 20
-10794.509999999998
 30
0.0
 11
11929.149999999998
 21
-10819.509999999998
 31
0.0
  0
LINE
  5
A4F
330
17
100
AcDbEntity
  8
kolom
100
AcDbLine
 10
11929.149999999998
 20
-10819.509999999998
 30
0.0
 11
11842.549999999997
 21
-10869.509999999998
 31
0.0
  0
LINE
  5
A50
330
17
100
AcDbEntity
  8
kolom
100
AcDbLine
 10
11842.549999999997
 20
-10869.509999999998
 30
0.0
 11
11799.249999999998
 21
-10844.509999999998
 31
0.0
  0
LINE
  5
A51
330
17
100
AcDbEntity
  8
kolom
100
AcDbLine
 10
11799.249999999998
 20
-10844.509999999998
 30
0.0
 11
11885.849999999999
 21
-10794.509999999998
 31
0.0
  0
LINE
  5
A52
330
17
100
AcDbEntity
  8
kolom
100
AcDbLine
 10
11885.849999999999
 20
-8312.519999999999
 30
0.0
 11
11929.149999999998
 21
-8337.519999999999
 31
0.0
  0
LINE
  5
A53
330
17
100
AcDbEntity
  8
kolom
100
AcDbLine
 10
11929.149999999998
 20
-8337.519999999999
 30
0.0
 11
11842.549999999997
 21
-8387.519999999999
 31
0.0
  0
LINE
  5
A54
330
17
100
AcDbEntity
  8
kolom
100
AcDbLine
 10
11842.549999999997
 20
-8387.519999999999
 30
0.0
 11
11799.249999999998
 21
-8362.519999999999
 31
0.0
  0
LINE
  5
A55
330
17
100
AcDbEntity
  8
kolom
100
AcDbLine
 10
11799.249999999998
 20
-8362.519999999999
 30
0.0
 11
11885.849999999999
 21
-8312.519999999999
 31
0.0
  0
LINE
  5
A56
330
17
100
AcDbEntity
  8
kolom
100
AcDbLine
 10
11885.849999999999
 20
-10794.509999999998
 30
0.0
 11
11885.849999999999
 21
-8312.519999999999
 31
0.0
  0
LINE
  5
A57
330
17
100
AcDbEntity
  8
kolom
100
AcDbLine
 10
11929.149999999998
 20
-10819.509999999998
 30
0.0
 11
11929.149999999998
 21
-8337.519999999999
 31
0.0
  0
LINE
  5
A58
330
17
100
AcDbEntity
  8
kolom
100
AcDbLine
 10
11842.549999999997
 20
-10869.509999999998
 30
0.0
 11
11842.549999999997
 21
-8387.519999999999
 31
0.0
  0
LINE
  5
A59
330
17
100
AcDbEntity
  8
kolom
100
AcDbLine
 10
11799.249999999998
 20
-10844.509999999998
 30
0.0
 11
11799.249999999998
 21
-8362.519999999999
 31
0.0
  0
LINE
  5
A5A
330
17
100
AcDbEntity
  8
kolom
100
AcDbLine
 10
11019.858659999998
 20
-11294.505
 30
0.0
 11
11063.15866
 21
-11319.505
 31
0.0
  0
LINE
  5
A5B
330
17
100
AcDbEntity
  8
kolom
100
AcDbLine
 10
11063.15866
 20
-11319.505
 30
0.0
 11
10976.558659999999
 21
-11369.505
 31
0.0
  0
LINE
  5
A5C
330
17
100
AcDbEntity
  8
kolom
100
AcDbLine
 10
10976.558659999999
 20
-11369.505
 30
0.0
 11
10933.258659999998
 21
-11344.505
 31
0.0
  0
LINE
  5
A5D
330
17
100
AcDbEntity
  8
kolom
100
AcDbLine
 10
10933.258659999998
 20
-11344.505
 30
0.0
 11
11019.858659999998
 21
-11294.505
 31
0.0
  0
LINE
  5
A5E
330
17
100
AcDbEntity
  8
kolom
100
AcDbLine
 10
11019.858659999998
 20
-8812.515
 30
0.0
 11
11063.15866
 21
-8837.515
 31
0.0
  0
LINE
  5
A5F
330
17
100
AcDbEntity
  8
kolom
100
AcDbLine
 10
11063.15866
 20
-8837.515
 30
0.0
 11
10976.558659999999
 21
-8887.515
 31
0.0
  0
LINE
  5
A60
330
17
100
AcDbEntity
  8
kolom
100
AcDbLine
 10
10976.558659999999
 20
-8887.515
 30
0.0
 11
10933.258659999998
 21
-8862.515
 31
0.0
  0
LINE
  5
A61
330
17
100
AcDbEntity
  8
kolom
100
AcDbLine
 10
10933.258659999998
 20
-8862.515
 30
0.0
 11
11019.858659999998
 21
-8812.515
 31
0.0
  0
LINE
  5
A62
330
17
100
AcDbEntity
  8
kolom
100
AcDbLine
 10
11019.858659999998
 20
-11294.505
 30
0.0
 11
11019.858659999998
 21
-8812.515
 31
0.0
  0
LINE
  5
A63
330
17
100
AcDbEntity
  8
kolom
100
AcDbLine
 10
11063.15866
 20
-11319.505
 30
0.0
 11
11063.15866
 21
-8837.515
 31
0.0
  0
LINE
  5
A64
330
17
100
AcDbEntity
  8
kolom
100
AcDbLine
 10
10976.558659999999
 20
-11369.505
 30
0.0
 11
10976.558659999999
 21
-8887.515
 31
0.0
  0
LINE
  5
A65
330
17
100
AcDbEntity
  8
kolom
100
AcDbLine
 10
10933.258659999998
 20
-11344.505
 30
0.0
 11
10933.258659999998
 21
-8862.515
 31
0.0
  0
LINE
  5
A66
330
17
100
AcDbEntity
  8
kolom
100
AcDbLine
 10
5971.07866
 20
-3379.505
 30
0.0
 11
6014.37866
 21
-3404.505
 31
0.0
  0
LINE
  5
A67
330
17
100
AcDbEntity
  8
kolom
100
AcDbLine
 10
6014.37866
 20
-3404.505
 30
0.0
 11
5927.77866
 21
-3454.505
 31
0.0
  0
LINE
  5
A68
330
17
100
AcDbEntity
  8
kolom
100
AcDbLine
 10
5927.77866
 20
-3454.505
 30
0.0
 11
5884.47866
 21
-3429.505
 31
0.0
  0
LINE
  5
A69
330
17
100
AcDbEntity
  8
kolom
100
AcDbLine
 10
5884.47866
 20
-3429.505
 30
0.0
 11
5971.07866
 21
-3379.505
 31
0.0
  0
LINE
  5
A6A
330
17
100
AcDbEntity
  8
kolom
100
AcDbLine
 10
5971.07866
 20
-2897.495
 30
0.0
 11
6014.37866
 21
-2922.495
 31
0.0
  0
LINE
  5
A6B
330
17
100
AcDbEntity
  8
kolom
100
AcDbLine
 10
6014.37866
 20
-2922.495
 30
0.0
 11
5927.77866
 21
-2972.495
 31
0.0
  0
LINE
  5
A6C
330
17
100
AcDbEntity
  8
kolom
100
AcDbLine
 10
5927.77866
 20
-2972.495
 30
0.0
 11
5884.47866
 21
-2947.495
 31
0.0
  0
LINE
  5
A6D
330
17
100
AcDbEntity
  8
kolom
100
AcDbLine
 10
5884.47866
 20
-2947.495
 30
0.0
 11
5971.07866
 21
-2897.495
 31
0.0
  0
LINE
  5
A6E
330
17
100
AcDbEntity
  8
kolom
100
AcDbLine
 10
5971.07866
 20
-3379.505
 30
0.0
 11
5971.07866
 21
-2897.495
 31
0.0
  0
LINE
  5
A6F
330
17
100
AcDbEntity
  8
kolom
100
AcDbLine
 10
6014.37866
 20
-3404.505
 30
0.0
 11
6014.37866
 21
-2922.495
 31
0.0
  0
LINE
  5
A70
330
17
100
AcDbEntity
  8
kolom
100
AcDbLine
 10
5927.77866
 20
-3454.505
 30
0.0
 11
5927.77866
 21
-2972.495
 31
0.0
  0
LINE
  5
A71
330
17
100
AcDbEntity
  8
kolom
100
AcDbLine
 10
5884.47866
 20
-3429.505
 30
0.0
 11
5884.47866
 21
-2947.495
 31
0.0
  0
LINE
  5
A72
330
17
100
AcDbEntity
  8
kolom
100
AcDbLine
 10
5105.087320000001
 20
-3879.5
 30
0.0
 11
5148.387320000001
 21
-3904.5
 31
0.0
  0
LINE
  5
A73
330
17
100
AcDbEntity
  8
kolom
100
AcDbLine
 10
5148.387320000001
 20
-3904.5
 30
0.0
 11
5061.78732
 21
-3954.5
 31
0.0
  0
LINE
  5
A74
330
17
100
AcDbEntity
  8
kolom
100
AcDbLine
 10
5061.78732
 20
-3954.5
 30
0.0
 11
5018.48732
 21
-3929.5
 31
0.0
  0
LINE
  5
A75
330
17
100
AcDbEntity
  8
kolom
100
AcDbLine
 10
5018.48732
 20
-3929.5
 30
0.0
 11
5105.087320000001
 21
-3879.5
 31
0.0
  0
LINE
  5
A76
330
17
100
AcDbEntity
  8
kolom
100
AcDbLine
 10
5105.087320000001
 20
-2897.49
 30
0.0
 11
5148.387320000001
 21
-2922.49
 31
0.0
  0
LINE
  5
A77
330
17
100
AcDbEntity
  8
kolom
100
AcDbLine
 10
5148.387320000001
 20
-2922.49
 30
0.0
 11
5061.78732
 21
-2972.49
 31
0.0
  0
LINE
  5
A78
330
17
100
AcDbEntity
  8
kolom
100
AcDbLine
 10
5061.78732
 20
-2972.49
 30
0.0
 11
5018.48732
 21
-2947.49
 31
0.0
  0
LINE
  5
A79
330
17
100
AcDbEntity
  8
kolom
100
AcDbLine
 10
5018.48732
 20
-2947.49
 30
0.0
 11
5105.087320000001
 21
-2897.49
 31
0.0
  0
LINE
  5
A7A
330
17
100
AcDbEntity
  8
kolom
100
AcDbLine
 10
5105.087320000001
 20
-3879.5
 30
0.0
 11
5105.087320000001
 21
-2897.49
 31
0.0
  0
LINE
  5
A7B
330
17
100
AcDbEntity
  8
kolom
100
AcDbLine
 10
5148.387320000001
 20
-3904.5
 30
0.0
 11
5148.387320000001
 21
-2922.49
 31
0.0
  0
LINE
  5
A7C
330
17
100
AcDbEntity
  8
kolom
100
AcDbLine
 10
5061.78732
 20
-3954.5
 30
0.0
 11
5061.78732
 21
-2972.49
 31
0.0
  0
LINE
  5
A7D
330
17
100
AcDbEntity
  8
kolom
100
AcDbLine
 10
5018.48732
 20
-3929.5
 30
0.0
 11
5018.48732
 21
-2947.49
 31
0.0
  0
LINE
  5
A7E
330
17
100
AcDbEntity
  8
kolom
100
AcDbLine
 10
4239.07
 20
-4379.51
 30
0.0
 11
4282.37
 21
-4404.51
 31
0.0
  0
LINE
  5
A7F
330
17
100
AcDbEntity
  8
kolom
100
AcDbLine
 10
4282.37
 20
-4404.51
 30
0.0
 11
4195.7699999999995
 21
-4454.51
 31
0.0
  0
LINE
  5
A80
330
17
100
AcDbEntity
  8
kolom
100
AcDbLine
 10
4195.7699999999995
 20
-4454.51
 30
0.0
 11
4152.47
 21
-4429.51
 31
0.0
  0
LINE
  5
A81
330
17
100
AcDbEntity
  8
kolom
100
AcDbLine
 10
4152.47
 20
-4429.51
 30
0.0
 11
4239.07
 21
-4379.51
 31
0.0
  0
LINE
  5
A82
330
17
100
AcDbEntity
  8
kolom
100
AcDbLine
 10
4239.07
 20
-2897.51
 30
0.0
 11
4282.37
 21
-2922.51
 31
0.0
  0
LINE
  5
A83
330
17
100
AcDbEntity
  8
kolom
100
AcDbLine
 10
4282.37
 20
-2922.51
 30
0.0
 11
4195.7699999999995
 21
-2972.51
 31
0.0
  0
LINE
  5
A84
330
17
100
AcDbEntity
  8
kolom
100
AcDbLine
 10
4195.7699999999995
 20
-2972.51
 30
0.0
 11
4152.47
 21
-2947.51
 31
0.0
  0
LINE
  5
A85
330
17
100
AcDbEntity
  8
kolom
100
AcDbLine
 10
4152.47
 20
-2947.51
 30
0.0
 11
4239.07
 21
-2897.51
 31
0.0
  0
LINE
  5
A86
330
17
100
AcDbEntity
  8
kolom
100
AcDbLine
 10
4239.07
 20
-4379.51
 30
0.0
 11
4239.07
 21
-2897.51
 31
0.0
  0
LINE
  5
A87
330
17
100
AcDbEntity
  8
kolom
100
AcDbLine
 10
4282.37
 20
-4404.51
 30
0.0
 11
4282.37
 21
-2922.51
 31
0.0
  0
LINE
  5
A88
330
17
100
AcDbEntity
  8
kolom
100
AcDbLine
 10
4195.7699999999995
 20
-4454.51
 30
0.0
 11
4195.7699999999995
 21
-2972.51
 31
0.0
  0
LINE
  5
A89
330
17
100
AcDbEntity
  8
kolom
100
AcDbLine
 10
4152.47
 20
-4429.51
 30
0.0
 11
4152.47
 21
-2947.51
 31
0.0
  0
LINE
  5
A8A
330
17
100
AcDbEntity
  8
kolom
100
AcDbLine
 10
3373.07866
 20
-4879.505
 30
0.0
 11
3416.3786600000003
 21
-4904.505
 31
0.0
  0
LINE
  5
A8B
330
17
100
AcDbEntity
  8
kolom
100
AcDbLine
 10
3416.3786600000003
 20
-4904.505
 30
0.0
 11
3329.77866
 21
-4954.505
 31
0.0
  0
LINE
  5
A8C
330
17
100
AcDbEntity
  8
kolom
100
AcDbLine
 10
3329.77866
 20
-4954.505
 30
0.0
 11
3286.47866
 21
-4929.505
 31
0.0
  0
LINE
  5
A8D
330
17
100
AcDbEntity
  8
kolom
100
AcDbLine
 10
3286.47866
 20
-4929.505
 30
0.0
 11
3373.07866
 21
-4879.505
 31
0.0
  0
LINE
  5
A8E
330
17
100
AcDbEntity
  8
kolom
100
AcDbLine
 10
3373.07866
 20
-2897.5150000000003
 30
0.0
 11
3416.3786600000003
 21
-2922.5150000000003
 31
0.0
  0
LINE
  5
A8F
330
17
100
AcDbEntity
  8
kolom
100
AcDbLine
 10
3416.3786600000003
 20
-2922.5150000000003
 30
0.0
 11
3329.77866
 21
-2972.5150000000003
 31
0.0
  0
LINE
  5
A90
330
17
100
AcDbEntity
  8
kolom
100
AcDbLine
 10
3329.77866
 20
-2972.5150000000003
 30
0.0
 11
3286.47866
 21
-2947.5150000000003
 31
0.0
  0
LINE
  5
A91
330
17
100
AcDbEntity
  8
kolom
100
AcDbLine
 10
3286.47866
 20
-2947.5150000000003
 30
0.0
 11
3373.07866
 21
-2897.5150000000003
 31
0.0
  0
LINE
  5
A92
330
17
100
AcDbEntity
  8
kolom
100
AcDbLine
 10
3373.07866
 20
-4879.505
 30
0.0
 11
3373.07866
 21
-2897.5150000000003
 31
0.0
  0
LINE
  5
A93
330
17
100
AcDbEntity
  8
kolom
100
AcDbLine
 10
3416.3786600000003
 20
-4904.505
 30
0.0
 11
3416.3786600000003
 21
-2922.5150000000003
 31
0.0
  0
LINE
  5
A94
330
17
100
AcDbEntity
  8
kolom
100
AcDbLine
 10
3329.77866
 20
-4954.505
 30
0.0
 11
3329.77866
 21
-2972.5150000000003
 31
0.0
  0
LINE
  5
A95
330
17
100
AcDbEntity
  8
kolom
100
AcDbLine
 10
3286.47866
 20
-4929.505
 30
0.0
 11
3286.47866
 21
-2947.5150000000003
 31
0.0
  0
LINE
  5
A96
330
17
100
AcDbEntity
  8
kolom
100
AcDbLine
 10
2507.07
 20
-5379.51
 30
0.0
 11
2550.37
 21
-5404.51
 31
0.0
  0
LINE
  5
A97
330
17
100
AcDbEntity
  8
kolom
100
AcDbLine
 10
2550.37
 20
-5404.51
 30
0.0
 11
2463.77
 21
-5454.51
 31
0.0
  0
LINE
  5
A98
330
17
100
AcDbEntity
  8
kolom
100
AcDbLine
 10
2463.77
 20
-5454.51
 30
0.0
 11
2420.47
 21
-5429.51
 31
0.0
  0
LINE
  5
A99
330
17
100
AcDbEntity
  8
kolom
100
AcDbLine
 10
2420.47
 20
-5429.51
 30
0.0
 11
2507.07
 21
-5379.51
 31
0.0
  0
LINE
  5
A9A
330
17
100
AcDbEntity
  8
kolom
100
AcDbLine
 10
2507.07
 20
-2897.5200000000004
 30
0.0
 11
2550.37
 21
-2922.5200000000004
 31
0.0
  0
LINE
  5
A9B
330
17
100
AcDbEntity
  8
kolom
100
AcDbLine
 10
2550.37
 20
-2922.5200000000004
 30
0.0
 11
2463.77
 21
-2972.5200000000004
 31
0.0
  0
LINE
  5
A9C
330
17
100
AcDbEntity
  8
kolom
100
AcDbLine
 10
2463.77
 20
-2972.5200000000004
 30
0.0
 11
2420.47
 21
-2947.5200000000004
 31
0.0
  0
LINE
  5
A9D
330
17
100
AcDbEntity
  8
kolom
100
AcDbLine
 10
2420.47
 20
-2947.5200000000004
 30
0.0
 11
2507.07
 21
-2897.5200000000004
 31
0.0
  0
LINE
  5
A9E
330
17
100
AcDbEntity
  8
kolom
100
AcDbLine
 10
2507.07
 20
-5379.51
 30
0.0
 11
2507.07
 21
-2897.5200000000004
 31
0.0
  0
LINE
  5
A9F
330
17
100
AcDbEntity
  8
kolom
100
AcDbLine
 10
2550.37
 20
-5404.51
 30
0.0
 11
2550.37
 21
-2922.5200000000004
 31
0.0
  0
LINE
  5
AA0
330
17
100
AcDbEntity
  8
kolom
100
AcDbLine
 10
2463.77
 20
-5454.51
 30
0.0
 11
2463.77
 21
-2972.5200000000004
 31
0.0
  0
LINE
  5
AA1
330
17
100
AcDbEntity
  8
kolom
100
AcDbLine
 10
2420.47
 20
-5429.51
 30
0.0
 11
2420.47
 21
-2947.5200000000004
 31
0.0
  0
LINE
  5
AA2
330
17
100
AcDbEntity
  8
kolom
100
AcDbLine
 10
10612.89062
 20
-6059.535
 30
0.0
 11
10656.19062
 21
-6084.535
 31
0.0
  0
LINE
  5
AA3
330
17
100
AcDbEntity
  8
kolom
100
AcDbLine
 10
10656.19062
 20
-6084.535
 30
0.0
 11
10569.590619999999
 21
-6134.535
 31
0.0
  0
LINE
  5
AA4
330
17
100
AcDbEntity
  8
kolom
100
AcDbLine
 10
10569.590619999999
 20
-6134.535
 30
0.0
 11
10526.29062
 21
-6109.535
 31
0.0
  0
LINE
  5
AA5
330
17
100
AcDbEntity
  8
kolom
100
AcDbLine
 10
10526.29062
 20
-6109.535
 30
0.0
 11
10612.89062
 21
-6059.535
 31
0.0
  0
LINE
  5
AA6
330
17
100
AcDbEntity
  8
kolom
100
AcDbLine
 10
10612.89062
 20
-5577.525
 30
0.0
 11
10656.19062
 21
-5602.525
 31
0.0
  0
LINE
  5
AA7
330
17
100
AcDbEntity
  8
kolom
100
AcDbLine
 10
10656.19062
 20
-5602.525
 30
0.0
 11
10569.590619999999
 21
-5652.525
 31
0.0
  0
LINE
  5
AA8
330
17
100
AcDbEntity
  8
kolom
100
AcDbLine
 10
10569.590619999999
 20
-5652.525
 30
0.0
 11
10526.29062
 21
-5627.525
 31
0.0
  0
LINE
  5
AA9
330
17
100
AcDbEntity
  8
kolom
100
AcDbLine
 10
10526.29062
 20
-5627.525
 30
0.0
 11
10612.89062
 21
-5577.525
 31
0.0
  0
LINE
  5
AAA
330
17
100
AcDbEntity
  8
kolom
100
AcDbLine
 10
10612.89062
 20
-6059.535
 30
0.0
 11
10612.89062
 21
-5577.525
 31
0.0
  0
LINE
  5
AAB
330
17
100
AcDbEntity
  8
kolom
100
AcDbLine
 10
10656.19062
 20
-6084.535
 30
0.0
 11
10656.19062
 21
-5602.525
 31
0.0
  0
LINE
  5
AAC
330
17
100
AcDbEntity
  8
kolom
100
AcDbLine
 10
10569.590619999999
 20
-6134.535
 30
0.0
 11
10569.590619999999
 21
-5652.525
 31
0.0
  0
LINE
  5
AAD
330
17
100
AcDbEntity
  8
kolom
100
AcDbLine
 10
10526.29062
 20
-6109.535
 30
0.0
 11
10526.29062
 21
-5627.525
 31
0.0
  0
LINE
  5
AAE
330
17
100
AcDbEntity
  8
kolom
100
AcDbLine
 10
9746.89928
 20
-6559.53
 30
0.0
 11
9790.19928
 21
-6584.53
 31
0.0
  0
LINE
  5
AAF
330
17
100
AcDbEntity
  8
kolom
100
AcDbLine
 10
9790.19928
 20
-6584.53
 30
0.0
 11
9703.59928
 21
-6634.53
 31
0.0
  0
LINE
  5
AB0
330
17
100
AcDbEntity
  8
kolom
100
AcDbLine
 10
9703.59928
 20
-6634.53
 30
0.0
 11
9660.29928
 21
-6609.53
 31
0.0
  0
LINE
  5
AB1
330
17
100
AcDbEntity
  8
kolom
100
AcDbLine
 10
9660.29928
 20
-6609.53
 30
0.0
 11
9746.89928
 21
-6559.53
 31
0.0
  0
LINE
  5
AB2
330
17
100
AcDbEntity
  8
kolom
100
AcDbLine
 10
9746.89928
 20
-5577.5199999999995
 30
0.0
 11
9790.19928
 21
-5602.5199999999995
 31
0.0
  0
LINE
  5
AB3
330
17
100
AcDbEntity
  8
kolom
100
AcDbLine
 10
9790.19928
 20
-5602.5199999999995
 30
0.0
 11
9703.59928
 21
-5652.5199999999995
 31
0.0
  0
LINE
  5
AB4
330
17
100
AcDbEntity
  8
kolom
100
AcDbLine
 10
9703.59928
 20
-5652.5199999999995
 30
0.0
 11
9660.29928
 21
-5627.5199999999995
 31
0.0
  0
LINE
  5
AB5
330
17
100
AcDbEntity
  8
kolom
100
AcDbLine
 10
9660.29928
 20
-5627.5199999999995
 30
0.0
 11
9746.89928
 21
-5577.5199999999995
 31
0.0
  0
LINE
  5
AB6
330
17
100
AcDbEntity
  8
kolom
100
AcDbLine
 10
9746.89928
 20
-6559.53
 30
0.0
 11
9746.89928
 21
-5577.5199999999995
 31
0.0
  0
LINE
  5
AB7
330
17
100
AcDbEntity
  8
kolom
100
AcDbLine
 10
9790.19928
 20
-6584.53
 30
0.0
 11
9790.19928
 21
-5602.5199999999995
 31
0.0
  0
LINE
  5
AB8
330
17
100
AcDbEntity
  8
kolom
100
AcDbLine
 10
9703.59928
 20
-6634.53
 30
0.0
 11
9703.59928
 21
-5652.5199999999995
 31
0.0
  0
LINE
  5
AB9
330
17
100
AcDbEntity
  8
kolom
100
AcDbLine
 10
9660.29928
 20
-6609.53
 30
0.0
 11
9660.29928
 21
-5627.5199999999995
 31
0.0
  0
LINE
  5
ABA
330
17
100
AcDbEntity
  8
kolom
100
AcDbLine
 10
8880.881959999999
 20
-7059.54
 30
0.0
 11
8924.18196
 21
-7084.54
 31
0.0
  0
LINE
  5
ABB
330
17
100
AcDbEntity
  8
kolom
100
AcDbLine
 10
8924.18196
 20
-7084.54
 30
0.0
 11
8837.58196
 21
-7134.54
 31
0.0
  0
LINE
  5
ABC
330
17
100
AcDbEntity
  8
kolom
100
AcDbLine
 10
8837.58196
 20
-7134.54
 30
0.0
 11
8794.28196
 21
-7109.54
 31
0.0
  0
LINE
  5
ABD
330
17
100
AcDbEntity
  8
kolom
100
AcDbLine
 10
8794.28196
 20
-7109.54
 30
0.0
 11
8880.881959999999
 21
-7059.54
 31
0.0
  0
LINE
  5
ABE
330
17
100
AcDbEntity
  8
kolom
100
AcDbLine
 10
8880.881959999999
 20
-5577.54
 30
0.0
 11
8924.18196
 21
-5602.54
 31
0.0
  0
LINE
  5
ABF
330
17
100
AcDbEntity
  8
kolom
100
AcDbLine
 10
8924.18196
 20
-5602.54
 30
0.0
 11
8837.58196
 21
-5652.54
 31
0.0
  0
LINE
  5
AC0
330
17
100
AcDbEntity
  8
kolom
100
AcDbLine
 10
8837.58196
 20
-5652.54
 30
0.0
 11
8794.28196
 21
-5627.54
 31
0.0
  0
LINE
  5
AC1
330
17
100
AcDbEntity
  8
kolom
100
AcDbLine
 10
8794.28196
 20
-5627.54
 30
0.0
 11
8880.881959999999
 21
-5577.54
 31
0.0
  0
LINE
  5
AC2
330
17
100
AcDbEntity
  8
kolom
100
AcDbLine
 10
8880.881959999999
 20
-7059.54
 30
0.0
 11
8880.881959999999
 21
-5577.54
 31
0.0
  0
LINE
  5
AC3
330
17
100
AcDbEntity
  8
kolom
100
AcDbLine
 10
8924.18196
 20
-7084.54
 30
0.0
 11
8924.18196
 21
-5602.54
 31
0.0
  0
LINE
  5
AC4
330
17
100
AcDbEntity
  8
kolom
100
AcDbLine
 10
8837.58196
 20
-7134.54
 30
0.0
 11
8837.58196
 21
-5652.54
 31
0.0
  0
LINE
  5
AC5
330
17
100
AcDbEntity
  8
kolom
100
AcDbLine
 10
8794.28196
 20
-7109.54
 30
0.0
 11
8794.28196
 21
-5627.54
 31
0.0
  0
LINE
  5
AC6
330
17
100
AcDbEntity
  8
kolom
100
AcDbLine
 10
8014.89062
 20
-7559.535
 30
0.0
 11
8058.190619999999
 21
-7584.535
 31
0.0
  0
LINE
  5
AC7
330
17
100
AcDbEntity
  8
kolom
100
AcDbLine
 10
8058.190619999999
 20
-7584.535
 30
0.0
 11
7971.59062
 21
-7634.535
 31
0.0
  0
LINE
  5
AC8
330
17
100
AcDbEntity
  8
kolom
100
AcDbLine
 10
7971.59062
 20
-7634.535
 30
0.0
 11
7928.29062
 21
-7609.535
 31
0.0
  0
LINE
  5
AC9
330
17
100
AcDbEntity
  8
kolom
100
AcDbLine
 10
7928.29062
 20
-7609.535
 30
0.0
 11
8014.89062
 21
-7559.535
 31
0.0
  0
LINE
  5
ACA
330
17
100
AcDbEntity
  8
kolom
100
AcDbLine
 10
8014.89062
 20
-5577.545
 30
0.0
 11
8058.190619999999
 21
-5602.545
 31
0.0
  0
LINE
  5
ACB
330
17
100
AcDbEntity
  8
kolom
100
AcDbLine
 10
8058.190619999999
 20
-5602.545
 30
0.0
 11
7971.59062
 21
-5652.545
 31
0.0
  0
LINE
  5
ACC
330
17
100
AcDbEntity
  8
kolom
100
AcDbLine
 10
7971.59062
 20
-5652.545
 30
0.0
 11
7928.29062
 21
-5627.545
 31
0.0
  0
LINE
  5
ACD
330
17
100
AcDbEntity
  8
kolom
100
AcDbLine
 10
7928.29062
 20
-5627.545
 30
0.0
 11
8014.89062
 21
-5577.545
 31
0.0
  0
LINE
  5
ACE
330
17
100
AcDbEntity
  8
kolom
100
AcDbLine
 10
8014.89062
 20
-7559.535
 30
0.0
 11
8014.89062
 21
-5577.545
 31
0.0
  0
LINE
  5
ACF
330
17
100
AcDbEntity
  8
kolom
100
AcDbLine
 10
8058.190619999999
 20
-7584.535
 30
0.0
 11
8058.190619999999
 21
-5602.545
 31
0.0
  0
LINE
  5
AD0
330
17
100
AcDbEntity
  8
kolom
100
AcDbLine
 10
7971.59062
 20
-7634.535
 30
0.0
 11
7971.59062
 21
-5652.545
 31
0.0
  0
LINE
  5
AD1
330
17
100
AcDbEntity
  8
kolom
100
AcDbLine
 10
7928.29062
 20
-7609.535
 30
0.0
 11
7928.29062
 21
-5627.545
 31
0.0
  0
LINE
  5
AD2
330
17
100
AcDbEntity
  8
kolom
100
AcDbLine
 10
7148.88196
 20
-8059.54
 30
0.0
 11
7192.18196
 21
-8084.54
 31
0.0
  0
LINE
  5
AD3
330
17
100
AcDbEntity
  8
kolom
100
AcDbLine
 10
7192.18196
 20
-8084.54
 30
0.0
 11
7105.5819599999995
 21
-8134.54
 31
0.0
  0
LINE
  5
AD4
330
17
100
AcDbEntity
  8
kolom
100
AcDbLine
 10
7105.5819599999995
 20
-8134.54
 30
0.0
 11
7062.281959999999
 21
-8109.54
 31
0.0
  0
LINE
  5
AD5
330
17
100
AcDbEntity
  8
kolom
100
AcDbLine
 10
7062.281959999999
 20
-8109.54
 30
0.0
 11
7148.88196
 21
-8059.54
 31
0.0
  0
LINE
  5
AD6
330
17
100
AcDbEntity
  8
kolom
100
AcDbLine
 10
7148.88196
 20
-5577.55
 30
0.0
 11
7192.18196
 21
-5602.55
 31
0.0
  0
LINE
  5
AD7
330
17
100
AcDbEntity
  8
kolom
100
AcDbLine
 10
7192.18196
 20
-5602.55
 30
0.0
 11
7105.5819599999995
 21
-5652.55
 31
0.0
  0
LINE
  5
AD8
330
17
100
AcDbEntity
  8
kolom
100
AcDbLine
 10
7105.5819599999995
 20
-5652.55
 30
0.0
 11
7062.281959999999
 21
-5627.55
 31
0.0
  0
LINE
  5
AD9
330
17
100
AcDbEntity
  8
kolom
100
AcDbLine
 10
7062.281959999999
 20
-5627.55
 30
0.0
 11
7148.88196
 21
-5577.55
 31
0.0
  0
LINE
  5
ADA
330
17
100
AcDbEntity
  8
kolom
100
AcDbLine
 10
7148.88196
 20
-8059.54
 30
0.0
 11
7148.88196
 21
-5577.55
 31
0.0
  0
LINE
  5
ADB
330
17
100
AcDbEntity
  8
kolom
100
AcDbLine
 10
7192.18196
 20
-8084.54
 30
0.0
 11
7192.18196
 21
-5602.55
 31
0.0
  0
LINE
  5
ADC
330
17
100
AcDbEntity
  8
kolom
100
AcDbLine
 10
7105.5819599999995
 20
-8134.54
 30
0.0
 11
7105.5819599999995
 21
-5652.55
 31
0.0
  0
LINE
  5
ADD
330
17
100
AcDbEntity
  8
kolom
100
AcDbLine
 10
7062.281959999999
 20
-8109.54
 30
0.0
 11
7062.281959999999
 21
-5627.55
 31
0.0
  0
LINE
  5
ADE
330
17
100
AcDbEntity
  8
kolom
100
AcDbLine
 10
11167.07
 20
-6379.5
 30
0.0
 11
11210.37
 21
-6404.5
 31
0.0
  0
LINE
  5
ADF
330
17
100
AcDbEntity
  8
kolom
100
AcDbLine
 10
11210.37
 20
-6404.5
 30
0.0
 11
11123.77
 21
-6454.5
 31
0.0
  0
LINE
  5
AE0
330
17
100
AcDbEntity
  8
kolom
100
AcDbLine
 10
11123.77
 20
-6454.5
 30
0.0
 11
11080.47
 21
-6429.5
 31
0.0
  0
LINE
  5
AE1
330
17
100
AcDbEntity
  8
kolom
100
AcDbLine
 10
11080.47
 20
-6429.5
 30
0.0
 11
11167.07
 21
-6379.5
 31
0.0
  0
LINE
  5
AE2
330
17
100
AcDbEntity
  8
kolom
100
AcDbLine
 10
11167.07
 20
-5897.49
 30
0.0
 11
11210.37
 21
-5922.49
 31
0.0
  0
LINE
  5
AE3
330
17
100
AcDbEntity
  8
kolom
100
AcDbLine
 10
11210.37
 20
-5922.49
 30
0.0
 11
11123.77
 21
-5972.49
 31
0.0
  0
LINE
  5
AE4
330
17
100
AcDbEntity
  8
kolom
100
AcDbLine
 10
11123.77
 20
-5972.49
 30
0.0
 11
11080.47
 21
-5947.49
 31
0.0
  0
LINE
  5
AE5
330
17
100
AcDbEntity
  8
kolom
100
AcDbLine
 10
11080.47
 20
-5947.49
 30
0.0
 11
11167.07
 21
-5897.49
 31
0.0
  0
LINE
  5
AE6
330
17
100
AcDbEntity
  8
kolom
100
AcDbLine
 10
11167.07
 20
-6379.5
 30
0.0
 11
11167.07
 21
-5897.49
 31
0.0
  0
LINE
  5
AE7
330
17
100
AcDbEntity
  8
kolom
100
AcDbLine
 10
11210.37
 20
-6404.5
 30
0.0
 11
11210.37
 21
-5922.49
 31
0.0
  0
LINE
  5
AE8
330
17
100
AcDbEntity
  8
kolom
100
AcDbLine
 10
11123.77
 20
-6454.5
 30
0.0
 11
11123.77
 21
-5972.49
 31
0.0
  0
LINE
  5
AE9
330
17
100
AcDbEntity
  8
kolom
100
AcDbLine
 10
11080.47
 20
-6429.5
 30
0.0
 11
11080.47
 21
-5947.49
 31
0.0
  0
LINE
  5
AEA
330
17
100
AcDbEntity
  8
kolom
100
AcDbLine
 10
10301.07866
 20
-6879.495
 30
0.0
 11
10344.37866
 21
-6904.495
 31
0.0
  0
LINE
  5
AEB
330
17
100
AcDbEntity
  8
kolom
100
AcDbLine
 10
10344.37866
 20
-6904.495
 30
0.0
 11
10257.77866
 21
-6954.495
 31
0.0
  0
LINE
  5
AEC
330
17
100
AcDbEntity
  8
kolom
100
AcDbLine
 10
10257.77866
 20
-6954.495
 30
0.0
 11
10214.47866
 21
-6929.495
 31
0.0
  0
LINE
  5
AED
330
17
100
AcDbEntity
  8
kolom
100
AcDbLine
 10
10214.47866
 20
-6929.495
 30
0.0
 11
10301.07866
 21
-6879.495
 31
0.0
  0
LINE
  5
AEE
330
17
100
AcDbEntity
  8
kolom
100
AcDbLine
 10
10301.07866
 20
-5897.485
 30
0.0
 11
10344.37866
 21
-5922.485
 31
0.0
  0
LINE
  5
AEF
330
17
100
AcDbEntity
  8
kolom
100
AcDbLine
 10
10344.37866
 20
-5922.485
 30
0.0
 11
10257.77866
 21
-5972.485
 31
0.0
  0
LINE
  5
AF0
330
17
100
AcDbEntity
  8
kolom
100
AcDbLine
 10
10257.77866
 20
-5972.485
 30
0.0
 11
10214.47866
 21
-5947.485
 31
0.0
  0
LINE
  5
AF1
330
17
100
AcDbEntity
  8
kolom
100
AcDbLine
 10
10214.47866
 20
-5947.485
 30
0.0
 11
10301.07866
 21
-5897.485
 31
0.0
  0
LINE
  5
AF2
330
17
100
AcDbEntity
  8
kolom
100
AcDbLine
 10
10301.07866
 20
-6879.495
 30
0.0
 11
10301.07866
 21
-5897.485
 31
0.0
  0
LINE
  5
AF3
330
17
100
AcDbEntity
  8
kolom
100
AcDbLine
 10
10344.37866
 20
-6904.495
 30
0.0
 11
10344.37866
 21
-5922.485
 31
0.0
  0
LINE
  5
AF4
330
17
100
AcDbEntity
  8
kolom
100
AcDbLine
 10
10257.77866
 20
-6954.495
 30
0.0
 11
10257.77866
 21
-5972.485
 31
0.0
  0
LINE
  5
AF5
330
17
100
AcDbEntity
  8
kolom
100
AcDbLine
 10
10214.47866
 20
-6929.495
 30
0.0
 11
10214.47866
 21
-5947.485
 31
0.0
  0
LINE
  5
AF6
330
17
100
AcDbEntity
  8
kolom
100
AcDbLine
 10
9435.06134
 20
-7379.505
 30
0.0
 11
9478.36134
 21
-7404.505
 31
0.0
  0
LINE
  5
AF7
330
17
100
AcDbEntity
  8
kolom
100
AcDbLine
 10
9478.36134
 20
-7404.505
 30
0.0
 11
9391.76134
 21
-7454.505
 31
0.0
  0
LINE
  5
AF8
330
17
100
AcDbEntity
  8
kolom
100
AcDbLine
 10
9391.76134
 20
-7454.505
 30
0.0
 11
9348.46134
 21
-7429.505
 31
0.0
  0
LINE
  5
AF9
330
17
100
AcDbEntity
  8
kolom
100
AcDbLine
 10
9348.46134
 20
-7429.505
 30
0.0
 11
9435.06134
 21
-7379.505
 31
0.0
  0
LINE
  5
AFA
330
17
100
AcDbEntity
  8
kolom
100
AcDbLine
 10
9435.06134
 20
-5897.505
 30
0.0
 11
9478.36134
 21
-5922.505
 31
0.0
  0
LINE
  5
AFB
330
17
100
AcDbEntity
  8
kolom
100
AcDbLine
 10
9478.36134
 20
-5922.505
 30
0.0
 11
9391.76134
 21
-5972.505
 31
0.0
  0
LINE
  5
AFC
330
17
100
AcDbEntity
  8
kolom
100
AcDbLine
 10
9391.76134
 20
-5972.505
 30
0.0
 11
9348.46134
 21
-5947.505
 31
0.0
  0
LINE
  5
AFD
330
17
100
AcDbEntity
  8
kolom
100
AcDbLine
 10
9348.46134
 20
-5947.505
 30
0.0
 11
9435.06134
 21
-5897.505
 31
0.0
  0
LINE
  5
AFE
330
17
100
AcDbEntity
  8
kolom
100
AcDbLine
 10
9435.06134
 20
-7379.505
 30
0.0
 11
9435.06134
 21
-5897.505
 31
0.0
  0
LINE
  5
AFF
330
17
100
AcDbEntity
  8
kolom
100
AcDbLine
 10
9478.36134
 20
-7404.505
 30
0.0
 11
9478.36134
 21
-5922.505
 31
0.0
  0
LINE
  5
B00
330
17
100
AcDbEntity
  8
kolom
100
AcDbLine
 10
9391.76134
 20
-7454.505
 30
0.0
 11
9391.76134
 21
-5972.505
 31
0.0
  0
LINE
  5
B01
330
17
100
AcDbEntity
  8
kolom
100
AcDbLine
 10
9348.46134
 20
-7429.505
 30
0.0
 11
9348.46134
 21
-5947.505
 31
0.0
  0
LINE
  5
B02
330
17
100
AcDbEntity
  8
kolom
100
AcDbLine
 10
8569.07
 20
-7879.5
 30
0.0
 11
8612.37
 21
-7904.5
 31
0.0
  0
LINE
  5
B03
330
17
100
AcDbEntity
  8
kolom
100
AcDbLine
 10
8612.37
 20
-7904.5
 30
0.0
 11
8525.77
 21
-7954.5
 31
0.0
  0
LINE
  5
B04
330
17
100
AcDbEntity
  8
kolom
100
AcDbLine
 10
8525.77
 20
-7954.5
 30
0.0
 11
8482.47
 21
-7929.5
 31
0.0
  0
LINE
  5
B05
330
17
100
AcDbEntity
  8
kolom
100
AcDbLine
 10
8482.47
 20
-7929.5
 30
0.0
 11
8569.07
 21
-7879.5
 31
0.0
  0
LINE
  5
B06
330
17
100
AcDbEntity
  8
kolom
100
AcDbLine
 10
8569.07
 20
-5897.51
 30
0.0
 11
8612.37
 21
-5922.51
 31
0.0
  0
LINE
  5
B07
330
17
100
AcDbEntity
  8
kolom
100
AcDbLine
 10
8612.37
 20
-5922.51
 30
0.0
 11
8525.77
 21
-5972.51
 31
0.0
  0
LINE
  5
B08
330
17
100
AcDbEntity
  8
kolom
100
AcDbLine
 10
8525.77
 20
-5972.51
 30
0.0
 11
8482.47
 21
-5947.51
 31
0.0
  0
LINE
  5
B09
330
17
100
AcDbEntity
  8
kolom
100
AcDbLine
 10
8482.47
 20
-5947.51
 30
0.0
 11
8569.07
 21
-5897.51
 31
0.0
  0
LINE
  5
B0A
330
17
100
AcDbEntity
  8
kolom
100
AcDbLine
 10
8569.07
 20
-7879.5
 30
0.0
 11
8569.07
 21
-5897.51
 31
0.0
  0
LINE
  5
B0B
330
17
100
AcDbEntity
  8
kolom
100
AcDbLine
 10
8612.37
 20
-7904.5
 30
0.0
 11
8612.37
 21
-5922.51
 31
0.0
  0
LINE
  5
B0C
330
17
100
AcDbEntity
  8
kolom
100
AcDbLine
 10
8525.77
 20
-7954.5
 30
0.0
 11
8525.77
 21
-5972.51
 31
0.0
  0
LINE
  5
B0D
330
17
100
AcDbEntity
  8
kolom
100
AcDbLine
 10
8482.47
 20
-7929.5
 30
0.0
 11
8482.47
 21
-5947.51
 31
0.0
  0
LINE
  5
B0E
330
17
100
AcDbEntity
  8
kolom
100
AcDbLine
 10
7703.061339999999
 20
-8379.505000000001
 30
0.0
 11
7746.3613399999995
 21
-8404.505000000001
 31
0.0
  0
LINE
  5
B0F
330
17
100
AcDbEntity
  8
kolom
100
AcDbLine
 10
7746.3613399999995
 20
-8404.505000000001
 30
0.0
 11
7659.76134
 21
-8454.505000000001
 31
0.0
  0
LINE
  5
B10
330
17
100
AcDbEntity
  8
kolom
100
AcDbLine
 10
7659.76134
 20
-8454.505000000001
 30
0.0
 11
7616.46134
 21
-8429.505000000001
 31
0.0
  0
LINE
  5
B11
330
17
100
AcDbEntity
  8
kolom
100
AcDbLine
 10
7616.46134
 20
-8429.505000000001
 30
0.0
 11
7703.061339999999
 21
-8379.505000000001
 31
0.0
  0
LINE
  5
B12
330
17
100
AcDbEntity
  8
kolom
100
AcDbLine
 10
7703.061339999999
 20
-5897.515000000001
 30
0.0
 11
7746.3613399999995
 21
-5922.515000000001
 31
0.0
  0
LINE
  5
B13
330
17
100
AcDbEntity
  8
kolom
100
AcDbLine
 10
7746.3613399999995
 20
-5922.515000000001
 30
0.0
 11
7659.76134
 21
-5972.515000000001
 31
0.0
  0
LINE
  5
B14
330
17
100
AcDbEntity
  8
kolom
100
AcDbLine
 10
7659.76134
 20
-5972.515000000001
 30
0.0
 11
7616.46134
 21
-5947.515000000001
 31
0.0
  0
LINE
  5
B15
330
17
100
AcDbEntity
  8
kolom
100
AcDbLine
 10
7616.46134
 20
-5947.515000000001
 30
0.0
 11
7703.061339999999
 21
-5897.515000000001
 31
0.0
  0
LINE
  5
B16
330
17
100
AcDbEntity
  8
kolom
100
AcDbLine
 10
7703.061339999999
 20
-8379.505000000001
 30
0.0
 11
7703.061339999999
 21
-5897.515000000001
 31
0.0
  0
LINE
  5
B17
330
17
100
AcDbEntity
  8
kolom
100
AcDbLine
 10
7746.3613399999995
 20
-8404.505000000001
 30
0.0
 11
7746.3613399999995
 21
-5922.515000000001
 31
0.0
  0
LINE
  5
B18
330
17
100
AcDbEntity
  8
kolom
100
AcDbLine
 10
7659.76134
 20
-8454.505000000001
 30
0.0
 11
7659.76134
 21
-5972.515000000001
 31
0.0
  0
LINE
  5
B19
330
17
100
AcDbEntity
  8
kolom
100
AcDbLine
 10
7616.46134
 20
-8429.505000000001
 30
0.0
 11
7616.46134
 21
-5947.515000000001
 31
0.0
  0
LINE
  5
B1A
330
17
100
AcDbEntity
  8
kolom
100
AcDbLine
 10
7685.6633999999995
 20
-4369.45
 30
0.0
 11
7728.9634
 21
-4394.45
 31
0.0
  0
LINE
  5
B1B
330
17
100
AcDbEntity
  8
kolom
100
AcDbLine
 10
7728.9634
 20
-4394.45
 30
0.0
 11
7642.363399999999
 21
-4444.45
 31
0.0
  0
LINE
  5
B1C
330
17
100
AcDbEntity
  8
kolom
100
AcDbLine
 10
7642.363399999999
 20
-4444.45
 30
0.0
 11
7599.0634
 21
-4419.45
 31
0.0
  0
LINE
  5
B1D
330
17
100
AcDbEntity
  8
kolom
100
AcDbLine
 10
7599.0634
 20
-4419.45
 30
0.0
 11
7685.6633999999995
 21
-4369.45
 31
0.0
  0
LINE
  5
B1E
330
17
100
AcDbEntity
  8
kolom
100
AcDbLine
 10
7685.6633999999995
 20
-3887.4399999999996
 30
0.0
 11
7728.9634
 21
-3912.4399999999996
 31
0.0
  0
LINE
  5
B1F
330
17
100
AcDbEntity
  8
kolom
100
AcDbLine
 10
7728.9634
 20
-3912.4399999999996
 30
0.0
 11
7642.363399999999
 21
-3962.4399999999996
 31
0.0
  0
LINE
  5
B20
330
17
100
AcDbEntity
  8
kolom
100
AcDbLine
 10
7642.363399999999
 20
-3962.4399999999996
 30
0.0
 11
7599.0634
 21
-3937.4399999999996
 31
0.0
  0
LINE
  5
B21
330
17
100
AcDbEntity
  8
kolom
100
AcDbLine
 10
7599.0634
 20
-3937.4399999999996
 30
0.0
 11
7685.6633999999995
 21
-3887.4399999999996
 31
0.0
  0
LINE
  5
B22
330
17
100
AcDbEntity
  8
kolom
100
AcDbLine
 10
7685.6633999999995
 20
-4369.45
 30
0.0
 11
7685.6633999999995
 21
-3887.4399999999996
 31
0.0
  0
LINE
  5
B23
330
17
100
AcDbEntity
  8
kolom
100
AcDbLine
 10
7728.9634
 20
-4394.45
 30
0.0
 11
7728.9634
 21
-3912.4399999999996
 31
0.0
  0
LINE
  5
B24
330
17
100
AcDbEntity
  8
kolom
100
AcDbLine
 10
7642.363399999999
 20
-4444.45
 30
0.0
 11
7642.363399999999
 21
-3962.4399999999996
 31
0.0
  0
LINE
  5
B25
330
17
100
AcDbEntity
  8
kolom
100
AcDbLine
 10
7599.0634
 20
-4419.45
 30
0.0
 11
7599.0634
 21
-3937.4399999999996
 31
0.0
  0
LINE
  5
B26
330
17
100
AcDbEntity
  8
kolom
100
AcDbLine
 10
6819.67206
 20
-4869.445
 30
0.0
 11
6862.97206
 21
-4894.445
 31
0.0
  0
LINE
  5
B27
330
17
100
AcDbEntity
  8
kolom
100
AcDbLine
 10
6862.97206
 20
-4894.445
 30
0.0
 11
6776.37206
 21
-4944.445
 31
0.0
  0
LINE
  5
B28
330
17
100
AcDbEntity
  8
kolom
100
AcDbLine
 10
6776.37206
 20
-4944.445
 30
0.0
 11
6733.0720599999995
 21
-4919.445
 31
0.0
  0
LINE
  5
B29
330
17
100
AcDbEntity
  8
kolom
100
AcDbLine
 10
6733.0720599999995
 20
-4919.445
 30
0.0
 11
6819.67206
 21
-4869.445
 31
0.0
  0
LINE
  5
B2A
330
17
100
AcDbEntity
  8
kolom
100
AcDbLine
 10
6819.67206
 20
-3887.4349999999995
 30
0.0
 11
6862.97206
 21
-3912.4349999999995
 31
0.0
  0
LINE
  5
B2B
330
17
100
AcDbEntity
  8
kolom
100
AcDbLine
 10
6862.97206
 20
-3912.4349999999995
 30
0.0
 11
6776.37206
 21
-3962.4349999999995
 31
0.0
  0
LINE
  5
B2C
330
17
100
AcDbEntity
  8
kolom
100
AcDbLine
 10
6776.37206
 20
-3962.4349999999995
 30
0.0
 11
6733.0720599999995
 21
-3937.4349999999995
 31
0.0
  0
LINE
  5
B2D
330
17
100
AcDbEntity
  8
kolom
100
AcDbLine
 10
6733.0720599999995
 20
-3937.4349999999995
 30
0.0
 11
6819.67206
 21
-3887.4349999999995
 31
0.0
  0
LINE
  5
B2E
330
17
100
AcDbEntity
  8
kolom
100
AcDbLine
 10
6819.67206
 20
-4869.445
 30
0.0
 11
6819.67206
 21
-3887.4349999999995
 31
0.0
  0
LINE
  5
B2F
330
17
100
AcDbEntity
  8
kolom
100
AcDbLine
 10
6862.97206
 20
-4894.445
 30
0.0
 11
6862.97206
 21
-3912.4349999999995
 31
0.0
  0
LINE
  5
B30
330
17
100
AcDbEntity
  8
kolom
100
AcDbLine
 10
6776.37206
 20
-4944.445
 30
0.0
 11
6776.37206
 21
-3962.4349999999995
 31
0.0
  0
LINE
  5
B31
330
17
100
AcDbEntity
  8
kolom
100
AcDbLine
 10
6733.0720599999995
 20
-4919.445
 30
0.0
 11
6733.0720599999995
 21
-3937.4349999999995
 31
0.0
  0
LINE
  5
B32
330
17
100
AcDbEntity
  8
kolom
100
AcDbLine
 10
5953.654739999999
 20
-5369.455
 30
0.0
 11
5996.954739999999
 21
-5394.455
 31
0.0
  0
LINE
  5
B33
330
17
100
AcDbEntity
  8
kolom
100
AcDbLine
 10
5996.954739999999
 20
-5394.455
 30
0.0
 11
5910.35474
 21
-5444.455
 31
0.0
  0
LINE
  5
B34
330
17
100
AcDbEntity
  8
kolom
100
AcDbLine
 10
5910.35474
 20
-5444.455
 30
0.0
 11
5867.05474
 21
-5419.455
 31
0.0
  0
LINE
  5
B35
330
17
100
AcDbEntity
  8
kolom
100
AcDbLine
 10
5867.05474
 20
-5419.455
 30
0.0
 11
5953.654739999999
 21
-5369.455
 31
0.0
  0
LINE
  5
B36
330
17
100
AcDbEntity
  8
kolom
100
AcDbLine
 10
5953.654739999999
 20
-3887.455
 30
0.0
 11
5996.954739999999
 21
-3912.455
 31
0.0
  0
LINE
  5
B37
330
17
100
AcDbEntity
  8
kolom
100
AcDbLine
 10
5996.954739999999
 20
-3912.455
 30
0.0
 11
5910.35474
 21
-3962.455
 31
0.0
  0
LINE
  5
B38
330
17
100
AcDbEntity
  8
kolom
100
AcDbLine
 10
5910.35474
 20
-3962.455
 30
0.0
 11
5867.05474
 21
-3937.455
 31
0.0
  0
LINE
  5
B39
330
17
100
AcDbEntity
  8
kolom
100
AcDbLine
 10
5867.05474
 20
-3937.455
 30
0.0
 11
5953.654739999999
 21
-3887.455
 31
0.0
  0
LINE
  5
B3A
330
17
100
AcDbEntity
  8
kolom
100
AcDbLine
 10
5953.654739999999
 20
-5369.455
 30
0.0
 11
5953.654739999999
 21
-3887.455
 31
0.0
  0
LINE
  5
B3B
330
17
100
AcDbEntity
  8
kolom
100
AcDbLine
 10
5996.954739999999
 20
-5394.455
 30
0.0
 11
5996.954739999999
 21
-3912.455
 31
0.0
  0
LINE
  5
B3C
330
17
100
AcDbEntity
  8
kolom
100
AcDbLine
 10
5910.35474
 20
-5444.455
 30
0.0
 11
5910.35474
 21
-3962.455
 31
0.0
  0
LINE
  5
B3D
330
17
100
AcDbEntity
  8
kolom
100
AcDbLine
 10
5867.05474
 20
-5419.455
 30
0.0
 11
5867.05474
 21
-3937.455
 31
0.0
  0
LINE
  5
B3E
330
17
100
AcDbEntity
  8
kolom
100
AcDbLine
 10
5087.6633999999995
 20
-5869.45
 30
0.0
 11
5130.9634
 21
-5894.45
 31
0.0
  0
LINE
  5
B3F
330
17
100
AcDbEntity
  8
kolom
100
AcDbLine
 10
5130.9634
 20
-5894.45
 30
0.0
 11
5044.363399999999
 21
-5944.45
 31
0.0
  0
LINE
  5
B40
330
17
100
AcDbEntity
  8
kolom
100
AcDbLine
 10
5044.363399999999
 20
-5944.45
 30
0.0
 11
5001.0634
 21
-5919.45
 31
0.0
  0
LINE
  5
B41
330
17
100
AcDbEntity
  8
kolom
100
AcDbLine
 10
5001.0634
 20
-5919.45
 30
0.0
 11
5087.6633999999995
 21
-5869.45
 31
0.0
  0
LINE
  5
B42
330
17
100
AcDbEntity
  8
kolom
100
AcDbLine
 10
5087.6633999999995
 20
-3887.46
 30
0.0
 11
5130.9634
 21
-3912.46
 31
0.0
  0
LINE
  5
B43
330
17
100
AcDbEntity
  8
kolom
100
AcDbLine
 10
5130.9634
 20
-3912.46
 30
0.0
 11
5044.363399999999
 21
-3962.46
 31
0.0
  0
LINE
  5
B44
330
17
100
AcDbEntity
  8
kolom
100
AcDbLine
 10
5044.363399999999
 20
-3962.46
 30
0.0
 11
5001.0634
 21
-3937.46
 31
0.0
  0
LINE
  5
B45
330
17
100
AcDbEntity
  8
kolom
100
AcDbLine
 10
5001.0634
 20
-3937.46
 30
0.0
 11
5087.6633999999995
 21
-3887.46
 31
0.0
  0
LINE
  5
B46
330
17
100
AcDbEntity
  8
kolom
100
AcDbLine
 10
5087.6633999999995
 20
-5869.45
 30
0.0
 11
5087.6633999999995
 21
-3887.46
 31
0.0
  0
LINE
  5
B47
330
17
100
AcDbEntity
  8
kolom
100
AcDbLine
 10
5130.9634
 20
-5894.45
 30
0.0
 11
5130.9634
 21
-3912.46
 31
0.0
  0
LINE
  5
B48
330
17
100
AcDbEntity
  8
kolom
100
AcDbLine
 10
5044.363399999999
 20
-5944.45
 30
0.0
 11
5044.363399999999
 21
-3962.46
 31
0.0
  0
LINE
  5
B49
330
17
100
AcDbEntity
  8
kolom
100
AcDbLine
 10
5001.0634
 20
-5919.45
 30
0.0
 11
5001.0634
 21
-3937.46
 31
0.0
  0
LINE
  5
B4A
330
17
100
AcDbEntity
  8
kolom
100
AcDbLine
 10
4221.654739999999
 20
-6369.455
 30
0.0
 11
4264.954739999999
 21
-6394.455
 31
0.0
  0
LINE
  5
B4B
330
17
100
AcDbEntity
  8
kolom
100
AcDbLine
 10
4264.954739999999
 20
-6394.455
 30
0.0
 11
4178.35474
 21
-6444.455
 31
0.0
  0
LINE
  5
B4C
330
17
100
AcDbEntity
  8
kolom
100
AcDbLine
 10
4178.35474
 20
-6444.455
 30
0.0
 11
4135.05474
 21
-6419.455
 31
0.0
  0
LINE
  5
B4D
330
17
100
AcDbEntity
  8
kolom
100
AcDbLine
 10
4135.05474
 20
-6419.455
 30
0.0
 11
4221.654739999999
 21
-6369.455
 31
0.0
  0
LINE
  5
B4E
330
17
100
AcDbEntity
  8
kolom
100
AcDbLine
 10
4221.654739999999
 20
-3887.465
 30
0.0
 11
4264.954739999999
 21
-3912.465
 31
0.0
  0
LINE
  5
B4F
330
17
100
AcDbEntity
  8
kolom
100
AcDbLine
 10
4264.954739999999
 20
-3912.465
 30
0.0
 11
4178.35474
 21
-3962.465
 31
0.0
  0
LINE
  5
B50
330
17
100
AcDbEntity
  8
kolom
100
AcDbLine
 10
4178.35474
 20
-3962.465
 30
0.0
 11
4135.05474
 21
-3937.465
 31
0.0
  0
LINE
  5
B51
330
17
100
AcDbEntity
  8
kolom
100
AcDbLine
 10
4135.05474
 20
-3937.465
 30
0.0
 11
4221.654739999999
 21
-3887.465
 31
0.0
  0
LINE
  5
B52
330
17
100
AcDbEntity
  8
kolom
100
AcDbLine
 10
4221.654739999999
 20
-6369.455
 30
0.0
 11
4221.654739999999
 21
-3887.465
 31
0.0
  0
LINE
  5
B53
330
17
100
AcDbEntity
  8
kolom
100
AcDbLine
 10
4264.954739999999
 20
-6394.455
 30
0.0
 11
4264.954739999999
 21
-3912.465
 31
0.0
  0
LINE
  5
B54
330
17
100
AcDbEntity
  8
kolom
100
AcDbLine
 10
4178.35474
 20
-6444.455
 30
0.0
 11
4178.35474
 21
-3962.465
 31
0.0
  0
LINE
  5
B55
330
17
100
AcDbEntity
  8
kolom
100
AcDbLine
 10
4135.05474
 20
-6419.455
 30
0.0
 11
4135.05474
 21
-3937.465
 31
0.0
  0
LINE
  5
B56
330
17
100
AcDbEntity
  8
kolom
100
AcDbLine
 10
-125.39680000000016
 20
-4859.6
 30
0.0
 11
-82.09680000000016
 21
-4884.6
 31
0.0
  0
LINE
  5
B57
330
17
100
AcDbEntity
  8
kolom
100
AcDbLine
 10
-82.09680000000016
 20
-4884.6
 30
0.0
 11
-168.69680000000017
 21
-4934.6
 31
0.0
  0
LINE
  5
B58
330
17
100
AcDbEntity
  8
kolom
100
AcDbLine
 10
-168.69680000000017
 20
-4934.6
 30
0.0
 11
-211.99680000000015
 21
-4909.6
 31
0.0
  0
LINE
  5
B59
330
17
100
AcDbEntity
  8
kolom
100
AcDbLine
 10
-211.99680000000015
 20
-4909.6
 30
0.0
 11
-125.39680000000016
 21
-4859.6
 31
0.0
  0
LINE
  5
B5A
330
17
100
AcDbEntity
  8
kolom
100
AcDbLine
 10
-125.39680000000016
 20
-2377.6100000000006
 30
0.0
 11
-82.09680000000016
 21
-2402.6100000000006
 31
0.0
  0
LINE
  5
B5B
330
17
100
AcDbEntity
  8
kolom
100
AcDbLine
 10
-82.09680000000016
 20
-2402.6100000000006
 30
0.0
 11
-168.69680000000017
 21
-2452.6100000000006
 31
0.0
  0
LINE
  5
B5C
330
17
100
AcDbEntity
  8
kolom
100
AcDbLine
 10
-168.69680000000017
 20
-2452.6100000000006
 30
0.0
 11
-211.99680000000015
 21
-2427.6100000000006
 31
0.0
  0
LINE
  5
B5D
330
17
100
AcDbEntity
  8
kolom
100
AcDbLine
 10
-211.99680000000015
 20
-2427.6100000000006
 30
0.0
 11
-125.39680000000016
 21
-2377.6100000000006
 31
0.0
  0
LINE
  5
B5E
330
17
100
AcDbEntity
  8
kolom
100
AcDbLine
 10
-125.39680000000016
 20
-4859.6
 30
0.0
 11
-125.39680000000016
 21
-2377.6100000000006
 31
0.0
  0
LINE
  5
B5F
330
17
100
AcDbEntity
  8
kolom
100
AcDbLine
 10
-82.09680000000016
 20
-4884.6
 30
0.0
 11
-82.09680000000016
 21
-2402.6100000000006
 31
0.0
  0
LINE
  5
B60
330
17
100
AcDbEntity
  8
kolom
100
AcDbLine
 10
-168.69680000000017
 20
-4934.6
 30
0.0
 11
-168.69680000000017
 21
-2452.6100000000006
 31
0.0
  0
LINE
  5
B61
330
17
100
AcDbEntity
  8
kolom
100
AcDbLine
 10
-211.99680000000015
 20
-4909.6
 30
0.0
 11
-211.99680000000015
 21
-2427.6100000000006
 31
0.0
  0
LINE
  5
B62
330
17
100
AcDbEntity
  8
kolom
100
AcDbLine
 10
1641.00072
 20
-5879.46
 30
0.0
 11
1684.30072
 21
-5904.46
 31
0.0
  0
LINE
  5
B63
330
17
100
AcDbEntity
  8
kolom
100
AcDbLine
 10
1684.30072
 20
-5904.46
 30
0.0
 11
1597.70072
 21
-5954.46
 31
0.0
  0
LINE
  5
B64
330
17
100
AcDbEntity
  8
kolom
100
AcDbLine
 10
1597.70072
 20
-5954.46
 30
0.0
 11
1554.40072
 21
-5929.46
 31
0.0
  0
LINE
  5
B65
330
17
100
AcDbEntity
  8
kolom
100
AcDbLine
 10
1554.40072
 20
-5929.46
 30
0.0
 11
1641.00072
 21
-5879.46
 31
0.0
  0
LINE
  5
B66
330
17
100
AcDbEntity
  8
kolom
100
AcDbLine
 10
1641.00072
 20
-3397.4700000000003
 30
0.0
 11
1684.30072
 21
-3422.4700000000003
 31
0.0
  0
LINE
  5
B67
330
17
100
AcDbEntity
  8
kolom
100
AcDbLine
 10
1684.30072
 20
-3422.4700000000003
 30
0.0
 11
1597.70072
 21
-3472.4700000000003
 31
0.0
  0
LINE
  5
B68
330
17
100
AcDbEntity
  8
kolom
100
AcDbLine
 10
1597.70072
 20
-3472.4700000000003
 30
0.0
 11
1554.40072
 21
-3447.4700000000003
 31
0.0
  0
LINE
  5
B69
330
17
100
AcDbEntity
  8
kolom
100
AcDbLine
 10
1554.40072
 20
-3447.4700000000003
 30
0.0
 11
1641.00072
 21
-3397.4700000000003
 31
0.0
  0
LINE
  5
B6A
330
17
100
AcDbEntity
  8
kolom
100
AcDbLine
 10
1641.00072
 20
-5879.46
 30
0.0
 11
1641.00072
 21
-3397.4700000000003
 31
0.0
  0
LINE
  5
B6B
330
17
100
AcDbEntity
  8
kolom
100
AcDbLine
 10
1684.30072
 20
-5904.46
 30
0.0
 11
1684.30072
 21
-3422.4700000000003
 31
0.0
  0
LINE
  5
B6C
330
17
100
AcDbEntity
  8
kolom
100
AcDbLine
 10
1597.70072
 20
-5954.46
 30
0.0
 11
1597.70072
 21
-3472.4700000000003
 31
0.0
  0
LINE
  5
B6D
330
17
100
AcDbEntity
  8
kolom
100
AcDbLine
 10
1554.40072
 20
-5929.46
 30
0.0
 11
1554.40072
 21
-3447.4700000000003
 31
0.0
  0
LINE
  5
B6E
330
17
100
AcDbEntity
  8
kolom
100
AcDbLine
 10
6282.942579999999
 20
-8559.564999999999
 30
0.0
 11
6326.242579999999
 21
-8584.564999999999
 31
0.0
  0
LINE
  5
B6F
330
17
100
AcDbEntity
  8
kolom
100
AcDbLine
 10
6326.242579999999
 20
-8584.564999999999
 30
0.0
 11
6239.642579999999
 21
-8634.564999999999
 31
0.0
  0
LINE
  5
B70
330
17
100
AcDbEntity
  8
kolom
100
AcDbLine
 10
6239.642579999999
 20
-8634.564999999999
 30
0.0
 11
6196.3425799999995
 21
-8609.564999999999
 31
0.0
  0
LINE
  5
B71
330
17
100
AcDbEntity
  8
kolom
100
AcDbLine
 10
6196.3425799999995
 20
-8609.564999999999
 30
0.0
 11
6282.942579999999
 21
-8559.564999999999
 31
0.0
  0
LINE
  5
B72
330
17
100
AcDbEntity
  8
kolom
100
AcDbLine
 10
6282.942579999999
 20
-6077.574999999999
 30
0.0
 11
6326.242579999999
 21
-6102.574999999999
 31
0.0
  0
LINE
  5
B73
330
17
100
AcDbEntity
  8
kolom
100
AcDbLine
 10
6326.242579999999
 20
-6102.574999999999
 30
0.0
 11
6239.642579999999
 21
-6152.574999999999
 31
0.0
  0
LINE
  5
B74
330
17
100
AcDbEntity
  8
kolom
100
AcDbLine
 10
6239.642579999999
 20
-6152.574999999999
 30
0.0
 11
6196.3425799999995
 21
-6127.574999999999
 31
0.0
  0
LINE
  5
B75
330
17
100
AcDbEntity
  8
kolom
100
AcDbLine
 10
6196.3425799999995
 20
-6127.574999999999
 30
0.0
 11
6282.942579999999
 21
-6077.574999999999
 31
0.0
  0
LINE
  5
B76
330
17
100
AcDbEntity
  8
kolom
100
AcDbLine
 10
6282.942579999999
 20
-8559.564999999999
 30
0.0
 11
6282.942579999999
 21
-6077.574999999999
 31
0.0
  0
LINE
  5
B77
330
17
100
AcDbEntity
  8
kolom
100
AcDbLine
 10
6326.242579999999
 20
-8584.564999999999
 30
0.0
 11
6326.242579999999
 21
-6102.574999999999
 31
0.0
  0
LINE
  5
B78
330
17
100
AcDbEntity
  8
kolom
100
AcDbLine
 10
6239.642579999999
 20
-8634.564999999999
 30
0.0
 11
6239.642579999999
 21
-6152.574999999999
 31
0.0
  0
LINE
  5
B79
330
17
100
AcDbEntity
  8
kolom
100
AcDbLine
 10
6196.3425799999995
 20
-8609.564999999999
 30
0.0
 11
6196.3425799999995
 21
-6127.574999999999
 31
0.0
  0
LINE
  5
B7A
330
17
100
AcDbEntity
  8
kolom
100
AcDbLine
 10
6836.99206
 20
-8879.455
 30
0.0
 11
6880.29206
 21
-8904.455
 31
0.0
  0
LINE
  5
B7B
330
17
100
AcDbEntity
  8
kolom
100
AcDbLine
 10
6880.29206
 20
-8904.455
 30
0.0
 11
6793.692059999999
 21
-8954.455
 31
0.0
  0
LINE
  5
B7C
330
17
100
AcDbEntity
  8
kolom
100
AcDbLine
 10
6793.692059999999
 20
-8954.455
 30
0.0
 11
6750.39206
 21
-8929.455
 31
0.0
  0
LINE
  5
B7D
330
17
100
AcDbEntity
  8
kolom
100
AcDbLine
 10
6750.39206
 20
-8929.455
 30
0.0
 11
6836.99206
 21
-8879.455
 31
0.0
  0
LINE
  5
B7E
330
17
100
AcDbEntity
  8
kolom
100
AcDbLine
 10
6836.99206
 20
-6397.465
 30
0.0
 11
6880.29206
 21
-6422.465
 31
0.0
  0
LINE
  5
B7F
330
17
100
AcDbEntity
  8
kolom
100
AcDbLine
 10
6880.29206
 20
-6422.465
 30
0.0
 11
6793.692059999999
 21
-6472.465
 31
0.0
  0
LINE
  5
B80
330
17
100
AcDbEntity
  8
kolom
100
AcDbLine
 10
6793.692059999999
 20
-6472.465
 30
0.0
 11
6750.39206
 21
-6447.465
 31
0.0
  0
LINE
  5
B81
330
17
100
AcDbEntity
  8
kolom
100
AcDbLine
 10
6750.39206
 20
-6447.465
 30
0.0
 11
6836.99206
 21
-6397.465
 31
0.0
  0
LINE
  5
B82
330
17
100
AcDbEntity
  8
kolom
100
AcDbLine
 10
6836.99206
 20
-8879.455
 30
0.0
 11
6836.99206
 21
-6397.465
 31
0.0
  0
LINE
  5
B83
330
17
100
AcDbEntity
  8
kolom
100
AcDbLine
 10
6880.29206
 20
-8904.455
 30
0.0
 11
6880.29206
 21
-6422.465
 31
0.0
  0
LINE
  5
B84
330
17
100
AcDbEntity
  8
kolom
100
AcDbLine
 10
6793.692059999999
 20
-8954.455
 30
0.0
 11
6793.692059999999
 21
-6472.465
 31
0.0
  0
LINE
  5
B85
330
17
100
AcDbEntity
  8
kolom
100
AcDbLine
 10
6750.39206
 20
-8929.455
 30
0.0
 11
6750.39206
 21
-6447.465
 31
0.0
  0
LINE
  5
B86
330
17
100
AcDbEntity
  8
dek
100
AcDbLine
 10
-4330.0
 20
-4.0
 30
0.0
 11
10998.208659999998
 21
-8854.005
 31
0.0
  0
LINE
  5
B87
330
17
100
AcDbEntity
  8
dek
100
AcDbLine
 10
10998.208659999998
 20
-8854.005
 30
0.0
 11
10572.127999999999
 21
-9100.009999999998
 31
0.0
  0
LINE
  5
B88
330
17
100
AcDbEntity
  8
dek
100
AcDbLine
 10
10572.127999999999
 20
-9100.009999999998
 30
0.0
 11
-4756.0806600000005
 21
-250.0050000000001
 31
0.0
  0
LINE
  5
B89
330
17
100
AcDbEntity
  8
dek
100
AcDbLine
 10
-4756.0806600000005
 20
-250.0050000000001
 30
0.0
 11
-4330.0
 21
-4.0
 31
0.0
  0
LINE
  5
B8A
330
17
100
AcDbEntity
  8
dek
100
AcDbLine
 10
-4330.0
 20
0.0
 30
0.0
 11
10998.208659999998
 21
-8850.005
 31
0.0
  0
LINE
  5
B8B
330
17
100
AcDbEntity
  8
dek
100
AcDbLine
 10
10998.208659999998
 20
-8850.005
 30
0.0
 11
10572.127999999999
 21
-9096.009999999998
 31
0.0
  0
LINE
  5
B8C
330
17
100
AcDbEntity
  8
dek
100
AcDbLine
 10
10572.127999999999
 20
-9096.009999999998
 30
0.0
 11
-4756.0806600000005
 21
-246.0050000000001
 31
0.0
  0
LINE
  5
B8D
330
17
100
AcDbEntity
  8
dek
100
AcDbLine
 10
-4756.0806600000005
 20
-246.0050000000001
 30
0.0
 11
-4330.0
 21
0.0
 31
0.0
  0
LINE
  5
B8E
330
17
100
AcDbEntity
  8
dek
100
AcDbLine
 10
-4330.0
 20
-4.0
 30
0.0
 11
-4330.0
 21
0.0
 31
0.0
  0
LINE
  5
B8F
330
17
100
AcDbEntity
  8
dek
100
AcDbLine
 10
10998.208659999998
 20
-8854.005
 30
0.0
 11
10998.208659999998
 21
-8850.005
 31
0.0
  0
LINE
  5
B90
330
17
100
AcDbEntity
  8
dek
100
AcDbLine
 10
10572.127999999999
 20
-9100.009999999998
 30
0.0
 11
10572.127999999999
 21
-9096.009999999998
 31
0.0
  0
LINE
  5
B91
330
17
100
AcDbEntity
  8
dek
100
AcDbLine
 10
-4756.0806600000005
 20
-250.0050000000001
 30
0.0
 11
-4756.0806600000005
 21
-246.0050000000001
 31
0.0
  0
LINE
  5
B92
330
17
100
AcDbEntity
  8
baseplate
100
AcDbLine
 10
0.0
 20
75.01
 30
0.0
 11
129.91732000000002
 21
0.0
 31
0.0
  0
LINE
  5
B93
330
17
100
AcDbEntity
  8
baseplate
100
AcDbLine
 10
129.91732000000002
 20
0.0
 30
0.0
 11
0.0
 21
-75.01
 31
0.0
  0
LINE
  5
B94
330
17
100
AcDbEntity
  8
baseplate
100
AcDbLine
 10
0.0
 20
-75.01
 30
0.0
 11
-129.91732000000002
 21
0.0
 31
0.0
  0
LINE
  5
B95
330
17
100
AcDbEntity
  8
baseplate
100
AcDbLine
 10
-129.91732000000002
 20
0.0
 30
0.0
 11
0.0
 21
75.01
 31
0.0
  0
LINE
  5
B96
330
17
100
AcDbEntity
  8
baseplate
100
AcDbLine
 10
0.0
 20
85.01
 30
0.0
 11
129.91732000000002
 21
10.0
 31
0.0
  0
LINE
  5
B97
330
17
100
AcDbEntity
  8
baseplate
100
AcDbLine
 10
129.91732000000002
 20
10.0
 30
0.0
 11
0.0
 21
-65.01
 31
0.0
  0
LINE
  5
B98
330
17
100
AcDbEntity
  8
baseplate
100
AcDbLine
 10
0.0
 20
-65.01
 30
0.0
 11
-129.91732000000002
 21
10.0
 31
0.0
  0
LINE
  5
B99
330
17
100
AcDbEntity
  8
baseplate
100
AcDbLine
 10
-129.91732000000002
 20
10.0
 30
0.0
 11
0.0
 21
85.01
 31
0.0
  0
LINE
  5
B9A
330
17
100
AcDbEntity
  8
baseplate
100
AcDbLine
 10
0.0
 20
75.01
 30
0.0
 11
0.0
 21
85.01
 31
0.0
  0
LINE
  5
B9B
330
17
100
AcDbEntity
  8
baseplate
100
AcDbLine
 10
129.91732000000002
 20
0.0
 30
0.0
 11
129.91732000000002
 21
10.0
 31
0.0
  0
LINE
  5
B9C
330
17
100
AcDbEntity
  8
baseplate
100
AcDbLine
 10
0.0
 20
-75.01
 30
0.0
 11
0.0
 21
-65.01
 31
0.0
  0
LINE
  5
B9D
330
17
100
AcDbEntity
  8
baseplate
100
AcDbLine
 10
-129.91732000000002
 20
0.0
 30
0.0
 11
-129.91732000000002
 21
10.0
 31
0.0
  0
LINE
  5
B9E
330
17
100
AcDbEntity
  8
baseplate
100
AcDbLine
 10
0.0
 20
93.01
 30
0.0
 11
129.91732000000002
 21
18.0
 31
0.0
  0
LINE
  5
B9F
330
17
100
AcDbEntity
  8
baseplate
100
AcDbLine
 10
129.91732000000002
 20
18.0
 30
0.0
 11
0.0
 21
-57.010000000000005
 31
0.0
  0
LINE
  5
BA0
330
17
100
AcDbEntity
  8
baseplate
100
AcDbLine
 10
0.0
 20
-57.010000000000005
 30
0.0
 11
-129.91732000000002
 21
18.0
 31
0.0
  0
LINE
  5
BA1
330
17
100
AcDbEntity
  8
baseplate
100
AcDbLine
 10
-129.91732000000002
 20
18.0
 30
0.0
 11
0.0
 21
93.01
 31
0.0
  0
LINE
  5
BA2
330
17
100
AcDbEntity
  8
baseplate
100
AcDbLine
 10
0.0
 20
85.01
 30
0.0
 11
0.0
 21
93.01
 31
0.0
  0
LINE
  5
BA3
330
17
100
AcDbEntity
  8
baseplate
100
AcDbLine
 10
129.91732000000002
 20
10.0
 30
0.0
 11
129.91732000000002
 21
18.0
 31
0.0
  0
LINE
  5
BA4
330
17
100
AcDbEntity
  8
baseplate
100
AcDbLine
 10
0.0
 20
-65.01
 30
0.0
 11
0.0
 21
-57.010000000000005
 31
0.0
  0
LINE
  5
BA5
330
17
100
AcDbEntity
  8
baseplate
100
AcDbLine
 10
-129.91732000000002
 20
10.0
 30
0.0
 11
-129.91732000000002
 21
18.0
 31
0.0
  0
LINE
  5
BA6
330
17
100
AcDbEntity
  8
baseplate
100
AcDbLine
 10
-865.99134
 20
-424.985
 30
0.0
 11
-736.07402
 21
-499.995
 31
0.0
  0
LINE
  5
BA7
330
17
100
AcDbEntity
  8
baseplate
100
AcDbLine
 10
-736.07402
 20
-499.995
 30
0.0
 11
-865.99134
 21
-575.005
 31
0.0
  0
LINE
  5
BA8
330
17
100
AcDbEntity
  8
baseplate
100
AcDbLine
 10
-865.99134
 20
-575.005
 30
0.0
 11
-995.9086599999999
 21
-499.995
 31
0.0
  0
LINE
  5
BA9
330
17
100
AcDbEntity
  8
baseplate
100
AcDbLine
 10
-995.9086599999999
 20
-499.995
 30
0.0
 11
-865.99134
 21
-424.985
 31
0.0
  0
LINE
  5
BAA
330
17
100
AcDbEntity
  8
baseplate
100
AcDbLine
 10
-865.99134
 20
-414.985
 30
0.0
 11
-736.07402
 21
-489.995
 31
0.0
  0
LINE
  5
BAB
330
17
100
AcDbEntity
  8
baseplate
100
AcDbLine
 10
-736.07402
 20
-489.995
 30
0.0
 11
-865.99134
 21
-565.005
 31
0.0
  0
LINE
  5
BAC
330
17
100
AcDbEntity
  8
baseplate
100
AcDbLine
 10
-865.99134
 20
-565.005
 30
0.0
 11
-995.9086599999999
 21
-489.995
 31
0.0
  0
LINE
  5
BAD
330
17
100
AcDbEntity
  8
baseplate
100
AcDbLine
 10
-995.9086599999999
 20
-489.995
 30
0.0
 11
-865.99134
 21
-414.985
 31
0.0
  0
LINE
  5
BAE
330
17
100
AcDbEntity
  8
baseplate
100
AcDbLine
 10
-865.99134
 20
-424.985
 30
0.0
 11
-865.99134
 21
-414.985
 31
0.0
  0
LINE
  5
BAF
330
17
100
AcDbEntity
  8
baseplate
100
AcDbLine
 10
-736.07402
 20
-499.995
 30
0.0
 11
-736.07402
 21
-489.995
 31
0.0
  0
LINE
  5
BB0
330
17
100
AcDbEntity
  8
baseplate
100
AcDbLine
 10
-865.99134
 20
-575.005
 30
0.0
 11
-865.99134
 21
-565.005
 31
0.0
  0
LINE
  5
BB1
330
17
100
AcDbEntity
  8
baseplate
100
AcDbLine
 10
-995.9086599999999
 20
-499.995
 30
0.0
 11
-995.9086599999999
 21
-489.995
 31
0.0
  0
LINE
  5
BB2
330
17
100
AcDbEntity
  8
baseplate
100
AcDbLine
 10
-865.99134
 20
-406.985
 30
0.0
 11
-736.07402
 21
-481.995
 31
0.0
  0
LINE
  5
BB3
330
17
100
AcDbEntity
  8
baseplate
100
AcDbLine
 10
-736.07402
 20
-481.995
 30
0.0
 11
-865.99134
 21
-557.005
 31
0.0
  0
LINE
  5
BB4
330
17
100
AcDbEntity
  8
baseplate
100
AcDbLine
 10
-865.99134
 20
-557.005
 30
0.0
 11
-995.9086599999999
 21
-481.995
 31
0.0
  0
LINE
  5
BB5
330
17
100
AcDbEntity
  8
baseplate
100
AcDbLine
 10
-995.9086599999999
 20
-481.995
 30
0.0
 11
-865.99134
 21
-406.985
 31
0.0
  0
LINE
  5
BB6
330
17
100
AcDbEntity
  8
baseplate
100
AcDbLine
 10
-865.99134
 20
-414.985
 30
0.0
 11
-865.99134
 21
-406.985
 31
0.0
  0
LINE
  5
BB7
330
17
100
AcDbEntity
  8
baseplate
100
AcDbLine
 10
-736.07402
 20
-489.995
 30
0.0
 11
-736.07402
 21
-481.995
 31
0.0
  0
LINE
  5
BB8
330
17
100
AcDbEntity
  8
baseplate
100
AcDbLine
 10
-865.99134
 20
-565.005
 30
0.0
 11
-865.99134
 21
-557.005
 31
0.0
  0
LINE
  5
BB9
330
17
100
AcDbEntity
  8
baseplate
100
AcDbLine
 10
-995.9086599999999
 20
-489.995
 30
0.0
 11
-995.9086599999999
 21
-481.995
 31
0.0
  0
LINE
  5
BBA
330
17
100
AcDbEntity
  8
baseplate
100
AcDbLine
 10
-1732.00866
 20
-924.995
 30
0.0
 11
-1602.09134
 21
-1000.005
 31
0.0
  0
LINE
  5
BBB
330
17
100
AcDbEntity
  8
baseplate
100
AcDbLine
 10
-1602.09134
 20
-1000.005
 30
0.0
 11
-1732.00866
 21
-1075.015
 31
0.0
  0
LINE
  5
BBC
330
17
100
AcDbEntity
  8
baseplate
100
AcDbLine
 10
-1732.00866
 20
-1075.015
 30
0.0
 11
-1861.9259800000002
 21
-1000.005
 31
0.0
  0
LINE
  5
BBD
330
17
100
AcDbEntity
  8
baseplate
100
AcDbLine
 10
-1861.9259800000002
 20
-1000.005
 30
0.0
 11
-1732.00866
 21
-924.995
 31
0.0
  0
LINE
  5
BBE
330
17
100
AcDbEntity
  8
baseplate
100
AcDbLine
 10
-1732.00866
 20
-914.995
 30
0.0
 11
-1602.09134
 21
-990.005
 31
0.0
  0
LINE
  5
BBF
330
17
100
AcDbEntity
  8
baseplate
100
AcDbLine
 10
-1602.09134
 20
-990.005
 30
0.0
 11
-1732.00866
 21
-1065.015
 31
0.0
  0
LINE
  5
BC0
330
17
100
AcDbEntity
  8
baseplate
100
AcDbLine
 10
-1732.00866
 20
-1065.015
 30
0.0
 11
-1861.9259800000002
 21
-990.005
 31
0.0
  0
LINE
  5
BC1
330
17
100
AcDbEntity
  8
baseplate
100
AcDbLine
 10
-1861.9259800000002
 20
-990.005
 30
0.0
 11
-1732.00866
 21
-914.995
 31
0.0
  0
LINE
  5
BC2
330
17
100
AcDbEntity
  8
baseplate
100
AcDbLine
 10
-1732.00866
 20
-924.995
 30
0.0
 11
-1732.00866
 21
-914.995
 31
0.0
  0
LINE
  5
BC3
330
17
100
AcDbEntity
  8
baseplate
100
AcDbLine
 10
-1602.09134
 20
-1000.005
 30
0.0
 11
-1602.09134
 21
-990.005
 31
0.0
  0
LINE
  5
BC4
330
17
100
AcDbEntity
  8
baseplate
100
AcDbLine
 10
-1732.00866
 20
-1075.015
 30
0.0
 11
-1732.00866
 21
-1065.015
 31
0.0
  0
LINE
  5
BC5
330
17
100
AcDbEntity
  8
baseplate
100
AcDbLine
 10
-1861.9259800000002
 20
-1000.005
 30
0.0
 11
-1861.9259800000002
 21
-990.005
 31
0.0
  0
LINE
  5
BC6
330
17
100
AcDbEntity
  8
baseplate
100
AcDbLine
 10
-1732.00866
 20
-906.995
 30
0.0
 11
-1602.09134
 21
-982.005
 31
0.0
  0
LINE
  5
BC7
330
17
100
AcDbEntity
  8
baseplate
100
AcDbLine
 10
-1602.09134
 20
-982.005
 30
0.0
 11
-1732.00866
 21
-1057.015
 31
0.0
  0
LINE
  5
BC8
330
17
100
AcDbEntity
  8
baseplate
100
AcDbLine
 10
-1732.00866
 20
-1057.015
 30
0.0
 11
-1861.9259800000002
 21
-982.005
 31
0.0
  0
LINE
  5
BC9
330
17
100
AcDbEntity
  8
baseplate
100
AcDbLine
 10
-1861.9259800000002
 20
-982.005
 30
0.0
 11
-1732.00866
 21
-906.995
 31
0.0
  0
LINE
  5
BCA
330
17
100
AcDbEntity
  8
baseplate
100
AcDbLine
 10
-1732.00866
 20
-914.995
 30
0.0
 11
-1732.00866
 21
-906.995
 31
0.0
  0
LINE
  5
BCB
330
17
100
AcDbEntity
  8
baseplate
100
AcDbLine
 10
-1602.09134
 20
-990.005
 30
0.0
 11
-1602.09134
 21
-982.005
 31
0.0
  0
LINE
  5
BCC
330
17
100
AcDbEntity
  8
baseplate
100
AcDbLine
 10
-1732.00866
 20
-1065.015
 30
0.0
 11
-1732.00866
 21
-1057.015
 31
0.0
  0
LINE
  5
BCD
330
17
100
AcDbEntity
  8
baseplate
100
AcDbLine
 10
-1861.9259800000002
 20
-990.005
 30
0.0
 11
-1861.9259800000002
 21
-982.005
 31
0.0
  0
LINE
  5
BCE
330
17
100
AcDbEntity
  8
baseplate
100
AcDbLine
 10
-3464.00866
 20
-1924.995
 30
0.0
 11
-3334.09134
 21
-2000.005
 31
0.0
  0
LINE
  5
BCF
330
17
100
AcDbEntity
  8
baseplate
100
AcDbLine
 10
-3334.09134
 20
-2000.005
 30
0.0
 11
-3464.01732
 21
-2075.02
 31
0.0
  0
LINE
  5
BD0
330
17
100
AcDbEntity
  8
baseplate
100
AcDbLine
 10
-3464.01732
 20
-2075.02
 30
0.0
 11
-3593.93464
 21
-2000.01
 31
0.0
  0
LINE
  5
BD1
330
17
100
AcDbEntity
  8
baseplate
100
AcDbLine
 10
-3593.93464
 20
-2000.01
 30
0.0
 11
-3464.00866
 21
-1924.995
 31
0.0
  0
LINE
  5
BD2
330
17
100
AcDbEntity
  8
baseplate
100
AcDbLine
 10
-3464.00866
 20
-1914.995
 30
0.0
 11
-3334.09134
 21
-1990.005
 31
0.0
  0
LINE
  5
BD3
330
17
100
AcDbEntity
  8
baseplate
100
AcDbLine
 10
-3334.09134
 20
-1990.005
 30
0.0
 11
-3464.01732
 21
-2065.02
 31
0.0
  0
LINE
  5
BD4
330
17
100
AcDbEntity
  8
baseplate
100
AcDbLine
 10
-3464.01732
 20
-2065.02
 30
0.0
 11
-3593.93464
 21
-1990.01
 31
0.0
  0
LINE
  5
BD5
330
17
100
AcDbEntity
  8
baseplate
100
AcDbLine
 10
-3593.93464
 20
-1990.01
 30
0.0
 11
-3464.00866
 21
-1914.995
 31
0.0
  0
LINE
  5
BD6
330
17
100
AcDbEntity
  8
baseplate
100
AcDbLine
 10
-3464.00866
 20
-1924.995
 30
0.0
 11
-3464.00866
 21
-1914.995
 31
0.0
  0
LINE
  5
BD7
330
17
100
AcDbEntity
  8
baseplate
100
AcDbLine
 10
-3334.09134
 20
-2000.005
 30
0.0
 11
-3334.09134
 21
-1990.005
 31
0.0
  0
LINE
  5
BD8
330
17
100
AcDbEntity
  8
baseplate
100
AcDbLine
 10
-3464.01732
 20
-2075.02
 30
0.0
 11
-3464.01732
 21
-2065.02
 31
0.0
  0
LINE
  5
BD9
330
17
100
AcDbEntity
  8
baseplate
100
AcDbLine
 10
-3593.93464
 20
-2000.01
 30
0.0
 11
-3593.93464
 21
-1990.01
 31
0.0
  0
LINE
  5
BDA
330
17
100
AcDbEntity
  8
baseplate
100
AcDbLine
 10
-3464.00866
 20
-1906.995
 30
0.0
 11
-3334.09134
 21
-1982.005
 31
0.0
  0
LINE
  5
BDB
330
17
100
AcDbEntity
  8
baseplate
100
AcDbLine
 10
-3334.09134
 20
-1982.005
 30
0.0
 11
-3464.01732
 21
-2057.02
 31
0.0
  0
LINE
  5
BDC
330
17
100
AcDbEntity
  8
baseplate
100
AcDbLine
 10
-3464.01732
 20
-2057.02
 30
0.0
 11
-3593.93464
 21
-1982.01
 31
0.0
  0
LINE
  5
BDD
330
17
100
AcDbEntity
  8
baseplate
100
AcDbLine
 10
-3593.93464
 20
-1982.01
 30
0.0
 11
-3464.00866
 21
-1906.995
 31
0.0
  0
LINE
  5
BDE
330
17
100
AcDbEntity
  8
baseplate
100
AcDbLine
 10
-3464.00866
 20
-1914.995
 30
0.0
 11
-3464.00866
 21
-1906.995
 31
0.0
  0
LINE
  5
BDF
330
17
100
AcDbEntity
  8
baseplate
100
AcDbLine
 10
-3334.09134
 20
-1990.005
 30
0.0
 11
-3334.09134
 21
-1982.005
 31
0.0
  0
LINE
  5
BE0
330
17
100
AcDbEntity
  8
baseplate
100
AcDbLine
 10
-3464.01732
 20
-2065.02
 30
0.0
 11
-3464.01732
 21
-2057.02
 31
0.0
  0
LINE
  5
BE1
330
17
100
AcDbEntity
  8
baseplate
100
AcDbLine
 10
-3593.93464
 20
-1990.01
 30
0.0
 11
-3593.93464
 21
-1982.01
 31
0.0
  0
LINE
  5
BE2
330
17
100
AcDbEntity
  8
baseplate
100
AcDbLine
 10
-4330.0
 20
-2424.99
 30
0.0
 11
-4200.0826799999995
 21
-2500.0
 31
0.0
  0
LINE
  5
BE3
330
17
100
AcDbEntity
  8
baseplate
100
AcDbLine
 10
-4200.0826799999995
 20
-2500.0
 30
0.0
 11
-4330.0
 21
-2575.01
 31
0.0
  0
LINE
  5
BE4
330
17
100
AcDbEntity
  8
baseplate
100
AcDbLine
 10
-4330.0
 20
-2575.01
 30
0.0
 11
-4459.9173200000005
 21
-2500.0
 31
0.0
  0
LINE
  5
BE5
330
17
100
AcDbEntity
  8
baseplate
100
AcDbLine
 10
-4459.9173200000005
 20
-2500.0
 30
0.0
 11
-4330.0
 21
-2424.99
 31
0.0
  0
LINE
  5
BE6
330
17
100
AcDbEntity
  8
baseplate
100
AcDbLine
 10
-4330.0
 20
-2414.99
 30
0.0
 11
-4200.0826799999995
 21
-2490.0
 31
0.0
  0
LINE
  5
BE7
330
17
100
AcDbEntity
  8
baseplate
100
AcDbLine
 10
-4200.0826799999995
 20
-2490.0
 30
0.0
 11
-4330.0
 21
-2565.01
 31
0.0
  0
LINE
  5
BE8
330
17
100
AcDbEntity
  8
baseplate
100
AcDbLine
 10
-4330.0
 20
-2565.01
 30
0.0
 11
-4459.9173200000005
 21
-2490.0
 31
0.0
  0
LINE
  5
BE9
330
17
100
AcDbEntity
  8
baseplate
100
AcDbLine
 10
-4459.9173200000005
 20
-2490.0
 30
0.0
 11
-4330.0
 21
-2414.99
 31
0.0
  0
LINE
  5
BEA
330
17
100
AcDbEntity
  8
baseplate
100
AcDbLine
 10
-4330.0
 20
-2424.99
 30
0.0
 11
-4330.0
 21
-2414.99
 31
0.0
  0
LINE
  5
BEB
330
17
100
AcDbEntity
  8
baseplate
100
AcDbLine
 10
-4200.0826799999995
 20
-2500.0
 30
0.0
 11
-4200.0826799999995
 21
-2490.0
 31
0.0
  0
LINE
  5
BEC
330
17
100
AcDbEntity
  8
baseplate
100
AcDbLine
 10
-4330.0
 20
-2575.01
 30
0.0
 11
-4330.0
 21
-2565.01
 31
0.0
  0
LINE
  5
BED
330
17
100
AcDbEntity
  8
baseplate
100
AcDbLine
 10
-4459.9173200000005
 20
-2500.0
 30
0.0
 11
-4459.9173200000005
 21
-2490.0
 31
0.0
  0
LINE
  5
BEE
330
17
100
AcDbEntity
  8
baseplate
100
AcDbLine
 10
-4330.0
 20
-2406.99
 30
0.0
 11
-4200.0826799999995
 21
-2482.0
 31
0.0
  0
LINE
  5
BEF
330
17
100
AcDbEntity
  8
baseplate
100
AcDbLine
 10
-4200.0826799999995
 20
-2482.0
 30
0.0
 11
-4330.0
 21
-2557.01
 31
0.0
  0
LINE
  5
BF0
330
17
100
AcDbEntity
  8
baseplate
100
AcDbLine
 10
-4330.0
 20
-2557.01
 30
0.0
 11
-4459.9173200000005
 21
-2482.0
 31
0.0
  0
LINE
  5
BF1
330
17
100
AcDbEntity
  8
baseplate
100
AcDbLine
 10
-4459.9173200000005
 20
-2482.0
 30
0.0
 11
-4330.0
 21
-2406.99
 31
0.0
  0
LINE
  5
BF2
330
17
100
AcDbEntity
  8
baseplate
100
AcDbLine
 10
-4330.0
 20
-2414.99
 30
0.0
 11
-4330.0
 21
-2406.99
 31
0.0
  0
LINE
  5
BF3
330
17
100
AcDbEntity
  8
baseplate
100
AcDbLine
 10
-4200.0826799999995
 20
-2490.0
 30
0.0
 11
-4200.0826799999995
 21
-2482.0
 31
0.0
  0
LINE
  5
BF4
330
17
100
AcDbEntity
  8
baseplate
100
AcDbLine
 10
-4330.0
 20
-2565.01
 30
0.0
 11
-4330.0
 21
-2557.01
 31
0.0
  0
LINE
  5
BF5
330
17
100
AcDbEntity
  8
baseplate
100
AcDbLine
 10
-4459.9173200000005
 20
-2490.0
 30
0.0
 11
-4459.9173200000005
 21
-2482.0
 31
0.0
  0
LINE
  5
BF6
330
17
100
AcDbEntity
  8
baseplate
100
AcDbLine
 10
1532.82
 20
-809.99
 30
0.0
 11
1662.74598
 21
-885.005
 31
0.0
  0
LINE
  5
BF7
330
17
100
AcDbEntity
  8
baseplate
100
AcDbLine
 10
1662.74598
 20
-885.005
 30
0.0
 11
1532.82866
 21
-960.015
 31
0.0
  0
LINE
  5
BF8
330
17
100
AcDbEntity
  8
baseplate
100
AcDbLine
 10
1532.82866
 20
-960.015
 30
0.0
 11
1402.90268
 21
-885.0
 31
0.0
  0
LINE
  5
BF9
330
17
100
AcDbEntity
  8
baseplate
100
AcDbLine
 10
1402.90268
 20
-885.0
 30
0.0
 11
1532.82
 21
-809.99
 31
0.0
  0
LINE
  5
BFA
330
17
100
AcDbEntity
  8
baseplate
100
AcDbLine
 10
1532.82
 20
-799.99
 30
0.0
 11
1662.74598
 21
-875.005
 31
0.0
  0
LINE
  5
BFB
330
17
100
AcDbEntity
  8
baseplate
100
AcDbLine
 10
1662.74598
 20
-875.005
 30
0.0
 11
1532.82866
 21
-950.015
 31
0.0
  0
LINE
  5
BFC
330
17
100
AcDbEntity
  8
baseplate
100
AcDbLine
 10
1532.82866
 20
-950.015
 30
0.0
 11
1402.90268
 21
-875.0
 31
0.0
  0
LINE
  5
BFD
330
17
100
AcDbEntity
  8
baseplate
100
AcDbLine
 10
1402.90268
 20
-875.0
 30
0.0
 11
1532.82
 21
-799.99
 31
0.0
  0
LINE
  5
BFE
330
17
100
AcDbEntity
  8
baseplate
100
AcDbLine
 10
1532.82
 20
-809.99
 30
0.0
 11
1532.82
 21
-799.99
 31
0.0
  0
LINE
  5
BFF
330
17
100
AcDbEntity
  8
baseplate
100
AcDbLine
 10
1662.74598
 20
-885.005
 30
0.0
 11
1662.74598
 21
-875.005
 31
0.0
  0
LINE
  5
C00
330
17
100
AcDbEntity
  8
baseplate
100
AcDbLine
 10
1532.82866
 20
-960.015
 30
0.0
 11
1532.82866
 21
-950.015
 31
0.0
  0
LINE
  5
C01
330
17
100
AcDbEntity
  8
baseplate
100
AcDbLine
 10
1402.90268
 20
-885.0
 30
0.0
 11
1402.90268
 21
-875.0
 31
0.0
  0
LINE
  5
C02
330
17
100
AcDbEntity
  8
baseplate
100
AcDbLine
 10
1532.82
 20
-791.99
 30
0.0
 11
1662.74598
 21
-867.005
 31
0.0
  0
LINE
  5
C03
330
17
100
AcDbEntity
  8
baseplate
100
AcDbLine
 10
1662.74598
 20
-867.005
 30
0.0
 11
1532.82866
 21
-942.015
 31
0.0
  0
LINE
  5
C04
330
17
100
AcDbEntity
  8
baseplate
100
AcDbLine
 10
1532.82866
 20
-942.015
 30
0.0
 11
1402.90268
 21
-867.0
 31
0.0
  0
LINE
  5
C05
330
17
100
AcDbEntity
  8
baseplate
100
AcDbLine
 10
1402.90268
 20
-867.0
 30
0.0
 11
1532.82
 21
-791.99
 31
0.0
  0
LINE
  5
C06
330
17
100
AcDbEntity
  8
baseplate
100
AcDbLine
 10
1532.82
 20
-799.99
 30
0.0
 11
1532.82
 21
-791.99
 31
0.0
  0
LINE
  5
C07
330
17
100
AcDbEntity
  8
baseplate
100
AcDbLine
 10
1662.74598
 20
-875.005
 30
0.0
 11
1662.74598
 21
-867.005
 31
0.0
  0
LINE
  5
C08
330
17
100
AcDbEntity
  8
baseplate
100
AcDbLine
 10
1532.82866
 20
-950.015
 30
0.0
 11
1532.82866
 21
-942.015
 31
0.0
  0
LINE
  5
C09
330
17
100
AcDbEntity
  8
baseplate
100
AcDbLine
 10
1402.90268
 20
-875.0
 30
0.0
 11
1402.90268
 21
-867.0
 31
0.0
  0
LINE
  5
C0A
330
17
100
AcDbEntity
  8
baseplate
100
AcDbLine
 10
666.82866
 20
-1309.9850000000001
 30
0.0
 11
796.75464
 21
-1385.0
 31
0.0
  0
LINE
  5
C0B
330
17
100
AcDbEntity
  8
baseplate
100
AcDbLine
 10
796.75464
 20
-1385.0
 30
0.0
 11
666.83732
 21
-1460.01
 31
0.0
  0
LINE
  5
C0C
330
17
100
AcDbEntity
  8
baseplate
100
AcDbLine
 10
666.83732
 20
-1460.01
 30
0.0
 11
536.91134
 21
-1384.995
 31
0.0
  0
LINE
  5
C0D
330
17
100
AcDbEntity
  8
baseplate
100
AcDbLine
 10
536.91134
 20
-1384.995
 30
0.0
 11
666.82866
 21
-1309.9850000000001
 31
0.0
  0
LINE
  5
C0E
330
17
100
AcDbEntity
  8
baseplate
100
AcDbLine
 10
666.82866
 20
-1299.9850000000001
 30
0.0
 11
796.75464
 21
-1375.0
 31
0.0
  0
LINE
  5
C0F
330
17
100
AcDbEntity
  8
baseplate
100
AcDbLine
 10
796.75464
 20
-1375.0
 30
0.0
 11
666.83732
 21
-1450.01
 31
0.0
  0
LINE
  5
C10
330
17
100
AcDbEntity
  8
baseplate
100
AcDbLine
 10
666.83732
 20
-1450.01
 30
0.0
 11
536.91134
 21
-1374.995
 31
0.0
  0
LINE
  5
C11
330
17
100
AcDbEntity
  8
baseplate
100
AcDbLine
 10
536.91134
 20
-1374.995
 30
0.0
 11
666.82866
 21
-1299.9850000000001
 31
0.0
  0
LINE
  5
C12
330
17
100
AcDbEntity
  8
baseplate
100
AcDbLine
 10
666.82866
 20
-1309.9850000000001
 30
0.0
 11
666.82866
 21
-1299.9850000000001
 31
0.0
  0
LINE
  5
C13
330
17
100
AcDbEntity
  8
baseplate
100
AcDbLine
 10
796.75464
 20
-1385.0
 30
0.0
 11
796.75464
 21
-1375.0
 31
0.0
  0
LINE
  5
C14
330
17
100
AcDbEntity
  8
baseplate
100
AcDbLine
 10
666.83732
 20
-1460.01
 30
0.0
 11
666.83732
 21
-1450.01
 31
0.0
  0
LINE
  5
C15
330
17
100
AcDbEntity
  8
baseplate
100
AcDbLine
 10
536.91134
 20
-1384.995
 30
0.0
 11
536.91134
 21
-1374.995
 31
0.0
  0
LINE
  5
C16
330
17
100
AcDbEntity
  8
baseplate
100
AcDbLine
 10
666.82866
 20
-1291.9850000000001
 30
0.0
 11
796.75464
 21
-1367.0
 31
0.0
  0
LINE
  5
C17
330
17
100
AcDbEntity
  8
baseplate
100
AcDbLine
 10
796.75464
 20
-1367.0
 30
0.0
 11
666.83732
 21
-1442.01
 31
0.0
  0
LINE
  5
C18
330
17
100
AcDbEntity
  8
baseplate
100
AcDbLine
 10
666.83732
 20
-1442.01
 30
0.0
 11
536.91134
 21
-1366.995
 31
0.0
  0
LINE
  5
C19
330
17
100
AcDbEntity
  8
baseplate
100
AcDbLine
 10
536.91134
 20
-1366.995
 30
0.0
 11
666.82866
 21
-1291.9850000000001
 31
0.0
  0
LINE
  5
C1A
330
17
100
AcDbEntity
  8
baseplate
100
AcDbLine
 10
666.82866
 20
-1299.9850000000001
 30
0.0
 11
666.82866
 21
-1291.9850000000001
 31
0.0
  0
LINE
  5
C1B
330
17
100
AcDbEntity
  8
baseplate
100
AcDbLine
 10
796.75464
 20
-1375.0
 30
0.0
 11
796.75464
 21
-1367.0
 31
0.0
  0
LINE
  5
C1C
330
17
100
AcDbEntity
  8
baseplate
100
AcDbLine
 10
666.83732
 20
-1450.01
 30
0.0
 11
666.83732
 21
-1442.01
 31
0.0
  0
LINE
  5
C1D
330
17
100
AcDbEntity
  8
baseplate
100
AcDbLine
 10
536.91134
 20
-1374.995
 30
0.0
 11
536.91134
 21
-1366.995
 31
0.0
  0
LINE
  5
C1E
330
17
100
AcDbEntity
  8
baseplate
100
AcDbLine
 10
-199.18866
 20
-1809.995
 30
0.0
 11
-69.26268000000002
 21
-1885.01
 31
0.0
  0
LINE
  5
C1F
330
17
100
AcDbEntity
  8
baseplate
100
AcDbLine
 10
-69.26268000000002
 20
-1885.01
 30
0.0
 11
-199.18
 21
-1960.02
 31
0.0
  0
LINE
  5
C20
330
17
100
AcDbEntity
  8
baseplate
100
AcDbLine
 10
-199.18
 20
-1960.02
 30
0.0
 11
-329.10598
 21
-1885.005
 31
0.0
  0
LINE
  5
C21
330
17
100
AcDbEntity
  8
baseplate
100
AcDbLine
 10
-329.10598
 20
-1885.005
 30
0.0
 11
-199.18866
 21
-1809.995
 31
0.0
  0
LINE
  5
C22
330
17
100
AcDbEntity
  8
baseplate
100
AcDbLine
 10
-199.18866
 20
-1799.995
 30
0.0
 11
-69.26268000000002
 21
-1875.01
 31
0.0
  0
LINE
  5
C23
330
17
100
AcDbEntity
  8
baseplate
100
AcDbLine
 10
-69.26268000000002
 20
-1875.01
 30
0.0
 11
-199.18
 21
-1950.02
 31
0.0
  0
LINE
  5
C24
330
17
100
AcDbEntity
  8
baseplate
100
AcDbLine
 10
-199.18
 20
-1950.02
 30
0.0
 11
-329.10598
 21
-1875.005
 31
0.0
  0
LINE
  5
C25
330
17
100
AcDbEntity
  8
baseplate
100
AcDbLine
 10
-329.10598
 20
-1875.005
 30
0.0
 11
-199.18866
 21
-1799.995
 31
0.0
  0
LINE
  5
C26
330
17
100
AcDbEntity
  8
baseplate
100
AcDbLine
 10
-199.18866
 20
-1809.995
 30
0.0
 11
-199.18866
 21
-1799.995
 31
0.0
  0
LINE
  5
C27
330
17
100
AcDbEntity
  8
baseplate
100
AcDbLine
 10
-69.26268000000002
 20
-1885.01
 30
0.0
 11
-69.26268000000002
 21
-1875.01
 31
0.0
  0
LINE
  5
C28
330
17
100
AcDbEntity
  8
baseplate
100
AcDbLine
 10
-199.18
 20
-1960.02
 30
0.0
 11
-199.18
 21
-1950.02
 31
0.0
  0
LINE
  5
C29
330
17
100
AcDbEntity
  8
baseplate
100
AcDbLine
 10
-329.10598
 20
-1885.005
 30
0.0
 11
-329.10598
 21
-1875.005
 31
0.0
  0
LINE
  5
C2A
330
17
100
AcDbEntity
  8
baseplate
100
AcDbLine
 10
-199.18866
 20
-1791.995
 30
0.0
 11
-69.26268000000002
 21
-1867.01
 31
0.0
  0
LINE
  5
C2B
330
17
100
AcDbEntity
  8
baseplate
100
AcDbLine
 10
-69.26268000000002
 20
-1867.01
 30
0.0
 11
-199.18
 21
-1942.02
 31
0.0
  0
LINE
  5
C2C
330
17
100
AcDbEntity
  8
baseplate
100
AcDbLine
 10
-199.18
 20
-1942.02
 30
0.0
 11
-329.10598
 21
-1867.005
 31
0.0
  0
LINE
  5
C2D
330
17
100
AcDbEntity
  8
baseplate
100
AcDbLine
 10
-329.10598
 20
-1867.005
 30
0.0
 11
-199.18866
 21
-1791.995
 31
0.0
  0
LINE
  5
C2E
330
17
100
AcDbEntity
  8
baseplate
100
AcDbLine
 10
-199.18866
 20
-1799.995
 30
0.0
 11
-199.18866
 21
-1791.995
 31
0.0
  0
LINE
  5
C2F
330
17
100
AcDbEntity
  8
baseplate
100
AcDbLine
 10
-69.26268000000002
 20
-1875.01
 30
0.0
 11
-69.26268000000002
 21
-1867.01
 31
0.0
  0
LINE
  5
C30
330
17
100
AcDbEntity
  8
baseplate
100
AcDbLine
 10
-199.18
 20
-1950.02
 30
0.0
 11
-199.18
 21
-1942.02
 31
0.0
  0
LINE
  5
C31
330
17
100
AcDbEntity
  8
baseplate
100
AcDbLine
 10
-329.10598
 20
-1875.005
 30
0.0
 11
-329.10598
 21
-1867.005
 31
0.0
  0
LINE
  5
C32
330
17
100
AcDbEntity
  8
baseplate
100
AcDbLine
 10
-1065.17134
 20
-2309.985
 30
0.0
 11
-935.24536
 21
-2385.0
 31
0.0
  0
LINE
  5
C33
330
17
100
AcDbEntity
  8
baseplate
100
AcDbLine
 10
-935.24536
 20
-2385.0
 30
0.0
 11
-1065.17134
 21
-2460.0150000000003
 31
0.0
  0
LINE
  5
C34
330
17
100
AcDbEntity
  8
baseplate
100
AcDbLine
 10
-1065.17134
 20
-2460.0150000000003
 30
0.0
 11
-1195.09732
 21
-2385.0
 31
0.0
  0
LINE
  5
C35
330
17
100
AcDbEntity
  8
baseplate
100
AcDbLine
 10
-1195.09732
 20
-2385.0
 30
0.0
 11
-1065.17134
 21
-2309.985
 31
0.0
  0
LINE
  5
C36
330
17
100
AcDbEntity
  8
baseplate
100
AcDbLine
 10
-1065.17134
 20
-2299.985
 30
0.0
 11
-935.24536
 21
-2375.0
 31
0.0
  0
LINE
  5
C37
330
17
100
AcDbEntity
  8
baseplate
100
AcDbLine
 10
-935.24536
 20
-2375.0
 30
0.0
 11
-1065.17134
 21
-2450.0150000000003
 31
0.0
  0
LINE
  5
C38
330
17
100
AcDbEntity
  8
baseplate
100
AcDbLine
 10
-1065.17134
 20
-2450.0150000000003
 30
0.0
 11
-1195.09732
 21
-2375.0
 31
0.0
  0
LINE
  5
C39
330
17
100
AcDbEntity
  8
baseplate
100
AcDbLine
 10
-1195.09732
 20
-2375.0
 30
0.0
 11
-1065.17134
 21
-2299.985
 31
0.0
  0
LINE
  5
C3A
330
17
100
AcDbEntity
  8
baseplate
100
AcDbLine
 10
-1065.17134
 20
-2309.985
 30
0.0
 11
-1065.17134
 21
-2299.985
 31
0.0
  0
LINE
  5
C3B
330
17
100
AcDbEntity
  8
baseplate
100
AcDbLine
 10
-935.24536
 20
-2385.0
 30
0.0
 11
-935.24536
 21
-2375.0
 31
0.0
  0
LINE
  5
C3C
330
17
100
AcDbEntity
  8
baseplate
100
AcDbLine
 10
-1065.17134
 20
-2460.0150000000003
 30
0.0
 11
-1065.17134
 21
-2450.0150000000003
 31
0.0
  0
LINE
  5
C3D
330
17
100
AcDbEntity
  8
baseplate
100
AcDbLine
 10
-1195.09732
 20
-2385.0
 30
0.0
 11
-1195.09732
 21
-2375.0
 31
0.0
  0
LINE
  5
C3E
330
17
100
AcDbEntity
  8
baseplate
100
AcDbLine
 10
-1065.17134
 20
-2291.985
 30
0.0
 11
-935.24536
 21
-2367.0
 31
0.0
  0
LINE
  5
C3F
330
17
100
AcDbEntity
  8
baseplate
100
AcDbLine
 10
-935.24536
 20
-2367.0
 30
0.0
 11
-1065.17134
 21
-2442.0150000000003
 31
0.0
  0
LINE
  5
C40
330
17
100
AcDbEntity
  8
baseplate
100
AcDbLine
 10
-1065.17134
 20
-2442.0150000000003
 30
0.0
 11
-1195.09732
 21
-2367.0
 31
0.0
  0
LINE
  5
C41
330
17
100
AcDbEntity
  8
baseplate
100
AcDbLine
 10
-1195.09732
 20
-2367.0
 30
0.0
 11
-1065.17134
 21
-2291.985
 31
0.0
  0
LINE
  5
C42
330
17
100
AcDbEntity
  8
baseplate
100
AcDbLine
 10
-1065.17134
 20
-2299.985
 30
0.0
 11
-1065.17134
 21
-2291.985
 31
0.0
  0
LINE
  5
C43
330
17
100
AcDbEntity
  8
baseplate
100
AcDbLine
 10
-935.24536
 20
-2375.0
 30
0.0
 11
-935.24536
 21
-2367.0
 31
0.0
  0
LINE
  5
C44
330
17
100
AcDbEntity
  8
baseplate
100
AcDbLine
 10
-1065.17134
 20
-2450.0150000000003
 30
0.0
 11
-1065.17134
 21
-2442.0150000000003
 31
0.0
  0
LINE
  5
C45
330
17
100
AcDbEntity
  8
baseplate
100
AcDbLine
 10
-1195.09732
 20
-2375.0
 30
0.0
 11
-1195.09732
 21
-2367.0
 31
0.0
  0
LINE
  5
C46
330
17
100
AcDbEntity
  8
baseplate
100
AcDbLine
 10
-1931.1886600000003
 20
-2809.995
 30
0.0
 11
-1801.26268
 21
-2885.01
 31
0.0
  0
LINE
  5
C47
330
17
100
AcDbEntity
  8
baseplate
100
AcDbLine
 10
-1801.26268
 20
-2885.01
 30
0.0
 11
-1931.1886600000003
 21
-2960.025
 31
0.0
  0
LINE
  5
C48
330
17
100
AcDbEntity
  8
baseplate
100
AcDbLine
 10
-1931.1886600000003
 20
-2960.025
 30
0.0
 11
-2061.11464
 21
-2885.01
 31
0.0
  0
LINE
  5
C49
330
17
100
AcDbEntity
  8
baseplate
100
AcDbLine
 10
-2061.11464
 20
-2885.01
 30
0.0
 11
-1931.1886600000003
 21
-2809.995
 31
0.0
  0
LINE
  5
C4A
330
17
100
AcDbEntity
  8
baseplate
100
AcDbLine
 10
-1931.1886600000003
 20
-2799.995
 30
0.0
 11
-1801.26268
 21
-2875.01
 31
0.0
  0
LINE
  5
C4B
330
17
100
AcDbEntity
  8
baseplate
100
AcDbLine
 10
-1801.26268
 20
-2875.01
 30
0.0
 11
-1931.1886600000003
 21
-2950.025
 31
0.0
  0
LINE
  5
C4C
330
17
100
AcDbEntity
  8
baseplate
100
AcDbLine
 10
-1931.1886600000003
 20
-2950.025
 30
0.0
 11
-2061.11464
 21
-2875.01
 31
0.0
  0
LINE
  5
C4D
330
17
100
AcDbEntity
  8
baseplate
100
AcDbLine
 10
-2061.11464
 20
-2875.01
 30
0.0
 11
-1931.1886600000003
 21
-2799.995
 31
0.0
  0
LINE
  5
C4E
330
17
100
AcDbEntity
  8
baseplate
100
AcDbLine
 10
-1931.1886600000003
 20
-2809.995
 30
0.0
 11
-1931.1886600000003
 21
-2799.995
 31
0.0
  0
LINE
  5
C4F
330
17
100
AcDbEntity
  8
baseplate
100
AcDbLine
 10
-1801.26268
 20
-2885.01
 30
0.0
 11
-1801.26268
 21
-2875.01
 31
0.0
  0
LINE
  5
C50
330
17
100
AcDbEntity
  8
baseplate
100
AcDbLine
 10
-1931.1886600000003
 20
-2960.025
 30
0.0
 11
-1931.1886600000003
 21
-2950.025
 31
0.0
  0
LINE
  5
C51
330
17
100
AcDbEntity
  8
baseplate
100
AcDbLine
 10
-2061.11464
 20
-2885.01
 30
0.0
 11
-2061.11464
 21
-2875.01
 31
0.0
  0
LINE
  5
C52
330
17
100
AcDbEntity
  8
baseplate
100
AcDbLine
 10
-1931.1886600000003
 20
-2791.995
 30
0.0
 11
-1801.26268
 21
-2867.01
 31
0.0
  0
LINE
  5
C53
330
17
100
AcDbEntity
  8
baseplate
100
AcDbLine
 10
-1801.26268
 20
-2867.01
 30
0.0
 11
-1931.1886600000003
 21
-2942.025
 31
0.0
  0
LINE
  5
C54
330
17
100
AcDbEntity
  8
baseplate
100
AcDbLine
 10
-1931.1886600000003
 20
-2942.025
 30
0.0
 11
-2061.11464
 21
-2867.01
 31
0.0
  0
LINE
  5
C55
330
17
100
AcDbEntity
  8
baseplate
100
AcDbLine
 10
-2061.11464
 20
-2867.01
 30
0.0
 11
-1931.1886600000003
 21
-2791.995
 31
0.0
  0
LINE
  5
C56
330
17
100
AcDbEntity
  8
baseplate
100
AcDbLine
 10
-1931.1886600000003
 20
-2799.995
 30
0.0
 11
-1931.1886600000003
 21
-2791.995
 31
0.0
  0
LINE
  5
C57
330
17
100
AcDbEntity
  8
baseplate
100
AcDbLine
 10
-1801.26268
 20
-2875.01
 30
0.0
 11
-1801.26268
 21
-2867.01
 31
0.0
  0
LINE
  5
C58
330
17
100
AcDbEntity
  8
baseplate
100
AcDbLine
 10
-1931.1886600000003
 20
-2950.025
 30
0.0
 11
-1931.1886600000003
 21
-2942.025
 31
0.0
  0
LINE
  5
C59
330
17
100
AcDbEntity
  8
baseplate
100
AcDbLine
 10
-2061.11464
 20
-2875.01
 30
0.0
 11
-2061.11464
 21
-2867.01
 31
0.0
  0
LINE
  5
C5A
330
17
100
AcDbEntity
  8
baseplate
100
AcDbLine
 10
-2797.18
 20
-3309.99
 30
0.0
 11
-2667.25402
 21
-3385.005
 31
0.0
  0
LINE
  5
C5B
330
17
100
AcDbEntity
  8
baseplate
100
AcDbLine
 10
-2667.25402
 20
-3385.005
 30
0.0
 11
-2797.1713400000003
 21
-3460.0150000000003
 31
0.0
  0
LINE
  5
C5C
330
17
100
AcDbEntity
  8
baseplate
100
AcDbLine
 10
-2797.1713400000003
 20
-3460.0150000000003
 30
0.0
 11
-2927.0973200000003
 21
-3385.0
 31
0.0
  0
LINE
  5
C5D
330
17
100
AcDbEntity
  8
baseplate
100
AcDbLine
 10
-2927.0973200000003
 20
-3385.0
 30
0.0
 11
-2797.18
 21
-3309.99
 31
0.0
  0
LINE
  5
C5E
330
17
100
AcDbEntity
  8
baseplate
100
AcDbLine
 10
-2797.18
 20
-3299.99
 30
0.0
 11
-2667.25402
 21
-3375.005
 31
0.0
  0
LINE
  5
C5F
330
17
100
AcDbEntity
  8
baseplate
100
AcDbLine
 10
-2667.25402
 20
-3375.005
 30
0.0
 11
-2797.1713400000003
 21
-3450.0150000000003
 31
0.0
  0
LINE
  5
C60
330
17
100
AcDbEntity
  8
baseplate
100
AcDbLine
 10
-2797.1713400000003
 20
-3450.0150000000003
 30
0.0
 11
-2927.0973200000003
 21
-3375.0
 31
0.0
  0
LINE
  5
C61
330
17
100
AcDbEntity
  8
baseplate
100
AcDbLine
 10
-2927.0973200000003
 20
-3375.0
 30
0.0
 11
-2797.18
 21
-3299.99
 31
0.0
  0
LINE
  5
C62
330
17
100
AcDbEntity
  8
baseplate
100
AcDbLine
 10
-2797.18
 20
-3309.99
 30
0.0
 11
-2797.18
 21
-3299.99
 31
0.0
  0
LINE
  5
C63
330
17
100
AcDbEntity
  8
baseplate
100
AcDbLine
 10
-2667.25402
 20
-3385.005
 30
0.0
 11
-2667.25402
 21
-3375.005
 31
0.0
  0
LINE
  5
C64
330
17
100
AcDbEntity
  8
baseplate
100
AcDbLine
 10
-2797.1713400000003
 20
-3460.0150000000003
 30
0.0
 11
-2797.1713400000003
 21
-3450.0150000000003
 31
0.0
  0
LINE
  5
C65
330
17
100
AcDbEntity
  8
baseplate
100
AcDbLine
 10
-2927.0973200000003
 20
-3385.0
 30
0.0
 11
-2927.0973200000003
 21
-3375.0
 31
0.0
  0
LINE
  5
C66
330
17
100
AcDbEntity
  8
baseplate
100
AcDbLine
 10
-2797.18
 20
-3291.99
 30
0.0
 11
-2667.25402
 21
-3367.005
 31
0.0
  0
LINE
  5
C67
330
17
100
AcDbEntity
  8
baseplate
100
AcDbLine
 10
-2667.25402
 20
-3367.005
 30
0.0
 11
-2797.1713400000003
 21
-3442.0150000000003
 31
0.0
  0
LINE
  5
C68
330
17
100
AcDbEntity
  8
baseplate
100
AcDbLine
 10
-2797.1713400000003
 20
-3442.0150000000003
 30
0.0
 11
-2927.0973200000003
 21
-3367.0
 31
0.0
  0
LINE
  5
C69
330
17
100
AcDbEntity
  8
baseplate
100
AcDbLine
 10
-2927.0973200000003
 20
-3367.0
 30
0.0
 11
-2797.18
 21
-3291.99
 31
0.0
  0
LINE
  5
C6A
330
17
100
AcDbEntity
  8
baseplate
100
AcDbLine
 10
-2797.18
 20
-3299.99
 30
0.0
 11
-2797.18
 21
-3291.99
 31
0.0
  0
LINE
  5
C6B
330
17
100
AcDbEntity
  8
baseplate
100
AcDbLine
 10
-2667.25402
 20
-3375.005
 30
0.0
 11
-2667.25402
 21
-3367.005
 31
0.0
  0
LINE
  5
C6C
330
17
100
AcDbEntity
  8
baseplate
100
AcDbLine
 10
-2797.1713400000003
 20
-3450.0150000000003
 30
0.0
 11
-2797.1713400000003
 21
-3442.0150000000003
 31
0.0
  0
LINE
  5
C6D
330
17
100
AcDbEntity
  8
baseplate
100
AcDbLine
 10
-2927.0973200000003
 20
-3375.0
 30
0.0
 11
-2927.0973200000003
 21
-3367.0
 31
0.0
  0
LINE
  5
C6E
330
17
100
AcDbEntity
  8
baseplate
100
AcDbLine
 10
3065.6486600000003
 20
-1694.995
 30
0.0
 11
3195.5659800000003
 21
-1770.0049999999999
 31
0.0
  0
LINE
  5
C6F
330
17
100
AcDbEntity
  8
baseplate
100
AcDbLine
 10
3195.5659800000003
 20
-1770.0049999999999
 30
0.0
 11
3065.64866
 21
-1845.015
 31
0.0
  0
LINE
  5
C70
330
17
100
AcDbEntity
  8
baseplate
100
AcDbLine
 10
3065.64866
 20
-1845.015
 30
0.0
 11
2935.73134
 21
-1770.005
 31
0.0
  0
LINE
  5
C71
330
17
100
AcDbEntity
  8
baseplate
100
AcDbLine
 10
2935.73134
 20
-1770.005
 30
0.0
 11
3065.6486600000003
 21
-1694.995
 31
0.0
  0
LINE
  5
C72
330
17
100
AcDbEntity
  8
baseplate
100
AcDbLine
 10
3065.6486600000003
 20
-1684.995
 30
0.0
 11
3195.5659800000003
 21
-1760.0049999999999
 31
0.0
  0
LINE
  5
C73
330
17
100
AcDbEntity
  8
baseplate
100
AcDbLine
 10
3195.5659800000003
 20
-1760.0049999999999
 30
0.0
 11
3065.64866
 21
-1835.015
 31
0.0
  0
LINE
  5
C74
330
17
100
AcDbEntity
  8
baseplate
100
AcDbLine
 10
3065.64866
 20
-1835.015
 30
0.0
 11
2935.73134
 21
-1760.005
 31
0.0
  0
LINE
  5
C75
330
17
100
AcDbEntity
  8
baseplate
100
AcDbLine
 10
2935.73134
 20
-1760.005
 30
0.0
 11
3065.6486600000003
 21
-1684.995
 31
0.0
  0
LINE
  5
C76
330
17
100
AcDbEntity
  8
baseplate
100
AcDbLine
 10
3065.6486600000003
 20
-1694.995
 30
0.0
 11
3065.6486600000003
 21
-1684.995
 31
0.0
  0
LINE
  5
C77
330
17
100
AcDbEntity
  8
baseplate
100
AcDbLine
 10
3195.5659800000003
 20
-1770.0049999999999
 30
0.0
 11
3195.5659800000003
 21
-1760.0049999999999
 31
0.0
  0
LINE
  5
C78
330
17
100
AcDbEntity
  8
baseplate
100
AcDbLine
 10
3065.64866
 20
-1845.015
 30
0.0
 11
3065.64866
 21
-1835.015
 31
0.0
  0
LINE
  5
C79
330
17
100
AcDbEntity
  8
baseplate
100
AcDbLine
 10
2935.73134
 20
-1770.005
 30
0.0
 11
2935.73134
 21
-1760.005
 31
0.0
  0
LINE
  5
C7A
330
17
100
AcDbEntity
  8
baseplate
100
AcDbLine
 10
3065.6486600000003
 20
-1676.995
 30
0.0
 11
3195.5659800000003
 21
-1752.0049999999999
 31
0.0
  0
LINE
  5
C7B
330
17
100
AcDbEntity
  8
baseplate
100
AcDbLine
 10
3195.5659800000003
 20
-1752.0049999999999
 30
0.0
 11
3065.64866
 21
-1827.015
 31
0.0
  0
LINE
  5
C7C
330
17
100
AcDbEntity
  8
baseplate
100
AcDbLine
 10
3065.64866
 20
-1827.015
 30
0.0
 11
2935.73134
 21
-1752.005
 31
0.0
  0
LINE
  5
C7D
330
17
100
AcDbEntity
  8
baseplate
100
AcDbLine
 10
2935.73134
 20
-1752.005
 30
0.0
 11
3065.6486600000003
 21
-1676.995
 31
0.0
  0
LINE
  5
C7E
330
17
100
AcDbEntity
  8
baseplate
100
AcDbLine
 10
3065.6486600000003
 20
-1684.995
 30
0.0
 11
3065.6486600000003
 21
-1676.995
 31
0.0
  0
LINE
  5
C7F
330
17
100
AcDbEntity
  8
baseplate
100
AcDbLine
 10
3195.5659800000003
 20
-1760.0049999999999
 30
0.0
 11
3195.5659800000003
 21
-1752.0049999999999
 31
0.0
  0
LINE
  5
C80
330
17
100
AcDbEntity
  8
baseplate
100
AcDbLine
 10
3065.64866
 20
-1835.015
 30
0.0
 11
3065.64866
 21
-1827.015
 31
0.0
  0
LINE
  5
C81
330
17
100
AcDbEntity
  8
baseplate
100
AcDbLine
 10
2935.73134
 20
-1760.005
 30
0.0
 11
2935.73134
 21
-1752.005
 31
0.0
  0
LINE
  5
C82
330
17
100
AcDbEntity
  8
baseplate
100
AcDbLine
 10
2199.65732
 20
-2194.99
 30
0.0
 11
2329.57464
 21
-2270.0
 31
0.0
  0
LINE
  5
C83
330
17
100
AcDbEntity
  8
baseplate
100
AcDbLine
 10
2329.57464
 20
-2270.0
 30
0.0
 11
2199.65732
 21
-2345.01
 31
0.0
  0
LINE
  5
C84
330
17
100
AcDbEntity
  8
baseplate
100
AcDbLine
 10
2199.65732
 20
-2345.01
 30
0.0
 11
2069.74
 21
-2270.0
 31
0.0
  0
LINE
  5
C85
330
17
100
AcDbEntity
  8
baseplate
100
AcDbLine
 10
2069.74
 20
-2270.0
 30
0.0
 11
2199.65732
 21
-2194.99
 31
0.0
  0
LINE
  5
C86
330
17
100
AcDbEntity
  8
baseplate
100
AcDbLine
 10
2199.65732
 20
-2184.99
 30
0.0
 11
2329.57464
 21
-2260.0
 31
0.0
  0
LINE
  5
C87
330
17
100
AcDbEntity
  8
baseplate
100
AcDbLine
 10
2329.57464
 20
-2260.0
 30
0.0
 11
2199.65732
 21
-2335.01
 31
0.0
  0
LINE
  5
C88
330
17
100
AcDbEntity
  8
baseplate
100
AcDbLine
 10
2199.65732
 20
-2335.01
 30
0.0
 11
2069.74
 21
-2260.0
 31
0.0
  0
LINE
  5
C89
330
17
100
AcDbEntity
  8
baseplate
100
AcDbLine
 10
2069.74
 20
-2260.0
 30
0.0
 11
2199.65732
 21
-2184.99
 31
0.0
  0
LINE
  5
C8A
330
17
100
AcDbEntity
  8
baseplate
100
AcDbLine
 10
2199.65732
 20
-2194.99
 30
0.0
 11
2199.65732
 21
-2184.99
 31
0.0
  0
LINE
  5
C8B
330
17
100
AcDbEntity
  8
baseplate
100
AcDbLine
 10
2329.57464
 20
-2270.0
 30
0.0
 11
2329.57464
 21
-2260.0
 31
0.0
  0
LINE
  5
C8C
330
17
100
AcDbEntity
  8
baseplate
100
AcDbLine
 10
2199.65732
 20
-2345.01
 30
0.0
 11
2199.65732
 21
-2335.01
 31
0.0
  0
LINE
  5
C8D
330
17
100
AcDbEntity
  8
baseplate
100
AcDbLine
 10
2069.74
 20
-2270.0
 30
0.0
 11
2069.74
 21
-2260.0
 31
0.0
  0
LINE
  5
C8E
330
17
100
AcDbEntity
  8
baseplate
100
AcDbLine
 10
2199.65732
 20
-2176.99
 30
0.0
 11
2329.57464
 21
-2252.0
 31
0.0
  0
LINE
  5
C8F
330
17
100
AcDbEntity
  8
baseplate
100
AcDbLine
 10
2329.57464
 20
-2252.0
 30
0.0
 11
2199.65732
 21
-2327.01
 31
0.0
  0
LINE
  5
C90
330
17
100
AcDbEntity
  8
baseplate
100
AcDbLine
 10
2199.65732
 20
-2327.01
 30
0.0
 11
2069.74
 21
-2252.0
 31
0.0
  0
LINE
  5
C91
330
17
100
AcDbEntity
  8
baseplate
100
AcDbLine
 10
2069.74
 20
-2252.0
 30
0.0
 11
2199.65732
 21
-2176.99
 31
0.0
  0
LINE
  5
C92
330
17
100
AcDbEntity
  8
baseplate
100
AcDbLine
 10
2199.65732
 20
-2184.99
 30
0.0
 11
2199.65732
 21
-2176.99
 31
0.0
  0
LINE
  5
C93
330
17
100
AcDbEntity
  8
baseplate
100
AcDbLine
 10
2329.57464
 20
-2260.0
 30
0.0
 11
2329.57464
 21
-2252.0
 31
0.0
  0
LINE
  5
C94
330
17
100
AcDbEntity
  8
baseplate
100
AcDbLine
 10
2199.65732
 20
-2335.01
 30
0.0
 11
2199.65732
 21
-2327.01
 31
0.0
  0
LINE
  5
C95
330
17
100
AcDbEntity
  8
baseplate
100
AcDbLine
 10
2069.74
 20
-2260.0
 30
0.0
 11
2069.74
 21
-2252.0
 31
0.0
  0
LINE
  5
C96
330
17
100
AcDbEntity
  8
baseplate
100
AcDbLine
 10
1333.64
 20
-2695.0
 30
0.0
 11
1463.55732
 21
-2770.01
 31
0.0
  0
LINE
  5
C97
330
17
100
AcDbEntity
  8
baseplate
100
AcDbLine
 10
1463.55732
 20
-2770.01
 30
0.0
 11
1333.64
 21
-2845.02
 31
0.0
  0
LINE
  5
C98
330
17
100
AcDbEntity
  8
baseplate
100
AcDbLine
 10
1333.64
 20
-2845.02
 30
0.0
 11
1203.72268
 21
-2770.01
 31
0.0
  0
LINE
  5
C99
330
17
100
AcDbEntity
  8
baseplate
100
AcDbLine
 10
1203.72268
 20
-2770.01
 30
0.0
 11
1333.64
 21
-2695.0
 31
0.0
  0
LINE
  5
C9A
330
17
100
AcDbEntity
  8
baseplate
100
AcDbLine
 10
1333.64
 20
-2685.0
 30
0.0
 11
1463.55732
 21
-2760.01
 31
0.0
  0
LINE
  5
C9B
330
17
100
AcDbEntity
  8
baseplate
100
AcDbLine
 10
1463.55732
 20
-2760.01
 30
0.0
 11
1333.64
 21
-2835.02
 31
0.0
  0
LINE
  5
C9C
330
17
100
AcDbEntity
  8
baseplate
100
AcDbLine
 10
1333.64
 20
-2835.02
 30
0.0
 11
1203.72268
 21
-2760.01
 31
0.0
  0
LINE
  5
C9D
330
17
100
AcDbEntity
  8
baseplate
100
AcDbLine
 10
1203.72268
 20
-2760.01
 30
0.0
 11
1333.64
 21
-2685.0
 31
0.0
  0
LINE
  5
C9E
330
17
100
AcDbEntity
  8
baseplate
100
AcDbLine
 10
1333.64
 20
-2695.0
 30
0.0
 11
1333.64
 21
-2685.0
 31
0.0
  0
LINE
  5
C9F
330
17
100
AcDbEntity
  8
baseplate
100
AcDbLine
 10
1463.55732
 20
-2770.01
 30
0.0
 11
1463.55732
 21
-2760.01
 31
0.0
  0
LINE
  5
CA0
330
17
100
AcDbEntity
  8
baseplate
100
AcDbLine
 10
1333.64
 20
-2845.02
 30
0.0
 11
1333.64
 21
-2835.02
 31
0.0
  0
LINE
  5
CA1
330
17
100
AcDbEntity
  8
baseplate
100
AcDbLine
 10
1203.72268
 20
-2770.01
 30
0.0
 11
1203.72268
 21
-2760.01
 31
0.0
  0
LINE
  5
CA2
330
17
100
AcDbEntity
  8
baseplate
100
AcDbLine
 10
1333.64
 20
-2677.0
 30
0.0
 11
1463.55732
 21
-2752.01
 31
0.0
  0
LINE
  5
CA3
330
17
100
AcDbEntity
  8
baseplate
100
AcDbLine
 10
1463.55732
 20
-2752.01
 30
0.0
 11
1333.64
 21
-2827.02
 31
0.0
  0
LINE
  5
CA4
330
17
100
AcDbEntity
  8
baseplate
100
AcDbLine
 10
1333.64
 20
-2827.02
 30
0.0
 11
1203.72268
 21
-2752.01
 31
0.0
  0
LINE
  5
CA5
330
17
100
AcDbEntity
  8
baseplate
100
AcDbLine
 10
1203.72268
 20
-2752.01
 30
0.0
 11
1333.64
 21
-2677.0
 31
0.0
  0
LINE
  5
CA6
330
17
100
AcDbEntity
  8
baseplate
100
AcDbLine
 10
1333.64
 20
-2685.0
 30
0.0
 11
1333.64
 21
-2677.0
 31
0.0
  0
LINE
  5
CA7
330
17
100
AcDbEntity
  8
baseplate
100
AcDbLine
 10
1463.55732
 20
-2760.01
 30
0.0
 11
1463.55732
 21
-2752.01
 31
0.0
  0
LINE
  5
CA8
330
17
100
AcDbEntity
  8
baseplate
100
AcDbLine
 10
1333.64
 20
-2835.02
 30
0.0
 11
1333.64
 21
-2827.02
 31
0.0
  0
LINE
  5
CA9
330
17
100
AcDbEntity
  8
baseplate
100
AcDbLine
 10
1203.72268
 20
-2760.01
 30
0.0
 11
1203.72268
 21
-2752.01
 31
0.0
  0
LINE
  5
CAA
330
17
100
AcDbEntity
  8
baseplate
100
AcDbLine
 10
467.65731999999997
 20
-3194.99
 30
0.0
 11
597.5746399999999
 21
-3270.0
 31
0.0
  0
LINE
  5
CAB
330
17
100
AcDbEntity
  8
baseplate
100
AcDbLine
 10
597.5746399999999
 20
-3270.0
 30
0.0
 11
467.6486599999998
 21
-3345.0150000000003
 31
0.0
  0
LINE
  5
CAC
330
17
100
AcDbEntity
  8
baseplate
100
AcDbLine
 10
467.6486599999998
 20
-3345.0150000000003
 30
0.0
 11
337.7313399999998
 21
-3270.005
 31
0.0
  0
LINE
  5
CAD
330
17
100
AcDbEntity
  8
baseplate
100
AcDbLine
 10
337.7313399999998
 20
-3270.005
 30
0.0
 11
467.65731999999997
 21
-3194.99
 31
0.0
  0
LINE
  5
CAE
330
17
100
AcDbEntity
  8
baseplate
100
AcDbLine
 10
467.65731999999997
 20
-3184.99
 30
0.0
 11
597.5746399999999
 21
-3260.0
 31
0.0
  0
LINE
  5
CAF
330
17
100
AcDbEntity
  8
baseplate
100
AcDbLine
 10
597.5746399999999
 20
-3260.0
 30
0.0
 11
467.6486599999998
 21
-3335.0150000000003
 31
0.0
  0
LINE
  5
CB0
330
17
100
AcDbEntity
  8
baseplate
100
AcDbLine
 10
467.6486599999998
 20
-3335.0150000000003
 30
0.0
 11
337.7313399999998
 21
-3260.005
 31
0.0
  0
LINE
  5
CB1
330
17
100
AcDbEntity
  8
baseplate
100
AcDbLine
 10
337.7313399999998
 20
-3260.005
 30
0.0
 11
467.65731999999997
 21
-3184.99
 31
0.0
  0
LINE
  5
CB2
330
17
100
AcDbEntity
  8
baseplate
100
AcDbLine
 10
467.65731999999997
 20
-3194.99
 30
0.0
 11
467.65731999999997
 21
-3184.99
 31
0.0
  0
LINE
  5
CB3
330
17
100
AcDbEntity
  8
baseplate
100
AcDbLine
 10
597.5746399999999
 20
-3270.0
 30
0.0
 11
597.5746399999999
 21
-3260.0
 31
0.0
  0
LINE
  5
CB4
330
17
100
AcDbEntity
  8
baseplate
100
AcDbLine
 10
467.6486599999998
 20
-3345.0150000000003
 30
0.0
 11
467.6486599999998
 21
-3335.0150000000003
 31
0.0
  0
LINE
  5
CB5
330
17
100
AcDbEntity
  8
baseplate
100
AcDbLine
 10
337.7313399999998
 20
-3270.005
 30
0.0
 11
337.7313399999998
 21
-3260.005
 31
0.0
  0
LINE
  5
CB6
330
17
100
AcDbEntity
  8
baseplate
100
AcDbLine
 10
467.65731999999997
 20
-3176.99
 30
0.0
 11
597.5746399999999
 21
-3252.0
 31
0.0
  0
LINE
  5
CB7
330
17
100
AcDbEntity
  8
baseplate
100
AcDbLine
 10
597.5746399999999
 20
-3252.0
 30
0.0
 11
467.6486599999998
 21
-3327.0150000000003
 31
0.0
  0
LINE
  5
CB8
330
17
100
AcDbEntity
  8
baseplate
100
AcDbLine
 10
467.6486599999998
 20
-3327.0150000000003
 30
0.0
 11
337.7313399999998
 21
-3252.005
 31
0.0
  0
LINE
  5
CB9
330
17
100
AcDbEntity
  8
baseplate
100
AcDbLine
 10
337.7313399999998
 20
-3252.005
 30
0.0
 11
467.65731999999997
 21
-3176.99
 31
0.0
  0
LINE
  5
CBA
330
17
100
AcDbEntity
  8
baseplate
100
AcDbLine
 10
467.65731999999997
 20
-3184.99
 30
0.0
 11
467.65731999999997
 21
-3176.99
 31
0.0
  0
LINE
  5
CBB
330
17
100
AcDbEntity
  8
baseplate
100
AcDbLine
 10
597.5746399999999
 20
-3260.0
 30
0.0
 11
597.5746399999999
 21
-3252.0
 31
0.0
  0
LINE
  5
CBC
330
17
100
AcDbEntity
  8
baseplate
100
AcDbLine
 10
467.6486599999998
 20
-3335.0150000000003
 30
0.0
 11
467.6486599999998
 21
-3327.0150000000003
 31
0.0
  0
LINE
  5
CBD
330
17
100
AcDbEntity
  8
baseplate
100
AcDbLine
 10
337.7313399999998
 20
-3260.005
 30
0.0
 11
337.7313399999998
 21
-3252.005
 31
0.0
  0
LINE
  5
CBE
330
17
100
AcDbEntity
  8
baseplate
100
AcDbLine
 10
-398.36
 20
-3695.0
 30
0.0
 11
-268.44268
 21
-3770.01
 31
0.0
  0
LINE
  5
CBF
330
17
100
AcDbEntity
  8
baseplate
100
AcDbLine
 10
-268.44268
 20
-3770.01
 30
0.0
 11
-398.3686600000002
 21
-3845.025
 31
0.0
  0
LINE
  5
CC0
330
17
100
AcDbEntity
  8
baseplate
100
AcDbLine
 10
-398.3686600000002
 20
-3845.025
 30
0.0
 11
-528.2859800000002
 21
-3770.0150000000003
 31
0.0
  0
LINE
  5
CC1
330
17
100
AcDbEntity
  8
baseplate
100
AcDbLine
 10
-528.2859800000002
 20
-3770.0150000000003
 30
0.0
 11
-398.36
 21
-3695.0
 31
0.0
  0
LINE
  5
CC2
330
17
100
AcDbEntity
  8
baseplate
100
AcDbLine
 10
-398.36
 20
-3685.0
 30
0.0
 11
-268.44268
 21
-3760.01
 31
0.0
  0
LINE
  5
CC3
330
17
100
AcDbEntity
  8
baseplate
100
AcDbLine
 10
-268.44268
 20
-3760.01
 30
0.0
 11
-398.3686600000002
 21
-3835.025
 31
0.0
  0
LINE
  5
CC4
330
17
100
AcDbEntity
  8
baseplate
100
AcDbLine
 10
-398.3686600000002
 20
-3835.025
 30
0.0
 11
-528.2859800000002
 21
-3760.0150000000003
 31
0.0
  0
LINE
  5
CC5
330
17
100
AcDbEntity
  8
baseplate
100
AcDbLine
 10
-528.2859800000002
 20
-3760.0150000000003
 30
0.0
 11
-398.36
 21
-3685.0
 31
0.0
  0
LINE
  5
CC6
330
17
100
AcDbEntity
  8
baseplate
100
AcDbLine
 10
-398.36
 20
-3695.0
 30
0.0
 11
-398.36
 21
-3685.0
 31
0.0
  0
LINE
  5
CC7
330
17
100
AcDbEntity
  8
baseplate
100
AcDbLine
 10
-268.44268
 20
-3770.01
 30
0.0
 11
-268.44268
 21
-3760.01
 31
0.0
  0
LINE
  5
CC8
330
17
100
AcDbEntity
  8
baseplate
100
AcDbLine
 10
-398.3686600000002
 20
-3845.025
 30
0.0
 11
-398.3686600000002
 21
-3835.025
 31
0.0
  0
LINE
  5
CC9
330
17
100
AcDbEntity
  8
baseplate
100
AcDbLine
 10
-528.2859800000002
 20
-3770.0150000000003
 30
0.0
 11
-528.2859800000002
 21
-3760.0150000000003
 31
0.0
  0
LINE
  5
CCA
330
17
100
AcDbEntity
  8
baseplate
100
AcDbLine
 10
-398.36
 20
-3677.0
 30
0.0
 11
-268.44268
 21
-3752.01
 31
0.0
  0
LINE
  5
CCB
330
17
100
AcDbEntity
  8
baseplate
100
AcDbLine
 10
-268.44268
 20
-3752.01
 30
0.0
 11
-398.3686600000002
 21
-3827.025
 31
0.0
  0
LINE
  5
CCC
330
17
100
AcDbEntity
  8
baseplate
100
AcDbLine
 10
-398.3686600000002
 20
-3827.025
 30
0.0
 11
-528.2859800000002
 21
-3752.0150000000003
 31
0.0
  0
LINE
  5
CCD
330
17
100
AcDbEntity
  8
baseplate
100
AcDbLine
 10
-528.2859800000002
 20
-3752.0150000000003
 30
0.0
 11
-398.36
 21
-3677.0
 31
0.0
  0
LINE
  5
CCE
330
17
100
AcDbEntity
  8
baseplate
100
AcDbLine
 10
-398.36
 20
-3685.0
 30
0.0
 11
-398.36
 21
-3677.0
 31
0.0
  0
LINE
  5
CCF
330
17
100
AcDbEntity
  8
baseplate
100
AcDbLine
 10
-268.44268
 20
-3760.01
 30
0.0
 11
-268.44268
 21
-3752.01
 31
0.0
  0
LINE
  5
CD0
330
17
100
AcDbEntity
  8
baseplate
100
AcDbLine
 10
-398.3686600000002
 20
-3835.025
 30
0.0
 11
-398.3686600000002
 21
-3827.025
 31
0.0
  0
LINE
  5
CD1
330
17
100
AcDbEntity
  8
baseplate
100
AcDbLine
 10
-528.2859800000002
 20
-3760.0150000000003
 30
0.0
 11
-528.2859800000002
 21
-3752.0150000000003
 31
0.0
  0
LINE
  5
CD2
330
17
100
AcDbEntity
  8
baseplate
100
AcDbLine
 10
-1264.3513399999997
 20
-4194.995
 30
0.0
 11
-1134.43402
 21
-4270.005
 31
0.0
  0
LINE
  5
CD3
330
17
100
AcDbEntity
  8
baseplate
100
AcDbLine
 10
-1134.43402
 20
-4270.005
 30
0.0
 11
-1264.3513400000002
 21
-4345.015
 31
0.0
  0
LINE
  5
CD4
330
17
100
AcDbEntity
  8
baseplate
100
AcDbLine
 10
-1264.3513400000002
 20
-4345.015
 30
0.0
 11
-1394.2686600000002
 21
-4270.005
 31
0.0
  0
LINE
  5
CD5
330
17
100
AcDbEntity
  8
baseplate
100
AcDbLine
 10
-1394.2686600000002
 20
-4270.005
 30
0.0
 11
-1264.3513399999997
 21
-4194.995
 31
0.0
  0
LINE
  5
CD6
330
17
100
AcDbEntity
  8
baseplate
100
AcDbLine
 10
-1264.3513399999997
 20
-4184.995
 30
0.0
 11
-1134.43402
 21
-4260.005
 31
0.0
  0
LINE
  5
CD7
330
17
100
AcDbEntity
  8
baseplate
100
AcDbLine
 10
-1134.43402
 20
-4260.005
 30
0.0
 11
-1264.3513400000002
 21
-4335.015
 31
0.0
  0
LINE
  5
CD8
330
17
100
AcDbEntity
  8
baseplate
100
AcDbLine
 10
-1264.3513400000002
 20
-4335.015
 30
0.0
 11
-1394.2686600000002
 21
-4260.005
 31
0.0
  0
LINE
  5
CD9
330
17
100
AcDbEntity
  8
baseplate
100
AcDbLine
 10
-1394.2686600000002
 20
-4260.005
 30
0.0
 11
-1264.3513399999997
 21
-4184.995
 31
0.0
  0
LINE
  5
CDA
330
17
100
AcDbEntity
  8
baseplate
100
AcDbLine
 10
-1264.3513399999997
 20
-4194.995
 30
0.0
 11
-1264.3513399999997
 21
-4184.995
 31
0.0
  0
LINE
  5
CDB
330
17
100
AcDbEntity
  8
baseplate
100
AcDbLine
 10
-1134.43402
 20
-4270.005
 30
0.0
 11
-1134.43402
 21
-4260.005
 31
0.0
  0
LINE
  5
CDC
330
17
100
AcDbEntity
  8
baseplate
100
AcDbLine
 10
-1264.3513400000002
 20
-4345.015
 30
0.0
 11
-1264.3513400000002
 21
-4335.015
 31
0.0
  0
LINE
  5
CDD
330
17
100
AcDbEntity
  8
baseplate
100
AcDbLine
 10
-1394.2686600000002
 20
-4270.005
 30
0.0
 11
-1394.2686600000002
 21
-4260.005
 31
0.0
  0
LINE
  5
CDE
330
17
100
AcDbEntity
  8
baseplate
100
AcDbLine
 10
-1264.3513399999997
 20
-4176.995
 30
0.0
 11
-1134.43402
 21
-4252.005
 31
0.0
  0
LINE
  5
CDF
330
17
100
AcDbEntity
  8
baseplate
100
AcDbLine
 10
-1134.43402
 20
-4252.005
 30
0.0
 11
-1264.3513400000002
 21
-4327.015
 31
0.0
  0
LINE
  5
CE0
330
17
100
AcDbEntity
  8
baseplate
100
AcDbLine
 10
-1264.3513400000002
 20
-4327.015
 30
0.0
 11
-1394.2686600000002
 21
-4252.005
 31
0.0
  0
LINE
  5
CE1
330
17
100
AcDbEntity
  8
baseplate
100
AcDbLine
 10
-1394.2686600000002
 20
-4252.005
 30
0.0
 11
-1264.3513399999997
 21
-4176.995
 31
0.0
  0
LINE
  5
CE2
330
17
100
AcDbEntity
  8
baseplate
100
AcDbLine
 10
-1264.3513399999997
 20
-4184.995
 30
0.0
 11
-1264.3513399999997
 21
-4176.995
 31
0.0
  0
LINE
  5
CE3
330
17
100
AcDbEntity
  8
baseplate
100
AcDbLine
 10
-1134.43402
 20
-4260.005
 30
0.0
 11
-1134.43402
 21
-4252.005
 31
0.0
  0
LINE
  5
CE4
330
17
100
AcDbEntity
  8
baseplate
100
AcDbLine
 10
-1264.3513400000002
 20
-4335.015
 30
0.0
 11
-1264.3513400000002
 21
-4327.015
 31
0.0
  0
LINE
  5
CE5
330
17
100
AcDbEntity
  8
baseplate
100
AcDbLine
 10
-1394.2686600000002
 20
-4260.005
 30
0.0
 11
-1394.2686600000002
 21
-4252.005
 31
0.0
  0
LINE
  5
CE6
330
17
100
AcDbEntity
  8
baseplate
100
AcDbLine
 10
268.46866000000017
 20
-5079.995
 30
0.0
 11
398.3859800000006
 21
-5155.005
 31
0.0
  0
LINE
  5
CE7
330
17
100
AcDbEntity
  8
baseplate
100
AcDbLine
 10
398.3859800000006
 20
-5155.005
 30
0.0
 11
268.46866000000017
 21
-5230.015
 31
0.0
  0
LINE
  5
CE8
330
17
100
AcDbEntity
  8
baseplate
100
AcDbLine
 10
268.46866000000017
 20
-5230.015
 30
0.0
 11
138.5513399999998
 21
-5155.005
 31
0.0
  0
LINE
  5
CE9
330
17
100
AcDbEntity
  8
baseplate
100
AcDbLine
 10
138.5513399999998
 20
-5155.005
 30
0.0
 11
268.46866000000017
 21
-5079.995
 31
0.0
  0
LINE
  5
CEA
330
17
100
AcDbEntity
  8
baseplate
100
AcDbLine
 10
268.46866000000017
 20
-5069.995
 30
0.0
 11
398.3859800000006
 21
-5145.005
 31
0.0
  0
LINE
  5
CEB
330
17
100
AcDbEntity
  8
baseplate
100
AcDbLine
 10
398.3859800000006
 20
-5145.005
 30
0.0
 11
268.46866000000017
 21
-5220.015
 31
0.0
  0
LINE
  5
CEC
330
17
100
AcDbEntity
  8
baseplate
100
AcDbLine
 10
268.46866000000017
 20
-5220.015
 30
0.0
 11
138.5513399999998
 21
-5145.005
 31
0.0
  0
LINE
  5
CED
330
17
100
AcDbEntity
  8
baseplate
100
AcDbLine
 10
138.5513399999998
 20
-5145.005
 30
0.0
 11
268.46866000000017
 21
-5069.995
 31
0.0
  0
LINE
  5
CEE
330
17
100
AcDbEntity
  8
baseplate
100
AcDbLine
 10
268.46866000000017
 20
-5079.995
 30
0.0
 11
268.46866000000017
 21
-5069.995
 31
0.0
  0
LINE
  5
CEF
330
17
100
AcDbEntity
  8
baseplate
100
AcDbLine
 10
398.3859800000006
 20
-5155.005
 30
0.0
 11
398.3859800000006
 21
-5145.005
 31
0.0
  0
LINE
  5
CF0
330
17
100
AcDbEntity
  8
baseplate
100
AcDbLine
 10
268.46866000000017
 20
-5230.015
 30
0.0
 11
268.46866000000017
 21
-5220.015
 31
0.0
  0
LINE
  5
CF1
330
17
100
AcDbEntity
  8
baseplate
100
AcDbLine
 10
138.5513399999998
 20
-5155.005
 30
0.0
 11
138.5513399999998
 21
-5145.005
 31
0.0
  0
LINE
  5
CF2
330
17
100
AcDbEntity
  8
baseplate
100
AcDbLine
 10
268.46866000000017
 20
-5061.995
 30
0.0
 11
398.3859800000006
 21
-5137.005
 31
0.0
  0
LINE
  5
CF3
330
17
100
AcDbEntity
  8
baseplate
100
AcDbLine
 10
398.3859800000006
 20
-5137.005
 30
0.0
 11
268.46866000000017
 21
-5212.015
 31
0.0
  0
LINE
  5
CF4
330
17
100
AcDbEntity
  8
baseplate
100
AcDbLine
 10
268.46866000000017
 20
-5212.015
 30
0.0
 11
138.5513399999998
 21
-5137.005
 31
0.0
  0
LINE
  5
CF5
330
17
100
AcDbEntity
  8
baseplate
100
AcDbLine
 10
138.5513399999998
 20
-5137.005
 30
0.0
 11
268.46866000000017
 21
-5061.995
 31
0.0
  0
LINE
  5
CF6
330
17
100
AcDbEntity
  8
baseplate
100
AcDbLine
 10
268.46866000000017
 20
-5069.995
 30
0.0
 11
268.46866000000017
 21
-5061.995
 31
0.0
  0
LINE
  5
CF7
330
17
100
AcDbEntity
  8
baseplate
100
AcDbLine
 10
398.3859800000006
 20
-5145.005
 30
0.0
 11
398.3859800000006
 21
-5137.005
 31
0.0
  0
LINE
  5
CF8
330
17
100
AcDbEntity
  8
baseplate
100
AcDbLine
 10
268.46866000000017
 20
-5220.015
 30
0.0
 11
268.46866000000017
 21
-5212.015
 31
0.0
  0
LINE
  5
CF9
330
17
100
AcDbEntity
  8
baseplate
100
AcDbLine
 10
138.5513399999998
 20
-5145.005
 30
0.0
 11
138.5513399999998
 21
-5137.005
 31
0.0
  0
LINE
  5
CFA
330
17
100
AcDbEntity
  8
baseplate
100
AcDbLine
 10
6131.28866
 20
-3464.995
 30
0.0
 11
6261.21464
 21
-3540.0099999999998
 31
0.0
  0
LINE
  5
CFB
330
17
100
AcDbEntity
  8
baseplate
100
AcDbLine
 10
6261.21464
 20
-3540.0099999999998
 30
0.0
 11
6131.29732
 21
-3615.02
 31
0.0
  0
LINE
  5
CFC
330
17
100
AcDbEntity
  8
baseplate
100
AcDbLine
 10
6131.29732
 20
-3615.02
 30
0.0
 11
6001.37134
 21
-3540.005
 31
0.0
  0
LINE
  5
CFD
330
17
100
AcDbEntity
  8
baseplate
100
AcDbLine
 10
6001.37134
 20
-3540.005
 30
0.0
 11
6131.28866
 21
-3464.995
 31
0.0
  0
LINE
  5
CFE
330
17
100
AcDbEntity
  8
baseplate
100
AcDbLine
 10
6131.28866
 20
-3454.995
 30
0.0
 11
6261.21464
 21
-3530.0099999999998
 31
0.0
  0
LINE
  5
CFF
330
17
100
AcDbEntity
  8
baseplate
100
AcDbLine
 10
6261.21464
 20
-3530.0099999999998
 30
0.0
 11
6131.29732
 21
-3605.02
 31
0.0
  0
LINE
  5
D00
330
17
100
AcDbEntity
  8
baseplate
100
AcDbLine
 10
6131.29732
 20
-3605.02
 30
0.0
 11
6001.37134
 21
-3530.005
 31
0.0
  0
LINE
  5
D01
330
17
100
AcDbEntity
  8
baseplate
100
AcDbLine
 10
6001.37134
 20
-3530.005
 30
0.0
 11
6131.28866
 21
-3454.995
 31
0.0
  0
LINE
  5
D02
330
17
100
AcDbEntity
  8
baseplate
100
AcDbLine
 10
6131.28866
 20
-3464.995
 30
0.0
 11
6131.28866
 21
-3454.995
 31
0.0
  0
LINE
  5
D03
330
17
100
AcDbEntity
  8
baseplate
100
AcDbLine
 10
6261.21464
 20
-3540.0099999999998
 30
0.0
 11
6261.21464
 21
-3530.0099999999998
 31
0.0
  0
LINE
  5
D04
330
17
100
AcDbEntity
  8
baseplate
100
AcDbLine
 10
6131.29732
 20
-3615.02
 30
0.0
 11
6131.29732
 21
-3605.02
 31
0.0
  0
LINE
  5
D05
330
17
100
AcDbEntity
  8
baseplate
100
AcDbLine
 10
6001.37134
 20
-3540.005
 30
0.0
 11
6001.37134
 21
-3530.005
 31
0.0
  0
LINE
  5
D06
330
17
100
AcDbEntity
  8
baseplate
100
AcDbLine
 10
6131.28866
 20
-3446.995
 30
0.0
 11
6261.21464
 21
-3522.0099999999998
 31
0.0
  0
LINE
  5
D07
330
17
100
AcDbEntity
  8
baseplate
100
AcDbLine
 10
6261.21464
 20
-3522.0099999999998
 30
0.0
 11
6131.29732
 21
-3597.02
 31
0.0
  0
LINE
  5
D08
330
17
100
AcDbEntity
  8
baseplate
100
AcDbLine
 10
6131.29732
 20
-3597.02
 30
0.0
 11
6001.37134
 21
-3522.005
 31
0.0
  0
LINE
  5
D09
330
17
100
AcDbEntity
  8
baseplate
100
AcDbLine
 10
6001.37134
 20
-3522.005
 30
0.0
 11
6131.28866
 21
-3446.995
 31
0.0
  0
LINE
  5
D0A
330
17
100
AcDbEntity
  8
baseplate
100
AcDbLine
 10
6131.28866
 20
-3454.995
 30
0.0
 11
6131.28866
 21
-3446.995
 31
0.0
  0
LINE
  5
D0B
330
17
100
AcDbEntity
  8
baseplate
100
AcDbLine
 10
6261.21464
 20
-3530.0099999999998
 30
0.0
 11
6261.21464
 21
-3522.0099999999998
 31
0.0
  0
LINE
  5
D0C
330
17
100
AcDbEntity
  8
baseplate
100
AcDbLine
 10
6131.29732
 20
-3605.02
 30
0.0
 11
6131.29732
 21
-3597.02
 31
0.0
  0
LINE
  5
D0D
330
17
100
AcDbEntity
  8
baseplate
100
AcDbLine
 10
6001.37134
 20
-3530.005
 30
0.0
 11
6001.37134
 21
-3522.005
 31
0.0
  0
LINE
  5
D0E
330
17
100
AcDbEntity
  8
baseplate
100
AcDbLine
 10
5265.297320000001
 20
-3964.99
 30
0.0
 11
5395.2233
 21
-4040.005
 31
0.0
  0
LINE
  5
D0F
330
17
100
AcDbEntity
  8
baseplate
100
AcDbLine
 10
5395.2233
 20
-4040.005
 30
0.0
 11
5265.30598
 21
-4115.014999999999
 31
0.0
  0
LINE
  5
D10
330
17
100
AcDbEntity
  8
baseplate
100
AcDbLine
 10
5265.30598
 20
-4115.014999999999
 30
0.0
 11
5135.38
 21
-4040.0
 31
0.0
  0
LINE
  5
D11
330
17
100
AcDbEntity
  8
baseplate
100
AcDbLine
 10
5135.38
 20
-4040.0
 30
0.0
 11
5265.297320000001
 21
-3964.99
 31
0.0
  0
LINE
  5
D12
330
17
100
AcDbEntity
  8
baseplate
100
AcDbLine
 10
5265.297320000001
 20
-3954.99
 30
0.0
 11
5395.2233
 21
-4030.005
 31
0.0
  0
LINE
  5
D13
330
17
100
AcDbEntity
  8
baseplate
100
AcDbLine
 10
5395.2233
 20
-4030.005
 30
0.0
 11
5265.30598
 21
-4105.014999999999
 31
0.0
  0
LINE
  5
D14
330
17
100
AcDbEntity
  8
baseplate
100
AcDbLine
 10
5265.30598
 20
-4105.014999999999
 30
0.0
 11
5135.38
 21
-4030.0
 31
0.0
  0
LINE
  5
D15
330
17
100
AcDbEntity
  8
baseplate
100
AcDbLine
 10
5135.38
 20
-4030.0
 30
0.0
 11
5265.297320000001
 21
-3954.99
 31
0.0
  0
LINE
  5
D16
330
17
100
AcDbEntity
  8
baseplate
100
AcDbLine
 10
5265.297320000001
 20
-3964.99
 30
0.0
 11
5265.297320000001
 21
-3954.99
 31
0.0
  0
LINE
  5
D17
330
17
100
AcDbEntity
  8
baseplate
100
AcDbLine
 10
5395.2233
 20
-4040.005
 30
0.0
 11
5395.2233
 21
-4030.005
 31
0.0
  0
LINE
  5
D18
330
17
100
AcDbEntity
  8
baseplate
100
AcDbLine
 10
5265.30598
 20
-4115.014999999999
 30
0.0
 11
5265.30598
 21
-4105.014999999999
 31
0.0
  0
LINE
  5
D19
330
17
100
AcDbEntity
  8
baseplate
100
AcDbLine
 10
5135.38
 20
-4040.0
 30
0.0
 11
5135.38
 21
-4030.0
 31
0.0
  0
LINE
  5
D1A
330
17
100
AcDbEntity
  8
baseplate
100
AcDbLine
 10
5265.297320000001
 20
-3946.99
 30
0.0
 11
5395.2233
 21
-4022.005
 31
0.0
  0
LINE
  5
D1B
330
17
100
AcDbEntity
  8
baseplate
100
AcDbLine
 10
5395.2233
 20
-4022.005
 30
0.0
 11
5265.30598
 21
-4097.014999999999
 31
0.0
  0
LINE
  5
D1C
330
17
100
AcDbEntity
  8
baseplate
100
AcDbLine
 10
5265.30598
 20
-4097.014999999999
 30
0.0
 11
5135.38
 21
-4022.0
 31
0.0
  0
LINE
  5
D1D
330
17
100
AcDbEntity
  8
baseplate
100
AcDbLine
 10
5135.38
 20
-4022.0
 30
0.0
 11
5265.297320000001
 21
-3946.99
 31
0.0
  0
LINE
  5
D1E
330
17
100
AcDbEntity
  8
baseplate
100
AcDbLine
 10
5265.297320000001
 20
-3954.99
 30
0.0
 11
5265.297320000001
 21
-3946.99
 31
0.0
  0
LINE
  5
D1F
330
17
100
AcDbEntity
  8
baseplate
100
AcDbLine
 10
5395.2233
 20
-4030.005
 30
0.0
 11
5395.2233
 21
-4022.005
 31
0.0
  0
LINE
  5
D20
330
17
100
AcDbEntity
  8
baseplate
100
AcDbLine
 10
5265.30598
 20
-4105.014999999999
 30
0.0
 11
5265.30598
 21
-4097.014999999999
 31
0.0
  0
LINE
  5
D21
330
17
100
AcDbEntity
  8
baseplate
100
AcDbLine
 10
5135.38
 20
-4030.0
 30
0.0
 11
5135.38
 21
-4022.0
 31
0.0
  0
LINE
  5
D22
330
17
100
AcDbEntity
  8
baseplate
100
AcDbLine
 10
4399.28
 20
-4465.0
 30
0.0
 11
4529.20598
 21
-4540.014999999999
 31
0.0
  0
LINE
  5
D23
330
17
100
AcDbEntity
  8
baseplate
100
AcDbLine
 10
4529.20598
 20
-4540.014999999999
 30
0.0
 11
4399.28866
 21
-4615.025
 31
0.0
  0
LINE
  5
D24
330
17
100
AcDbEntity
  8
baseplate
100
AcDbLine
 10
4399.28866
 20
-4615.025
 30
0.0
 11
4269.362679999999
 21
-4540.01
 31
0.0
  0
LINE
  5
D25
330
17
100
AcDbEntity
  8
baseplate
100
AcDbLine
 10
4269.362679999999
 20
-4540.01
 30
0.0
 11
4399.28
 21
-4465.0
 31
0.0
  0
LINE
  5
D26
330
17
100
AcDbEntity
  8
baseplate
100
AcDbLine
 10
4399.28
 20
-4455.0
 30
0.0
 11
4529.20598
 21
-4530.014999999999
 31
0.0
  0
LINE
  5
D27
330
17
100
AcDbEntity
  8
baseplate
100
AcDbLine
 10
4529.20598
 20
-4530.014999999999
 30
0.0
 11
4399.28866
 21
-4605.025
 31
0.0
  0
LINE
  5
D28
330
17
100
AcDbEntity
  8
baseplate
100
AcDbLine
 10
4399.28866
 20
-4605.025
 30
0.0
 11
4269.362679999999
 21
-4530.01
 31
0.0
  0
LINE
  5
D29
330
17
100
AcDbEntity
  8
baseplate
100
AcDbLine
 10
4269.362679999999
 20
-4530.01
 30
0.0
 11
4399.28
 21
-4455.0
 31
0.0
  0
LINE
  5
D2A
330
17
100
AcDbEntity
  8
baseplate
100
AcDbLine
 10
4399.28
 20
-4465.0
 30
0.0
 11
4399.28
 21
-4455.0
 31
0.0
  0
LINE
  5
D2B
330
17
100
AcDbEntity
  8
baseplate
100
AcDbLine
 10
4529.20598
 20
-4540.014999999999
 30
0.0
 11
4529.20598
 21
-4530.014999999999
 31
0.0
  0
LINE
  5
D2C
330
17
100
AcDbEntity
  8
baseplate
100
AcDbLine
 10
4399.28866
 20
-4615.025
 30
0.0
 11
4399.28866
 21
-4605.025
 31
0.0
  0
LINE
  5
D2D
330
17
100
AcDbEntity
  8
baseplate
100
AcDbLine
 10
4269.362679999999
 20
-4540.01
 30
0.0
 11
4269.362679999999
 21
-4530.01
 31
0.0
  0
LINE
  5
D2E
330
17
100
AcDbEntity
  8
baseplate
100
AcDbLine
 10
4399.28
 20
-4447.0
 30
0.0
 11
4529.20598
 21
-4522.014999999999
 31
0.0
  0
LINE
  5
D2F
330
17
100
AcDbEntity
  8
baseplate
100
AcDbLine
 10
4529.20598
 20
-4522.014999999999
 30
0.0
 11
4399.28866
 21
-4597.025
 31
0.0
  0
LINE
  5
D30
330
17
100
AcDbEntity
  8
baseplate
100
AcDbLine
 10
4399.28866
 20
-4597.025
 30
0.0
 11
4269.362679999999
 21
-4522.01
 31
0.0
  0
LINE
  5
D31
330
17
100
AcDbEntity
  8
baseplate
100
AcDbLine
 10
4269.362679999999
 20
-4522.01
 30
0.0
 11
4399.28
 21
-4447.0
 31
0.0
  0
LINE
  5
D32
330
17
100
AcDbEntity
  8
baseplate
100
AcDbLine
 10
4399.28
 20
-4455.0
 30
0.0
 11
4399.28
 21
-4447.0
 31
0.0
  0
LINE
  5
D33
330
17
100
AcDbEntity
  8
baseplate
100
AcDbLine
 10
4529.20598
 20
-4530.014999999999
 30
0.0
 11
4529.20598
 21
-4522.014999999999
 31
0.0
  0
LINE
  5
D34
330
17
100
AcDbEntity
  8
baseplate
100
AcDbLine
 10
4399.28866
 20
-4605.025
 30
0.0
 11
4399.28866
 21
-4597.025
 31
0.0
  0
LINE
  5
D35
330
17
100
AcDbEntity
  8
baseplate
100
AcDbLine
 10
4269.362679999999
 20
-4530.01
 30
0.0
 11
4269.362679999999
 21
-4522.01
 31
0.0
  0
LINE
  5
D36
330
17
100
AcDbEntity
  8
baseplate
100
AcDbLine
 10
3533.29732
 20
-4964.99
 30
0.0
 11
3663.223299999999
 21
-5040.005
 31
0.0
  0
LINE
  5
D37
330
17
100
AcDbEntity
  8
baseplate
100
AcDbLine
 10
3663.223299999999
 20
-5040.005
 30
0.0
 11
3533.2973199999997
 21
-5115.02
 31
0.0
  0
LINE
  5
D38
330
17
100
AcDbEntity
  8
baseplate
100
AcDbLine
 10
3533.2973199999997
 20
-5115.02
 30
0.0
 11
3403.3713399999997
 21
-5040.005
 31
0.0
  0
LINE
  5
D39
330
17
100
AcDbEntity
  8
baseplate
100
AcDbLine
 10
3403.3713399999997
 20
-5040.005
 30
0.0
 11
3533.29732
 21
-4964.99
 31
0.0
  0
LINE
  5
D3A
330
17
100
AcDbEntity
  8
baseplate
100
AcDbLine
 10
3533.29732
 20
-4954.99
 30
0.0
 11
3663.223299999999
 21
-5030.005
 31
0.0
  0
LINE
  5
D3B
330
17
100
AcDbEntity
  8
baseplate
100
AcDbLine
 10
3663.223299999999
 20
-5030.005
 30
0.0
 11
3533.2973199999997
 21
-5105.02
 31
0.0
  0
LINE
  5
D3C
330
17
100
AcDbEntity
  8
baseplate
100
AcDbLine
 10
3533.2973199999997
 20
-5105.02
 30
0.0
 11
3403.3713399999997
 21
-5030.005
 31
0.0
  0
LINE
  5
D3D
330
17
100
AcDbEntity
  8
baseplate
100
AcDbLine
 10
3403.3713399999997
 20
-5030.005
 30
0.0
 11
3533.29732
 21
-4954.99
 31
0.0
  0
LINE
  5
D3E
330
17
100
AcDbEntity
  8
baseplate
100
AcDbLine
 10
3533.29732
 20
-4964.99
 30
0.0
 11
3533.29732
 21
-4954.99
 31
0.0
  0
LINE
  5
D3F
330
17
100
AcDbEntity
  8
baseplate
100
AcDbLine
 10
3663.223299999999
 20
-5040.005
 30
0.0
 11
3663.223299999999
 21
-5030.005
 31
0.0
  0
LINE
  5
D40
330
17
100
AcDbEntity
  8
baseplate
100
AcDbLine
 10
3533.2973199999997
 20
-5115.02
 30
0.0
 11
3533.2973199999997
 21
-5105.02
 31
0.0
  0
LINE
  5
D41
330
17
100
AcDbEntity
  8
baseplate
100
AcDbLine
 10
3403.3713399999997
 20
-5040.005
 30
0.0
 11
3403.3713399999997
 21
-5030.005
 31
0.0
  0
LINE
  5
D42
330
17
100
AcDbEntity
  8
baseplate
100
AcDbLine
 10
3533.29732
 20
-4946.99
 30
0.0
 11
3663.223299999999
 21
-5022.005
 31
0.0
  0
LINE
  5
D43
330
17
100
AcDbEntity
  8
baseplate
100
AcDbLine
 10
3663.223299999999
 20
-5022.005
 30
0.0
 11
3533.2973199999997
 21
-5097.02
 31
0.0
  0
LINE
  5
D44
330
17
100
AcDbEntity
  8
baseplate
100
AcDbLine
 10
3533.2973199999997
 20
-5097.02
 30
0.0
 11
3403.3713399999997
 21
-5022.005
 31
0.0
  0
LINE
  5
D45
330
17
100
AcDbEntity
  8
baseplate
100
AcDbLine
 10
3403.3713399999997
 20
-5022.005
 30
0.0
 11
3533.29732
 21
-4946.99
 31
0.0
  0
LINE
  5
D46
330
17
100
AcDbEntity
  8
baseplate
100
AcDbLine
 10
3533.29732
 20
-4954.99
 30
0.0
 11
3533.29732
 21
-4946.99
 31
0.0
  0
LINE
  5
D47
330
17
100
AcDbEntity
  8
baseplate
100
AcDbLine
 10
3663.223299999999
 20
-5030.005
 30
0.0
 11
3663.223299999999
 21
-5022.005
 31
0.0
  0
LINE
  5
D48
330
17
100
AcDbEntity
  8
baseplate
100
AcDbLine
 10
3533.2973199999997
 20
-5105.02
 30
0.0
 11
3533.2973199999997
 21
-5097.02
 31
0.0
  0
LINE
  5
D49
330
17
100
AcDbEntity
  8
baseplate
100
AcDbLine
 10
3403.3713399999997
 20
-5030.005
 30
0.0
 11
3403.3713399999997
 21
-5022.005
 31
0.0
  0
LINE
  5
D4A
330
17
100
AcDbEntity
  8
baseplate
100
AcDbLine
 10
2667.28
 20
-5465.0
 30
0.0
 11
2797.2059799999997
 21
-5540.014999999999
 31
0.0
  0
LINE
  5
D4B
330
17
100
AcDbEntity
  8
baseplate
100
AcDbLine
 10
2797.2059799999997
 20
-5540.014999999999
 30
0.0
 11
2667.2799999999997
 21
-5615.03
 31
0.0
  0
LINE
  5
D4C
330
17
100
AcDbEntity
  8
baseplate
100
AcDbLine
 10
2667.2799999999997
 20
-5615.03
 30
0.0
 11
2537.3540199999998
 21
-5540.015
 31
0.0
  0
LINE
  5
D4D
330
17
100
AcDbEntity
  8
baseplate
100
AcDbLine
 10
2537.3540199999998
 20
-5540.015
 30
0.0
 11
2667.28
 21
-5465.0
 31
0.0
  0
LINE
  5
D4E
330
17
100
AcDbEntity
  8
baseplate
100
AcDbLine
 10
2667.28
 20
-5455.0
 30
0.0
 11
2797.2059799999997
 21
-5530.014999999999
 31
0.0
  0
LINE
  5
D4F
330
17
100
AcDbEntity
  8
baseplate
100
AcDbLine
 10
2797.2059799999997
 20
-5530.014999999999
 30
0.0
 11
2667.2799999999997
 21
-5605.03
 31
0.0
  0
LINE
  5
D50
330
17
100
AcDbEntity
  8
baseplate
100
AcDbLine
 10
2667.2799999999997
 20
-5605.03
 30
0.0
 11
2537.3540199999998
 21
-5530.015
 31
0.0
  0
LINE
  5
D51
330
17
100
AcDbEntity
  8
baseplate
100
AcDbLine
 10
2537.3540199999998
 20
-5530.015
 30
0.0
 11
2667.28
 21
-5455.0
 31
0.0
  0
LINE
  5
D52
330
17
100
AcDbEntity
  8
baseplate
100
AcDbLine
 10
2667.28
 20
-5465.0
 30
0.0
 11
2667.28
 21
-5455.0
 31
0.0
  0
LINE
  5
D53
330
17
100
AcDbEntity
  8
baseplate
100
AcDbLine
 10
2797.2059799999997
 20
-5540.014999999999
 30
0.0
 11
2797.2059799999997
 21
-5530.014999999999
 31
0.0
  0
LINE
  5
D54
330
17
100
AcDbEntity
  8
baseplate
100
AcDbLine
 10
2667.2799999999997
 20
-5615.03
 30
0.0
 11
2667.2799999999997
 21
-5605.03
 31
0.0
  0
LINE
  5
D55
330
17
100
AcDbEntity
  8
baseplate
100
AcDbLine
 10
2537.3540199999998
 20
-5540.015
 30
0.0
 11
2537.3540199999998
 21
-5530.015
 31
0.0
  0
LINE
  5
D56
330
17
100
AcDbEntity
  8
baseplate
100
AcDbLine
 10
2667.28
 20
-5447.0
 30
0.0
 11
2797.2059799999997
 21
-5522.014999999999
 31
0.0
  0
LINE
  5
D57
330
17
100
AcDbEntity
  8
baseplate
100
AcDbLine
 10
2797.2059799999997
 20
-5522.014999999999
 30
0.0
 11
2667.2799999999997
 21
-5597.03
 31
0.0
  0
LINE
  5
D58
330
17
100
AcDbEntity
  8
baseplate
100
AcDbLine
 10
2667.2799999999997
 20
-5597.03
 30
0.0
 11
2537.3540199999998
 21
-5522.015
 31
0.0
  0
LINE
  5
D59
330
17
100
AcDbEntity
  8
baseplate
100
AcDbLine
 10
2537.3540199999998
 20
-5522.015
 30
0.0
 11
2667.28
 21
-5447.0
 31
0.0
  0
LINE
  5
D5A
330
17
100
AcDbEntity
  8
baseplate
100
AcDbLine
 10
2667.28
 20
-5455.0
 30
0.0
 11
2667.28
 21
-5447.0
 31
0.0
  0
LINE
  5
D5B
330
17
100
AcDbEntity
  8
baseplate
100
AcDbLine
 10
2797.2059799999997
 20
-5530.014999999999
 30
0.0
 11
2797.2059799999997
 21
-5522.014999999999
 31
0.0
  0
LINE
  5
D5C
330
17
100
AcDbEntity
  8
baseplate
100
AcDbLine
 10
2667.2799999999997
 20
-5605.03
 30
0.0
 11
2667.2799999999997
 21
-5597.03
 31
0.0
  0
LINE
  5
D5D
330
17
100
AcDbEntity
  8
baseplate
100
AcDbLine
 10
2537.3540199999998
 20
-5530.015
 30
0.0
 11
2537.3540199999998
 21
-5522.015
 31
0.0
  0
LINE
  5
D5E
330
17
100
AcDbEntity
  8
baseplate
100
AcDbLine
 10
1801.2886600000002
 20
-5964.995
 30
0.0
 11
1931.21464
 21
-6040.01
 31
0.0
  0
LINE
  5
D5F
330
17
100
AcDbEntity
  8
baseplate
100
AcDbLine
 10
1931.21464
 20
-6040.01
 30
0.0
 11
1801.2973199999997
 21
-6115.02
 31
0.0
  0
LINE
  5
D60
330
17
100
AcDbEntity
  8
baseplate
100
AcDbLine
 10
1801.2973199999997
 20
-6115.02
 30
0.0
 11
1671.3713399999997
 21
-6040.005
 31
0.0
  0
LINE
  5
D61
330
17
100
AcDbEntity
  8
baseplate
100
AcDbLine
 10
1671.3713399999997
 20
-6040.005
 30
0.0
 11
1801.2886600000002
 21
-5964.995
 31
0.0
  0
LINE
  5
D62
330
17
100
AcDbEntity
  8
baseplate
100
AcDbLine
 10
1801.2886600000002
 20
-5954.995
 30
0.0
 11
1931.21464
 21
-6030.01
 31
0.0
  0
LINE
  5
D63
330
17
100
AcDbEntity
  8
baseplate
100
AcDbLine
 10
1931.21464
 20
-6030.01
 30
0.0
 11
1801.2973199999997
 21
-6105.02
 31
0.0
  0
LINE
  5
D64
330
17
100
AcDbEntity
  8
baseplate
100
AcDbLine
 10
1801.2973199999997
 20
-6105.02
 30
0.0
 11
1671.3713399999997
 21
-6030.005
 31
0.0
  0
LINE
  5
D65
330
17
100
AcDbEntity
  8
baseplate
100
AcDbLine
 10
1671.3713399999997
 20
-6030.005
 30
0.0
 11
1801.2886600000002
 21
-5954.995
 31
0.0
  0
LINE
  5
D66
330
17
100
AcDbEntity
  8
baseplate
100
AcDbLine
 10
1801.2886600000002
 20
-5964.995
 30
0.0
 11
1801.2886600000002
 21
-5954.995
 31
0.0
  0
LINE
  5
D67
330
17
100
AcDbEntity
  8
baseplate
100
AcDbLine
 10
1931.21464
 20
-6040.01
 30
0.0
 11
1931.21464
 21
-6030.01
 31
0.0
  0
LINE
  5
D68
330
17
100
AcDbEntity
  8
baseplate
100
AcDbLine
 10
1801.2973199999997
 20
-6115.02
 30
0.0
 11
1801.2973199999997
 21
-6105.02
 31
0.0
  0
LINE
  5
D69
330
17
100
AcDbEntity
  8
baseplate
100
AcDbLine
 10
1671.3713399999997
 20
-6040.005
 30
0.0
 11
1671.3713399999997
 21
-6030.005
 31
0.0
  0
LINE
  5
D6A
330
17
100
AcDbEntity
  8
baseplate
100
AcDbLine
 10
1801.2886600000002
 20
-5946.995
 30
0.0
 11
1931.21464
 21
-6022.01
 31
0.0
  0
LINE
  5
D6B
330
17
100
AcDbEntity
  8
baseplate
100
AcDbLine
 10
1931.21464
 20
-6022.01
 30
0.0
 11
1801.2973199999997
 21
-6097.02
 31
0.0
  0
LINE
  5
D6C
330
17
100
AcDbEntity
  8
baseplate
100
AcDbLine
 10
1801.2973199999997
 20
-6097.02
 30
0.0
 11
1671.3713399999997
 21
-6022.005
 31
0.0
  0
LINE
  5
D6D
330
17
100
AcDbEntity
  8
baseplate
100
AcDbLine
 10
1671.3713399999997
 20
-6022.005
 30
0.0
 11
1801.2886600000002
 21
-5946.995
 31
0.0
  0
LINE
  5
D6E
330
17
100
AcDbEntity
  8
baseplate
100
AcDbLine
 10
1801.2886600000002
 20
-5954.995
 30
0.0
 11
1801.2886600000002
 21
-5946.995
 31
0.0
  0
LINE
  5
D6F
330
17
100
AcDbEntity
  8
baseplate
100
AcDbLine
 10
1931.21464
 20
-6030.01
 30
0.0
 11
1931.21464
 21
-6022.01
 31
0.0
  0
LINE
  5
D70
330
17
100
AcDbEntity
  8
baseplate
100
AcDbLine
 10
1801.2973199999997
 20
-6105.02
 30
0.0
 11
1801.2973199999997
 21
-6097.02
 31
0.0
  0
LINE
  5
D71
330
17
100
AcDbEntity
  8
baseplate
100
AcDbLine
 10
1671.3713399999997
 20
-6030.005
 30
0.0
 11
1671.3713399999997
 21
-6022.005
 31
0.0
  0
LINE
  5
D72
330
17
100
AcDbEntity
  8
baseplate
100
AcDbLine
 10
9196.93732
 20
-5235.0
 30
0.0
 11
9326.8633
 21
-5310.015
 31
0.0
  0
LINE
  5
D73
330
17
100
AcDbEntity
  8
baseplate
100
AcDbLine
 10
9326.8633
 20
-5310.015
 30
0.0
 11
9196.94598
 21
-5385.025000000001
 31
0.0
  0
LINE
  5
D74
330
17
100
AcDbEntity
  8
baseplate
100
AcDbLine
 10
9196.94598
 20
-5385.025000000001
 30
0.0
 11
9067.02
 21
-5310.01
 31
0.0
  0
LINE
  5
D75
330
17
100
AcDbEntity
  8
baseplate
100
AcDbLine
 10
9067.02
 20
-5310.01
 30
0.0
 11
9196.93732
 21
-5235.0
 31
0.0
  0
LINE
  5
D76
330
17
100
AcDbEntity
  8
baseplate
100
AcDbLine
 10
9196.93732
 20
-5225.0
 30
0.0
 11
9326.8633
 21
-5300.015
 31
0.0
  0
LINE
  5
D77
330
17
100
AcDbEntity
  8
baseplate
100
AcDbLine
 10
9326.8633
 20
-5300.015
 30
0.0
 11
9196.94598
 21
-5375.025000000001
 31
0.0
  0
LINE
  5
D78
330
17
100
AcDbEntity
  8
baseplate
100
AcDbLine
 10
9196.94598
 20
-5375.025000000001
 30
0.0
 11
9067.02
 21
-5300.01
 31
0.0
  0
LINE
  5
D79
330
17
100
AcDbEntity
  8
baseplate
100
AcDbLine
 10
9067.02
 20
-5300.01
 30
0.0
 11
9196.93732
 21
-5225.0
 31
0.0
  0
LINE
  5
D7A
330
17
100
AcDbEntity
  8
baseplate
100
AcDbLine
 10
9196.93732
 20
-5235.0
 30
0.0
 11
9196.93732
 21
-5225.0
 31
0.0
  0
LINE
  5
D7B
330
17
100
AcDbEntity
  8
baseplate
100
AcDbLine
 10
9326.8633
 20
-5310.015
 30
0.0
 11
9326.8633
 21
-5300.015
 31
0.0
  0
LINE
  5
D7C
330
17
100
AcDbEntity
  8
baseplate
100
AcDbLine
 10
9196.94598
 20
-5385.025000000001
 30
0.0
 11
9196.94598
 21
-5375.025000000001
 31
0.0
  0
LINE
  5
D7D
330
17
100
AcDbEntity
  8
baseplate
100
AcDbLine
 10
9067.02
 20
-5310.01
 30
0.0
 11
9067.02
 21
-5300.01
 31
0.0
  0
LINE
  5
D7E
330
17
100
AcDbEntity
  8
baseplate
100
AcDbLine
 10
9196.93732
 20
-5217.0
 30
0.0
 11
9326.8633
 21
-5292.015
 31
0.0
  0
LINE
  5
D7F
330
17
100
AcDbEntity
  8
baseplate
100
AcDbLine
 10
9326.8633
 20
-5292.015
 30
0.0
 11
9196.94598
 21
-5367.025000000001
 31
0.0
  0
LINE
  5
D80
330
17
100
AcDbEntity
  8
baseplate
100
AcDbLine
 10
9196.94598
 20
-5367.025000000001
 30
0.0
 11
9067.02
 21
-5292.01
 31
0.0
  0
LINE
  5
D81
330
17
100
AcDbEntity
  8
baseplate
100
AcDbLine
 10
9067.02
 20
-5292.01
 30
0.0
 11
9196.93732
 21
-5217.0
 31
0.0
  0
LINE
  5
D82
330
17
100
AcDbEntity
  8
baseplate
100
AcDbLine
 10
9196.93732
 20
-5225.0
 30
0.0
 11
9196.93732
 21
-5217.0
 31
0.0
  0
LINE
  5
D83
330
17
100
AcDbEntity
  8
baseplate
100
AcDbLine
 10
9326.8633
 20
-5300.015
 30
0.0
 11
9326.8633
 21
-5292.015
 31
0.0
  0
LINE
  5
D84
330
17
100
AcDbEntity
  8
baseplate
100
AcDbLine
 10
9196.94598
 20
-5375.025000000001
 30
0.0
 11
9196.94598
 21
-5367.025000000001
 31
0.0
  0
LINE
  5
D85
330
17
100
AcDbEntity
  8
baseplate
100
AcDbLine
 10
9067.02
 20
-5300.01
 30
0.0
 11
9067.02
 21
-5292.01
 31
0.0
  0
LINE
  5
D86
330
17
100
AcDbEntity
  8
baseplate
100
AcDbLine
 10
8330.94598
 20
-5734.995
 30
0.0
 11
8460.87196
 21
-5810.01
 31
0.0
  0
LINE
  5
D87
330
17
100
AcDbEntity
  8
baseplate
100
AcDbLine
 10
8460.87196
 20
-5810.01
 30
0.0
 11
8330.95464
 21
-5885.02
 31
0.0
  0
LINE
  5
D88
330
17
100
AcDbEntity
  8
baseplate
100
AcDbLine
 10
8330.95464
 20
-5885.02
 30
0.0
 11
8201.02866
 21
-5810.005
 31
0.0
  0
LINE
  5
D89
330
17
100
AcDbEntity
  8
baseplate
100
AcDbLine
 10
8201.02866
 20
-5810.005
 30
0.0
 11
8330.94598
 21
-5734.995
 31
0.0
  0
LINE
  5
D8A
330
17
100
AcDbEntity
  8
baseplate
100
AcDbLine
 10
8330.94598
 20
-5724.995
 30
0.0
 11
8460.87196
 21
-5800.01
 31
0.0
  0
LINE
  5
D8B
330
17
100
AcDbEntity
  8
baseplate
100
AcDbLine
 10
8460.87196
 20
-5800.01
 30
0.0
 11
8330.95464
 21
-5875.02
 31
0.0
  0
LINE
  5
D8C
330
17
100
AcDbEntity
  8
baseplate
100
AcDbLine
 10
8330.95464
 20
-5875.02
 30
0.0
 11
8201.02866
 21
-5800.005
 31
0.0
  0
LINE
  5
D8D
330
17
100
AcDbEntity
  8
baseplate
100
AcDbLine
 10
8201.02866
 20
-5800.005
 30
0.0
 11
8330.94598
 21
-5724.995
 31
0.0
  0
LINE
  5
D8E
330
17
100
AcDbEntity
  8
baseplate
100
AcDbLine
 10
8330.94598
 20
-5734.995
 30
0.0
 11
8330.94598
 21
-5724.995
 31
0.0
  0
LINE
  5
D8F
330
17
100
AcDbEntity
  8
baseplate
100
AcDbLine
 10
8460.87196
 20
-5810.01
 30
0.0
 11
8460.87196
 21
-5800.01
 31
0.0
  0
LINE
  5
D90
330
17
100
AcDbEntity
  8
baseplate
100
AcDbLine
 10
8330.95464
 20
-5885.02
 30
0.0
 11
8330.95464
 21
-5875.02
 31
0.0
  0
LINE
  5
D91
330
17
100
AcDbEntity
  8
baseplate
100
AcDbLine
 10
8201.02866
 20
-5810.005
 30
0.0
 11
8201.02866
 21
-5800.005
 31
0.0
  0
LINE
  5
D92
330
17
100
AcDbEntity
  8
baseplate
100
AcDbLine
 10
8330.94598
 20
-5716.995
 30
0.0
 11
8460.87196
 21
-5792.01
 31
0.0
  0
LINE
  5
D93
330
17
100
AcDbEntity
  8
baseplate
100
AcDbLine
 10
8460.87196
 20
-5792.01
 30
0.0
 11
8330.95464
 21
-5867.02
 31
0.0
  0
LINE
  5
D94
330
17
100
AcDbEntity
  8
baseplate
100
AcDbLine
 10
8330.95464
 20
-5867.02
 30
0.0
 11
8201.02866
 21
-5792.005
 31
0.0
  0
LINE
  5
D95
330
17
100
AcDbEntity
  8
baseplate
100
AcDbLine
 10
8201.02866
 20
-5792.005
 30
0.0
 11
8330.94598
 21
-5716.995
 31
0.0
  0
LINE
  5
D96
330
17
100
AcDbEntity
  8
baseplate
100
AcDbLine
 10
8330.94598
 20
-5724.995
 30
0.0
 11
8330.94598
 21
-5716.995
 31
0.0
  0
LINE
  5
D97
330
17
100
AcDbEntity
  8
baseplate
100
AcDbLine
 10
8460.87196
 20
-5800.01
 30
0.0
 11
8460.87196
 21
-5792.01
 31
0.0
  0
LINE
  5
D98
330
17
100
AcDbEntity
  8
baseplate
100
AcDbLine
 10
8330.95464
 20
-5875.02
 30
0.0
 11
8330.95464
 21
-5867.02
 31
0.0
  0
LINE
  5
D99
330
17
100
AcDbEntity
  8
baseplate
100
AcDbLine
 10
8201.02866
 20
-5800.005
 30
0.0
 11
8201.02866
 21
-5792.005
 31
0.0
  0
LINE
  5
D9A
330
17
100
AcDbEntity
  8
baseplate
100
AcDbLine
 10
7464.9286600000005
 20
-6235.005
 30
0.0
 11
7594.8546400000005
 21
-6310.02
 31
0.0
  0
LINE
  5
D9B
330
17
100
AcDbEntity
  8
baseplate
100
AcDbLine
 10
7594.8546400000005
 20
-6310.02
 30
0.0
 11
7464.93732
 21
-6385.030000000001
 31
0.0
  0
LINE
  5
D9C
330
17
100
AcDbEntity
  8
baseplate
100
AcDbLine
 10
7464.93732
 20
-6385.030000000001
 30
0.0
 11
7335.01134
 21
-6310.015
 31
0.0
  0
LINE
  5
D9D
330
17
100
AcDbEntity
  8
baseplate
100
AcDbLine
 10
7335.01134
 20
-6310.015
 30
0.0
 11
7464.9286600000005
 21
-6235.005
 31
0.0
  0
LINE
  5
D9E
330
17
100
AcDbEntity
  8
baseplate
100
AcDbLine
 10
7464.9286600000005
 20
-6225.005
 30
0.0
 11
7594.8546400000005
 21
-6300.02
 31
0.0
  0
LINE
  5
D9F
330
17
100
AcDbEntity
  8
baseplate
100
AcDbLine
 10
7594.8546400000005
 20
-6300.02
 30
0.0
 11
7464.93732
 21
-6375.030000000001
 31
0.0
  0
LINE
  5
DA0
330
17
100
AcDbEntity
  8
baseplate
100
AcDbLine
 10
7464.93732
 20
-6375.030000000001
 30
0.0
 11
7335.01134
 21
-6300.015
 31
0.0
  0
LINE
  5
DA1
330
17
100
AcDbEntity
  8
baseplate
100
AcDbLine
 10
7335.01134
 20
-6300.015
 30
0.0
 11
7464.9286600000005
 21
-6225.005
 31
0.0
  0
LINE
  5
DA2
330
17
100
AcDbEntity
  8
baseplate
100
AcDbLine
 10
7464.9286600000005
 20
-6235.005
 30
0.0
 11
7464.9286600000005
 21
-6225.005
 31
0.0
  0
LINE
  5
DA3
330
17
100
AcDbEntity
  8
baseplate
100
AcDbLine
 10
7594.8546400000005
 20
-6310.02
 30
0.0
 11
7594.8546400000005
 21
-6300.02
 31
0.0
  0
LINE
  5
DA4
330
17
100
AcDbEntity
  8
baseplate
100
AcDbLine
 10
7464.93732
 20
-6385.030000000001
 30
0.0
 11
7464.93732
 21
-6375.030000000001
 31
0.0
  0
LINE
  5
DA5
330
17
100
AcDbEntity
  8
baseplate
100
AcDbLine
 10
7335.01134
 20
-6310.015
 30
0.0
 11
7335.01134
 21
-6300.015
 31
0.0
  0
LINE
  5
DA6
330
17
100
AcDbEntity
  8
baseplate
100
AcDbLine
 10
7464.9286600000005
 20
-6217.005
 30
0.0
 11
7594.8546400000005
 21
-6292.02
 31
0.0
  0
LINE
  5
DA7
330
17
100
AcDbEntity
  8
baseplate
100
AcDbLine
 10
7594.8546400000005
 20
-6292.02
 30
0.0
 11
7464.93732
 21
-6367.030000000001
 31
0.0
  0
LINE
  5
DA8
330
17
100
AcDbEntity
  8
baseplate
100
AcDbLine
 10
7464.93732
 20
-6367.030000000001
 30
0.0
 11
7335.01134
 21
-6292.015
 31
0.0
  0
LINE
  5
DA9
330
17
100
AcDbEntity
  8
baseplate
100
AcDbLine
 10
7335.01134
 20
-6292.015
 30
0.0
 11
7464.9286600000005
 21
-6217.005
 31
0.0
  0
LINE
  5
DAA
330
17
100
AcDbEntity
  8
baseplate
100
AcDbLine
 10
7464.9286600000005
 20
-6225.005
 30
0.0
 11
7464.9286600000005
 21
-6217.005
 31
0.0
  0
LINE
  5
DAB
330
17
100
AcDbEntity
  8
baseplate
100
AcDbLine
 10
7594.8546400000005
 20
-6300.02
 30
0.0
 11
7594.8546400000005
 21
-6292.02
 31
0.0
  0
LINE
  5
DAC
330
17
100
AcDbEntity
  8
baseplate
100
AcDbLine
 10
7464.93732
 20
-6375.030000000001
 30
0.0
 11
7464.93732
 21
-6367.030000000001
 31
0.0
  0
LINE
  5
DAD
330
17
100
AcDbEntity
  8
baseplate
100
AcDbLine
 10
7335.01134
 20
-6300.015
 30
0.0
 11
7335.01134
 21
-6292.015
 31
0.0
  0
LINE
  5
DAE
330
17
100
AcDbEntity
  8
baseplate
100
AcDbLine
 10
6598.94598
 20
-6734.995
 30
0.0
 11
6728.871960000001
 21
-6810.01
 31
0.0
  0
LINE
  5
DAF
330
17
100
AcDbEntity
  8
baseplate
100
AcDbLine
 10
6728.871960000001
 20
-6810.01
 30
0.0
 11
6598.94598
 21
-6885.025000000001
 31
0.0
  0
LINE
  5
DB0
330
17
100
AcDbEntity
  8
baseplate
100
AcDbLine
 10
6598.94598
 20
-6885.025000000001
 30
0.0
 11
6469.0199999999995
 21
-6810.01
 31
0.0
  0
LINE
  5
DB1
330
17
100
AcDbEntity
  8
baseplate
100
AcDbLine
 10
6469.0199999999995
 20
-6810.01
 30
0.0
 11
6598.94598
 21
-6734.995
 31
0.0
  0
LINE
  5
DB2
330
17
100
AcDbEntity
  8
baseplate
100
AcDbLine
 10
6598.94598
 20
-6724.995
 30
0.0
 11
6728.871960000001
 21
-6800.01
 31
0.0
  0
LINE
  5
DB3
330
17
100
AcDbEntity
  8
baseplate
100
AcDbLine
 10
6728.871960000001
 20
-6800.01
 30
0.0
 11
6598.94598
 21
-6875.025000000001
 31
0.0
  0
LINE
  5
DB4
330
17
100
AcDbEntity
  8
baseplate
100
AcDbLine
 10
6598.94598
 20
-6875.025000000001
 30
0.0
 11
6469.0199999999995
 21
-6800.01
 31
0.0
  0
LINE
  5
DB5
330
17
100
AcDbEntity
  8
baseplate
100
AcDbLine
 10
6469.0199999999995
 20
-6800.01
 30
0.0
 11
6598.94598
 21
-6724.995
 31
0.0
  0
LINE
  5
DB6
330
17
100
AcDbEntity
  8
baseplate
100
AcDbLine
 10
6598.94598
 20
-6734.995
 30
0.0
 11
6598.94598
 21
-6724.995
 31
0.0
  0
LINE
  5
DB7
330
17
100
AcDbEntity
  8
baseplate
100
AcDbLine
 10
6728.871960000001
 20
-6810.01
 30
0.0
 11
6728.871960000001
 21
-6800.01
 31
0.0
  0
LINE
  5
DB8
330
17
100
AcDbEntity
  8
baseplate
100
AcDbLine
 10
6598.94598
 20
-6885.025000000001
 30
0.0
 11
6598.94598
 21
-6875.025000000001
 31
0.0
  0
LINE
  5
DB9
330
17
100
AcDbEntity
  8
baseplate
100
AcDbLine
 10
6469.0199999999995
 20
-6810.01
 30
0.0
 11
6469.0199999999995
 21
-6800.01
 31
0.0
  0
LINE
  5
DBA
330
17
100
AcDbEntity
  8
baseplate
100
AcDbLine
 10
6598.94598
 20
-6716.995
 30
0.0
 11
6728.871960000001
 21
-6792.01
 31
0.0
  0
LINE
  5
DBB
330
17
100
AcDbEntity
  8
baseplate
100
AcDbLine
 10
6728.871960000001
 20
-6792.01
 30
0.0
 11
6598.94598
 21
-6867.025000000001
 31
0.0
  0
LINE
  5
DBC
330
17
100
AcDbEntity
  8
baseplate
100
AcDbLine
 10
6598.94598
 20
-6867.025000000001
 30
0.0
 11
6469.0199999999995
 21
-6792.01
 31
0.0
  0
LINE
  5
DBD
330
17
100
AcDbEntity
  8
baseplate
100
AcDbLine
 10
6469.0199999999995
 20
-6792.01
 30
0.0
 11
6598.94598
 21
-6716.995
 31
0.0
  0
LINE
  5
DBE
330
17
100
AcDbEntity
  8
baseplate
100
AcDbLine
 10
6598.94598
 20
-6724.995
 30
0.0
 11
6598.94598
 21
-6716.995
 31
0.0
  0
LINE
  5
DBF
330
17
100
AcDbEntity
  8
baseplate
100
AcDbLine
 10
6728.871960000001
 20
-6800.01
 30
0.0
 11
6728.871960000001
 21
-6792.01
 31
0.0
  0
LINE
  5
DC0
330
17
100
AcDbEntity
  8
baseplate
100
AcDbLine
 10
6598.94598
 20
-6875.025000000001
 30
0.0
 11
6598.94598
 21
-6867.025000000001
 31
0.0
  0
LINE
  5
DC1
330
17
100
AcDbEntity
  8
baseplate
100
AcDbLine
 10
6469.0199999999995
 20
-6800.01
 30
0.0
 11
6469.0199999999995
 21
-6792.01
 31
0.0
  0
LINE
  5
DC2
330
17
100
AcDbEntity
  8
baseplate
100
AcDbLine
 10
5732.9286600000005
 20
-7235.005
 30
0.0
 11
5862.8546400000005
 21
-7310.02
 31
0.0
  0
LINE
  5
DC3
330
17
100
AcDbEntity
  8
baseplate
100
AcDbLine
 10
5862.8546400000005
 20
-7310.02
 30
0.0
 11
5732.9286600000005
 21
-7385.035000000001
 31
0.0
  0
LINE
  5
DC4
330
17
100
AcDbEntity
  8
baseplate
100
AcDbLine
 10
5732.9286600000005
 20
-7385.035000000001
 30
0.0
 11
5603.00268
 21
-7310.02
 31
0.0
  0
LINE
  5
DC5
330
17
100
AcDbEntity
  8
baseplate
100
AcDbLine
 10
5603.00268
 20
-7310.02
 30
0.0
 11
5732.9286600000005
 21
-7235.005
 31
0.0
  0
LINE
  5
DC6
330
17
100
AcDbEntity
  8
baseplate
100
AcDbLine
 10
5732.9286600000005
 20
-7225.005
 30
0.0
 11
5862.8546400000005
 21
-7300.02
 31
0.0
  0
LINE
  5
DC7
330
17
100
AcDbEntity
  8
baseplate
100
AcDbLine
 10
5862.8546400000005
 20
-7300.02
 30
0.0
 11
5732.9286600000005
 21
-7375.035000000001
 31
0.0
  0
LINE
  5
DC8
330
17
100
AcDbEntity
  8
baseplate
100
AcDbLine
 10
5732.9286600000005
 20
-7375.035000000001
 30
0.0
 11
5603.00268
 21
-7300.02
 31
0.0
  0
LINE
  5
DC9
330
17
100
AcDbEntity
  8
baseplate
100
AcDbLine
 10
5603.00268
 20
-7300.02
 30
0.0
 11
5732.9286600000005
 21
-7225.005
 31
0.0
  0
LINE
  5
DCA
330
17
100
AcDbEntity
  8
baseplate
100
AcDbLine
 10
5732.9286600000005
 20
-7235.005
 30
0.0
 11
5732.9286600000005
 21
-7225.005
 31
0.0
  0
LINE
  5
DCB
330
17
100
AcDbEntity
  8
baseplate
100
AcDbLine
 10
5862.8546400000005
 20
-7310.02
 30
0.0
 11
5862.8546400000005
 21
-7300.02
 31
0.0
  0
LINE
  5
DCC
330
17
100
AcDbEntity
  8
baseplate
100
AcDbLine
 10
5732.9286600000005
 20
-7385.035000000001
 30
0.0
 11
5732.9286600000005
 21
-7375.035000000001
 31
0.0
  0
LINE
  5
DCD
330
17
100
AcDbEntity
  8
baseplate
100
AcDbLine
 10
5603.00268
 20
-7310.02
 30
0.0
 11
5603.00268
 21
-7300.02
 31
0.0
  0
LINE
  5
DCE
330
17
100
AcDbEntity
  8
baseplate
100
AcDbLine
 10
5732.9286600000005
 20
-7217.005
 30
0.0
 11
5862.8546400000005
 21
-7292.02
 31
0.0
  0
LINE
  5
DCF
330
17
100
AcDbEntity
  8
baseplate
100
AcDbLine
 10
5862.8546400000005
 20
-7292.02
 30
0.0
 11
5732.9286600000005
 21
-7367.035000000001
 31
0.0
  0
LINE
  5
DD0
330
17
100
AcDbEntity
  8
baseplate
100
AcDbLine
 10
5732.9286600000005
 20
-7367.035000000001
 30
0.0
 11
5603.00268
 21
-7292.02
 31
0.0
  0
LINE
  5
DD1
330
17
100
AcDbEntity
  8
baseplate
100
AcDbLine
 10
5603.00268
 20
-7292.02
 30
0.0
 11
5732.9286600000005
 21
-7217.005
 31
0.0
  0
LINE
  5
DD2
330
17
100
AcDbEntity
  8
baseplate
100
AcDbLine
 10
5732.9286600000005
 20
-7225.005
 30
0.0
 11
5732.9286600000005
 21
-7217.005
 31
0.0
  0
LINE
  5
DD3
330
17
100
AcDbEntity
  8
baseplate
100
AcDbLine
 10
5862.8546400000005
 20
-7300.02
 30
0.0
 11
5862.8546400000005
 21
-7292.02
 31
0.0
  0
LINE
  5
DD4
330
17
100
AcDbEntity
  8
baseplate
100
AcDbLine
 10
5732.9286600000005
 20
-7375.035000000001
 30
0.0
 11
5732.9286600000005
 21
-7367.035000000001
 31
0.0
  0
LINE
  5
DD5
330
17
100
AcDbEntity
  8
baseplate
100
AcDbLine
 10
5603.00268
 20
-7300.02
 30
0.0
 11
5603.00268
 21
-7292.02
 31
0.0
  0
LINE
  5
DD6
330
17
100
AcDbEntity
  8
baseplate
100
AcDbLine
 10
4866.93732
 20
-7735.0
 30
0.0
 11
4996.863300000001
 21
-7810.015
 31
0.0
  0
LINE
  5
DD7
330
17
100
AcDbEntity
  8
baseplate
100
AcDbLine
 10
4996.863300000001
 20
-7810.015
 30
0.0
 11
4866.94598
 21
-7885.025000000001
 31
0.0
  0
LINE
  5
DD8
330
17
100
AcDbEntity
  8
baseplate
100
AcDbLine
 10
4866.94598
 20
-7885.025000000001
 30
0.0
 11
4737.0199999999995
 21
-7810.01
 31
0.0
  0
LINE
  5
DD9
330
17
100
AcDbEntity
  8
baseplate
100
AcDbLine
 10
4737.0199999999995
 20
-7810.01
 30
0.0
 11
4866.93732
 21
-7735.0
 31
0.0
  0
LINE
  5
DDA
330
17
100
AcDbEntity
  8
baseplate
100
AcDbLine
 10
4866.93732
 20
-7725.0
 30
0.0
 11
4996.863300000001
 21
-7800.015
 31
0.0
  0
LINE
  5
DDB
330
17
100
AcDbEntity
  8
baseplate
100
AcDbLine
 10
4996.863300000001
 20
-7800.015
 30
0.0
 11
4866.94598
 21
-7875.025000000001
 31
0.0
  0
LINE
  5
DDC
330
17
100
AcDbEntity
  8
baseplate
100
AcDbLine
 10
4866.94598
 20
-7875.025000000001
 30
0.0
 11
4737.0199999999995
 21
-7800.01
 31
0.0
  0
LINE
  5
DDD
330
17
100
AcDbEntity
  8
baseplate
100
AcDbLine
 10
4737.0199999999995
 20
-7800.01
 30
0.0
 11
4866.93732
 21
-7725.0
 31
0.0
  0
LINE
  5
DDE
330
17
100
AcDbEntity
  8
baseplate
100
AcDbLine
 10
4866.93732
 20
-7735.0
 30
0.0
 11
4866.93732
 21
-7725.0
 31
0.0
  0
LINE
  5
DDF
330
17
100
AcDbEntity
  8
baseplate
100
AcDbLine
 10
4996.863300000001
 20
-7810.015
 30
0.0
 11
4996.863300000001
 21
-7800.015
 31
0.0
  0
LINE
  5
DE0
330
17
100
AcDbEntity
  8
baseplate
100
AcDbLine
 10
4866.94598
 20
-7885.025000000001
 30
0.0
 11
4866.94598
 21
-7875.025000000001
 31
0.0
  0
LINE
  5
DE1
330
17
100
AcDbEntity
  8
baseplate
100
AcDbLine
 10
4737.0199999999995
 20
-7810.01
 30
0.0
 11
4737.0199999999995
 21
-7800.01
 31
0.0
  0
LINE
  5
DE2
330
17
100
AcDbEntity
  8
baseplate
100
AcDbLine
 10
4866.93732
 20
-7717.0
 30
0.0
 11
4996.863300000001
 21
-7792.015
 31
0.0
  0
LINE
  5
DE3
330
17
100
AcDbEntity
  8
baseplate
100
AcDbLine
 10
4996.863300000001
 20
-7792.015
 30
0.0
 11
4866.94598
 21
-7867.025000000001
 31
0.0
  0
LINE
  5
DE4
330
17
100
AcDbEntity
  8
baseplate
100
AcDbLine
 10
4866.94598
 20
-7867.025000000001
 30
0.0
 11
4737.0199999999995
 21
-7792.01
 31
0.0
  0
LINE
  5
DE5
330
17
100
AcDbEntity
  8
baseplate
100
AcDbLine
 10
4737.0199999999995
 20
-7792.01
 30
0.0
 11
4866.93732
 21
-7717.0
 31
0.0
  0
LINE
  5
DE6
330
17
100
AcDbEntity
  8
baseplate
100
AcDbLine
 10
4866.93732
 20
-7725.0
 30
0.0
 11
4866.93732
 21
-7717.0
 31
0.0
  0
LINE
  5
DE7
330
17
100
AcDbEntity
  8
baseplate
100
AcDbLine
 10
4996.863300000001
 20
-7800.015
 30
0.0
 11
4996.863300000001
 21
-7792.015
 31
0.0
  0
LINE
  5
DE8
330
17
100
AcDbEntity
  8
baseplate
100
AcDbLine
 10
4866.94598
 20
-7875.025000000001
 30
0.0
 11
4866.94598
 21
-7867.025000000001
 31
0.0
  0
LINE
  5
DE9
330
17
100
AcDbEntity
  8
baseplate
100
AcDbLine
 10
4737.0199999999995
 20
-7800.01
 30
0.0
 11
4737.0199999999995
 21
-7792.01
 31
0.0
  0
LINE
  5
DEA
330
17
100
AcDbEntity
  8
baseplate
100
AcDbLine
 10
6399.76598
 20
-8620.005000000001
 30
0.0
 11
6529.683300000001
 21
-8695.015
 31
0.0
  0
LINE
  5
DEB
330
17
100
AcDbEntity
  8
baseplate
100
AcDbLine
 10
6529.683300000001
 20
-8695.015
 30
0.0
 11
6399.76598
 21
-8770.025000000001
 31
0.0
  0
LINE
  5
DEC
330
17
100
AcDbEntity
  8
baseplate
100
AcDbLine
 10
6399.76598
 20
-8770.025000000001
 30
0.0
 11
6269.848660000001
 21
-8695.015
 31
0.0
  0
LINE
  5
DED
330
17
100
AcDbEntity
  8
baseplate
100
AcDbLine
 10
6269.848660000001
 20
-8695.015
 30
0.0
 11
6399.76598
 21
-8620.005000000001
 31
0.0
  0
LINE
  5
DEE
330
17
100
AcDbEntity
  8
baseplate
100
AcDbLine
 10
6399.76598
 20
-8610.005000000001
 30
0.0
 11
6529.683300000001
 21
-8685.015
 31
0.0
  0
LINE
  5
DEF
330
17
100
AcDbEntity
  8
baseplate
100
AcDbLine
 10
6529.683300000001
 20
-8685.015
 30
0.0
 11
6399.76598
 21
-8760.025000000001
 31
0.0
  0
LINE
  5
DF0
330
17
100
AcDbEntity
  8
baseplate
100
AcDbLine
 10
6399.76598
 20
-8760.025000000001
 30
0.0
 11
6269.848660000001
 21
-8685.015
 31
0.0
  0
LINE
  5
DF1
330
17
100
AcDbEntity
  8
baseplate
100
AcDbLine
 10
6269.848660000001
 20
-8685.015
 30
0.0
 11
6399.76598
 21
-8610.005000000001
 31
0.0
  0
LINE
  5
DF2
330
17
100
AcDbEntity
  8
baseplate
100
AcDbLine
 10
6399.76598
 20
-8620.005000000001
 30
0.0
 11
6399.76598
 21
-8610.005000000001
 31
0.0
  0
LINE
  5
DF3
330
17
100
AcDbEntity
  8
baseplate
100
AcDbLine
 10
6529.683300000001
 20
-8695.015
 30
0.0
 11
6529.683300000001
 21
-8685.015
 31
0.0
  0
LINE
  5
DF4
330
17
100
AcDbEntity
  8
baseplate
100
AcDbLine
 10
6399.76598
 20
-8770.025000000001
 30
0.0
 11
6399.76598
 21
-8760.025000000001
 31
0.0
  0
LINE
  5
DF5
330
17
100
AcDbEntity
  8
baseplate
100
AcDbLine
 10
6269.848660000001
 20
-8695.015
 30
0.0
 11
6269.848660000001
 21
-8685.015
 31
0.0
  0
LINE
  5
DF6
330
17
100
AcDbEntity
  8
baseplate
100
AcDbLine
 10
6399.76598
 20
-8602.005000000001
 30
0.0
 11
6529.683300000001
 21
-8677.015
 31
0.0
  0
LINE
  5
DF7
330
17
100
AcDbEntity
  8
baseplate
100
AcDbLine
 10
6529.683300000001
 20
-8677.015
 30
0.0
 11
6399.76598
 21
-8752.025000000001
 31
0.0
  0
LINE
  5
DF8
330
17
100
AcDbEntity
  8
baseplate
100
AcDbLine
 10
6399.76598
 20
-8752.025000000001
 30
0.0
 11
6269.848660000001
 21
-8677.015
 31
0.0
  0
LINE
  5
DF9
330
17
100
AcDbEntity
  8
baseplate
100
AcDbLine
 10
6269.848660000001
 20
-8677.015
 30
0.0
 11
6399.76598
 21
-8602.005000000001
 31
0.0
  0
LINE
  5
DFA
330
17
100
AcDbEntity
  8
baseplate
100
AcDbLine
 10
6399.76598
 20
-8610.005000000001
 30
0.0
 11
6399.76598
 21
-8602.005000000001
 31
0.0
  0
LINE
  5
DFB
330
17
100
AcDbEntity
  8
baseplate
100
AcDbLine
 10
6529.683300000001
 20
-8685.015
 30
0.0
 11
6529.683300000001
 21
-8677.015
 31
0.0
  0
LINE
  5
DFC
330
17
100
AcDbEntity
  8
baseplate
100
AcDbLine
 10
6399.76598
 20
-8760.025000000001
 30
0.0
 11
6399.76598
 21
-8752.025000000001
 31
0.0
  0
LINE
  5
DFD
330
17
100
AcDbEntity
  8
baseplate
100
AcDbLine
 10
6269.848660000001
 20
-8685.015
 30
0.0
 11
6269.848660000001
 21
-8677.015
 31
0.0
  0
LINE
  5
DFE
330
17
100
AcDbEntity
  8
baseplate
100
AcDbLine
 10
12262.58598
 20
-7005.005
 30
0.0
 11
12392.5033
 21
-7080.015
 31
0.0
  0
LINE
  5
DFF
330
17
100
AcDbEntity
  8
baseplate
100
AcDbLine
 10
12392.5033
 20
-7080.015
 30
0.0
 11
12262.58598
 21
-7155.025000000001
 31
0.0
  0
LINE
  5
E00
330
17
100
AcDbEntity
  8
baseplate
100
AcDbLine
 10
12262.58598
 20
-7155.025000000001
 30
0.0
 11
12132.66866
 21
-7080.015
 31
0.0
  0
LINE
  5
E01
330
17
100
AcDbEntity
  8
baseplate
100
AcDbLine
 10
12132.66866
 20
-7080.015
 30
0.0
 11
12262.58598
 21
-7005.005
 31
0.0
  0
LINE
  5
E02
330
17
100
AcDbEntity
  8
baseplate
100
AcDbLine
 10
12262.58598
 20
-6995.005
 30
0.0
 11
12392.5033
 21
-7070.015
 31
0.0
  0
LINE
  5
E03
330
17
100
AcDbEntity
  8
baseplate
100
AcDbLine
 10
12392.5033
 20
-7070.015
 30
0.0
 11
12262.58598
 21
-7145.025000000001
 31
0.0
  0
LINE
  5
E04
330
17
100
AcDbEntity
  8
baseplate
100
AcDbLine
 10
12262.58598
 20
-7145.025000000001
 30
0.0
 11
12132.66866
 21
-7070.015
 31
0.0
  0
LINE
  5
E05
330
17
100
AcDbEntity
  8
baseplate
100
AcDbLine
 10
12132.66866
 20
-7070.015
 30
0.0
 11
12262.58598
 21
-6995.005
 31
0.0
  0
LINE
  5
E06
330
17
100
AcDbEntity
  8
baseplate
100
AcDbLine
 10
12262.58598
 20
-7005.005
 30
0.0
 11
12262.58598
 21
-6995.005
 31
0.0
  0
LINE
  5
E07
330
17
100
AcDbEntity
  8
baseplate
100
AcDbLine
 10
12392.5033
 20
-7080.015
 30
0.0
 11
12392.5033
 21
-7070.015
 31
0.0
  0
LINE
  5
E08
330
17
100
AcDbEntity
  8
baseplate
100
AcDbLine
 10
12262.58598
 20
-7155.025000000001
 30
0.0
 11
12262.58598
 21
-7145.025000000001
 31
0.0
  0
LINE
  5
E09
330
17
100
AcDbEntity
  8
baseplate
100
AcDbLine
 10
12132.66866
 20
-7080.015
 30
0.0
 11
12132.66866
 21
-7070.015
 31
0.0
  0
LINE
  5
E0A
330
17
100
AcDbEntity
  8
baseplate
100
AcDbLine
 10
12262.58598
 20
-6987.005
 30
0.0
 11
12392.5033
 21
-7062.015
 31
0.0
  0
LINE
  5
E0B
330
17
100
AcDbEntity
  8
baseplate
100
AcDbLine
 10
12392.5033
 20
-7062.015
 30
0.0
 11
12262.58598
 21
-7137.025000000001
 31
0.0
  0
LINE
  5
E0C
330
17
100
AcDbEntity
  8
baseplate
100
AcDbLine
 10
12262.58598
 20
-7137.025000000001
 30
0.0
 11
12132.66866
 21
-7062.015
 31
0.0
  0
LINE
  5
E0D
330
17
100
AcDbEntity
  8
baseplate
100
AcDbLine
 10
12132.66866
 20
-7062.015
 30
0.0
 11
12262.58598
 21
-6987.005
 31
0.0
  0
LINE
  5
E0E
330
17
100
AcDbEntity
  8
baseplate
100
AcDbLine
 10
12262.58598
 20
-6995.005
 30
0.0
 11
12262.58598
 21
-6987.005
 31
0.0
  0
LINE
  5
E0F
330
17
100
AcDbEntity
  8
baseplate
100
AcDbLine
 10
12392.5033
 20
-7070.015
 30
0.0
 11
12392.5033
 21
-7062.015
 31
0.0
  0
LINE
  5
E10
330
17
100
AcDbEntity
  8
baseplate
100
AcDbLine
 10
12262.58598
 20
-7145.025000000001
 30
0.0
 11
12262.58598
 21
-7137.025000000001
 31
0.0
  0
LINE
  5
E11
330
17
100
AcDbEntity
  8
baseplate
100
AcDbLine
 10
12132.66866
 20
-7070.015
 30
0.0
 11
12132.66866
 21
-7062.015
 31
0.0
  0
LINE
  5
E12
330
17
100
AcDbEntity
  8
baseplate
100
AcDbLine
 10
11396.594640000001
 20
-7505.0
 30
0.0
 11
11526.511960000002
 21
-7580.01
 31
0.0
  0
LINE
  5
E13
330
17
100
AcDbEntity
  8
baseplate
100
AcDbLine
 10
11526.511960000002
 20
-7580.01
 30
0.0
 11
11396.594640000001
 21
-7655.02
 31
0.0
  0
LINE
  5
E14
330
17
100
AcDbEntity
  8
baseplate
100
AcDbLine
 10
11396.594640000001
 20
-7655.02
 30
0.0
 11
11266.67732
 21
-7580.01
 31
0.0
  0
LINE
  5
E15
330
17
100
AcDbEntity
  8
baseplate
100
AcDbLine
 10
11266.67732
 20
-7580.01
 30
0.0
 11
11396.594640000001
 21
-7505.0
 31
0.0
  0
LINE
  5
E16
330
17
100
AcDbEntity
  8
baseplate
100
AcDbLine
 10
11396.594640000001
 20
-7495.0
 30
0.0
 11
11526.511960000002
 21
-7570.01
 31
0.0
  0
LINE
  5
E17
330
17
100
AcDbEntity
  8
baseplate
100
AcDbLine
 10
11526.511960000002
 20
-7570.01
 30
0.0
 11
11396.594640000001
 21
-7645.02
 31
0.0
  0
LINE
  5
E18
330
17
100
AcDbEntity
  8
baseplate
100
AcDbLine
 10
11396.594640000001
 20
-7645.02
 30
0.0
 11
11266.67732
 21
-7570.01
 31
0.0
  0
LINE
  5
E19
330
17
100
AcDbEntity
  8
baseplate
100
AcDbLine
 10
11266.67732
 20
-7570.01
 30
0.0
 11
11396.594640000001
 21
-7495.0
 31
0.0
  0
LINE
  5
E1A
330
17
100
AcDbEntity
  8
baseplate
100
AcDbLine
 10
11396.594640000001
 20
-7505.0
 30
0.0
 11
11396.594640000001
 21
-7495.0
 31
0.0
  0
LINE
  5
E1B
330
17
100
AcDbEntity
  8
baseplate
100
AcDbLine
 10
11526.511960000002
 20
-7580.01
 30
0.0
 11
11526.511960000002
 21
-7570.01
 31
0.0
  0
LINE
  5
E1C
330
17
100
AcDbEntity
  8
baseplate
100
AcDbLine
 10
11396.594640000001
 20
-7655.02
 30
0.0
 11
11396.594640000001
 21
-7645.02
 31
0.0
  0
LINE
  5
E1D
330
17
100
AcDbEntity
  8
baseplate
100
AcDbLine
 10
11266.67732
 20
-7580.01
 30
0.0
 11
11266.67732
 21
-7570.01
 31
0.0
  0
LINE
  5
E1E
330
17
100
AcDbEntity
  8
baseplate
100
AcDbLine
 10
11396.594640000001
 20
-7487.0
 30
0.0
 11
11526.511960000002
 21
-7562.01
 31
0.0
  0
LINE
  5
E1F
330
17
100
AcDbEntity
  8
baseplate
100
AcDbLine
 10
11526.511960000002
 20
-7562.01
 30
0.0
 11
11396.594640000001
 21
-7637.02
 31
0.0
  0
LINE
  5
E20
330
17
100
AcDbEntity
  8
baseplate
100
AcDbLine
 10
11396.594640000001
 20
-7637.02
 30
0.0
 11
11266.67732
 21
-7562.01
 31
0.0
  0
LINE
  5
E21
330
17
100
AcDbEntity
  8
baseplate
100
AcDbLine
 10
11266.67732
 20
-7562.01
 30
0.0
 11
11396.594640000001
 21
-7487.0
 31
0.0
  0
LINE
  5
E22
330
17
100
AcDbEntity
  8
baseplate
100
AcDbLine
 10
11396.594640000001
 20
-7495.0
 30
0.0
 11
11396.594640000001
 21
-7487.0
 31
0.0
  0
LINE
  5
E23
330
17
100
AcDbEntity
  8
baseplate
100
AcDbLine
 10
11526.511960000002
 20
-7570.01
 30
0.0
 11
11526.511960000002
 21
-7562.01
 31
0.0
  0
LINE
  5
E24
330
17
100
AcDbEntity
  8
baseplate
100
AcDbLine
 10
11396.594640000001
 20
-7645.02
 30
0.0
 11
11396.594640000001
 21
-7637.02
 31
0.0
  0
LINE
  5
E25
330
17
100
AcDbEntity
  8
baseplate
100
AcDbLine
 10
11266.67732
 20
-7570.01
 30
0.0
 11
11266.67732
 21
-7562.01
 31
0.0
  0
LINE
  5
E26
330
17
100
AcDbEntity
  8
baseplate
100
AcDbLine
 10
10530.57732
 20
-8005.01
 30
0.0
 11
10660.49464
 21
-8080.02
 31
0.0
  0
LINE
  5
E27
330
17
100
AcDbEntity
  8
baseplate
100
AcDbLine
 10
10660.49464
 20
-8080.02
 30
0.0
 11
10530.57732
 21
-8155.030000000001
 31
0.0
  0
LINE
  5
E28
330
17
100
AcDbEntity
  8
baseplate
100
AcDbLine
 10
10530.57732
 20
-8155.030000000001
 30
0.0
 11
10400.66
 21
-8080.02
 31
0.0
  0
LINE
  5
E29
330
17
100
AcDbEntity
  8
baseplate
100
AcDbLine
 10
10400.66
 20
-8080.02
 30
0.0
 11
10530.57732
 21
-8005.01
 31
0.0
  0
LINE
  5
E2A
330
17
100
AcDbEntity
  8
baseplate
100
AcDbLine
 10
10530.57732
 20
-7995.01
 30
0.0
 11
10660.49464
 21
-8070.02
 31
0.0
  0
LINE
  5
E2B
330
17
100
AcDbEntity
  8
baseplate
100
AcDbLine
 10
10660.49464
 20
-8070.02
 30
0.0
 11
10530.57732
 21
-8145.030000000001
 31
0.0
  0
LINE
  5
E2C
330
17
100
AcDbEntity
  8
baseplate
100
AcDbLine
 10
10530.57732
 20
-8145.030000000001
 30
0.0
 11
10400.66
 21
-8070.02
 31
0.0
  0
LINE
  5
E2D
330
17
100
AcDbEntity
  8
baseplate
100
AcDbLine
 10
10400.66
 20
-8070.02
 30
0.0
 11
10530.57732
 21
-7995.01
 31
0.0
  0
LINE
  5
E2E
330
17
100
AcDbEntity
  8
baseplate
100
AcDbLine
 10
10530.57732
 20
-8005.01
 30
0.0
 11
10530.57732
 21
-7995.01
 31
0.0
  0
LINE
  5
E2F
330
17
100
AcDbEntity
  8
baseplate
100
AcDbLine
 10
10660.49464
 20
-8080.02
 30
0.0
 11
10660.49464
 21
-8070.02
 31
0.0
  0
LINE
  5
E30
330
17
100
AcDbEntity
  8
baseplate
100
AcDbLine
 10
10530.57732
 20
-8155.030000000001
 30
0.0
 11
10530.57732
 21
-8145.030000000001
 31
0.0
  0
LINE
  5
E31
330
17
100
AcDbEntity
  8
baseplate
100
AcDbLine
 10
10400.66
 20
-8080.02
 30
0.0
 11
10400.66
 21
-8070.02
 31
0.0
  0
LINE
  5
E32
330
17
100
AcDbEntity
  8
baseplate
100
AcDbLine
 10
10530.57732
 20
-7987.01
 30
0.0
 11
10660.49464
 21
-8062.02
 31
0.0
  0
LINE
  5
E33
330
17
100
AcDbEntity
  8
baseplate
100
AcDbLine
 10
10660.49464
 20
-8062.02
 30
0.0
 11
10530.57732
 21
-8137.030000000001
 31
0.0
  0
LINE
  5
E34
330
17
100
AcDbEntity
  8
baseplate
100
AcDbLine
 10
10530.57732
 20
-8137.030000000001
 30
0.0
 11
10400.66
 21
-8062.02
 31
0.0
  0
LINE
  5
E35
330
17
100
AcDbEntity
  8
baseplate
100
AcDbLine
 10
10400.66
 20
-8062.02
 30
0.0
 11
10530.57732
 21
-7987.01
 31
0.0
  0
LINE
  5
E36
330
17
100
AcDbEntity
  8
baseplate
100
AcDbLine
 10
10530.57732
 20
-7995.01
 30
0.0
 11
10530.57732
 21
-7987.01
 31
0.0
  0
LINE
  5
E37
330
17
100
AcDbEntity
  8
baseplate
100
AcDbLine
 10
10660.49464
 20
-8070.02
 30
0.0
 11
10660.49464
 21
-8062.02
 31
0.0
  0
LINE
  5
E38
330
17
100
AcDbEntity
  8
baseplate
100
AcDbLine
 10
10530.57732
 20
-8145.030000000001
 30
0.0
 11
10530.57732
 21
-8137.030000000001
 31
0.0
  0
LINE
  5
E39
330
17
100
AcDbEntity
  8
baseplate
100
AcDbLine
 10
10400.66
 20
-8070.02
 30
0.0
 11
10400.66
 21
-8062.02
 31
0.0
  0
LINE
  5
E3A
330
17
100
AcDbEntity
  8
baseplate
100
AcDbLine
 10
9664.594640000001
 20
-8505.0
 30
0.0
 11
9794.511960000002
 21
-8580.01
 31
0.0
  0
LINE
  5
E3B
330
17
100
AcDbEntity
  8
baseplate
100
AcDbLine
 10
9794.511960000002
 20
-8580.01
 30
0.0
 11
9664.58598
 21
-8655.025000000001
 31
0.0
  0
LINE
  5
E3C
330
17
100
AcDbEntity
  8
baseplate
100
AcDbLine
 10
9664.58598
 20
-8655.025000000001
 30
0.0
 11
9534.66866
 21
-8580.015
 31
0.0
  0
LINE
  5
E3D
330
17
100
AcDbEntity
  8
baseplate
100
AcDbLine
 10
9534.66866
 20
-8580.015
 30
0.0
 11
9664.594640000001
 21
-8505.0
 31
0.0
  0
LINE
  5
E3E
330
17
100
AcDbEntity
  8
baseplate
100
AcDbLine
 10
9664.594640000001
 20
-8495.0
 30
0.0
 11
9794.511960000002
 21
-8570.01
 31
0.0
  0
LINE
  5
E3F
330
17
100
AcDbEntity
  8
baseplate
100
AcDbLine
 10
9794.511960000002
 20
-8570.01
 30
0.0
 11
9664.58598
 21
-8645.025000000001
 31
0.0
  0
LINE
  5
E40
330
17
100
AcDbEntity
  8
baseplate
100
AcDbLine
 10
9664.58598
 20
-8645.025000000001
 30
0.0
 11
9534.66866
 21
-8570.015
 31
0.0
  0
LINE
  5
E41
330
17
100
AcDbEntity
  8
baseplate
100
AcDbLine
 10
9534.66866
 20
-8570.015
 30
0.0
 11
9664.594640000001
 21
-8495.0
 31
0.0
  0
LINE
  5
E42
330
17
100
AcDbEntity
  8
baseplate
100
AcDbLine
 10
9664.594640000001
 20
-8505.0
 30
0.0
 11
9664.594640000001
 21
-8495.0
 31
0.0
  0
LINE
  5
E43
330
17
100
AcDbEntity
  8
baseplate
100
AcDbLine
 10
9794.511960000002
 20
-8580.01
 30
0.0
 11
9794.511960000002
 21
-8570.01
 31
0.0
  0
LINE
  5
E44
330
17
100
AcDbEntity
  8
baseplate
100
AcDbLine
 10
9664.58598
 20
-8655.025000000001
 30
0.0
 11
9664.58598
 21
-8645.025000000001
 31
0.0
  0
LINE
  5
E45
330
17
100
AcDbEntity
  8
baseplate
100
AcDbLine
 10
9534.66866
 20
-8580.015
 30
0.0
 11
9534.66866
 21
-8570.015
 31
0.0
  0
LINE
  5
E46
330
17
100
AcDbEntity
  8
baseplate
100
AcDbLine
 10
9664.594640000001
 20
-8487.0
 30
0.0
 11
9794.511960000002
 21
-8562.01
 31
0.0
  0
LINE
  5
E47
330
17
100
AcDbEntity
  8
baseplate
100
AcDbLine
 10
9794.511960000002
 20
-8562.01
 30
0.0
 11
9664.58598
 21
-8637.025000000001
 31
0.0
  0
LINE
  5
E48
330
17
100
AcDbEntity
  8
baseplate
100
AcDbLine
 10
9664.58598
 20
-8637.025000000001
 30
0.0
 11
9534.66866
 21
-8562.015
 31
0.0
  0
LINE
  5
E49
330
17
100
AcDbEntity
  8
baseplate
100
AcDbLine
 10
9534.66866
 20
-8562.015
 30
0.0
 11
9664.594640000001
 21
-8487.0
 31
0.0
  0
LINE
  5
E4A
330
17
100
AcDbEntity
  8
baseplate
100
AcDbLine
 10
9664.594640000001
 20
-8495.0
 30
0.0
 11
9664.594640000001
 21
-8487.0
 31
0.0
  0
LINE
  5
E4B
330
17
100
AcDbEntity
  8
baseplate
100
AcDbLine
 10
9794.511960000002
 20
-8570.01
 30
0.0
 11
9794.511960000002
 21
-8562.01
 31
0.0
  0
LINE
  5
E4C
330
17
100
AcDbEntity
  8
baseplate
100
AcDbLine
 10
9664.58598
 20
-8645.025000000001
 30
0.0
 11
9664.58598
 21
-8637.025000000001
 31
0.0
  0
LINE
  5
E4D
330
17
100
AcDbEntity
  8
baseplate
100
AcDbLine
 10
9534.66866
 20
-8570.015
 30
0.0
 11
9534.66866
 21
-8562.015
 31
0.0
  0
LINE
  5
E4E
330
17
100
AcDbEntity
  8
baseplate
100
AcDbLine
 10
8798.57732
 20
-9005.01
 30
0.0
 11
8928.49464
 21
-9080.02
 31
0.0
  0
LINE
  5
E4F
330
17
100
AcDbEntity
  8
baseplate
100
AcDbLine
 10
8928.49464
 20
-9080.02
 30
0.0
 11
8798.56866
 21
-9155.035
 31
0.0
  0
LINE
  5
E50
330
17
100
AcDbEntity
  8
baseplate
100
AcDbLine
 10
8798.56866
 20
-9155.035
 30
0.0
 11
8668.65134
 21
-9080.025
 31
0.0
  0
LINE
  5
E51
330
17
100
AcDbEntity
  8
baseplate
100
AcDbLine
 10
8668.65134
 20
-9080.025
 30
0.0
 11
8798.57732
 21
-9005.01
 31
0.0
  0
LINE
  5
E52
330
17
100
AcDbEntity
  8
baseplate
100
AcDbLine
 10
8798.57732
 20
-8995.01
 30
0.0
 11
8928.49464
 21
-9070.02
 31
0.0
  0
LINE
  5
E53
330
17
100
AcDbEntity
  8
baseplate
100
AcDbLine
 10
8928.49464
 20
-9070.02
 30
0.0
 11
8798.56866
 21
-9145.035
 31
0.0
  0
LINE
  5
E54
330
17
100
AcDbEntity
  8
baseplate
100
AcDbLine
 10
8798.56866
 20
-9145.035
 30
0.0
 11
8668.65134
 21
-9070.025
 31
0.0
  0
LINE
  5
E55
330
17
100
AcDbEntity
  8
baseplate
100
AcDbLine
 10
8668.65134
 20
-9070.025
 30
0.0
 11
8798.57732
 21
-8995.01
 31
0.0
  0
LINE
  5
E56
330
17
100
AcDbEntity
  8
baseplate
100
AcDbLine
 10
8798.57732
 20
-9005.01
 30
0.0
 11
8798.57732
 21
-8995.01
 31
0.0
  0
LINE
  5
E57
330
17
100
AcDbEntity
  8
baseplate
100
AcDbLine
 10
8928.49464
 20
-9080.02
 30
0.0
 11
8928.49464
 21
-9070.02
 31
0.0
  0
LINE
  5
E58
330
17
100
AcDbEntity
  8
baseplate
100
AcDbLine
 10
8798.56866
 20
-9155.035
 30
0.0
 11
8798.56866
 21
-9145.035
 31
0.0
  0
LINE
  5
E59
330
17
100
AcDbEntity
  8
baseplate
100
AcDbLine
 10
8668.65134
 20
-9080.025
 30
0.0
 11
8668.65134
 21
-9070.025
 31
0.0
  0
LINE
  5
E5A
330
17
100
AcDbEntity
  8
baseplate
100
AcDbLine
 10
8798.57732
 20
-8987.01
 30
0.0
 11
8928.49464
 21
-9062.02
 31
0.0
  0
LINE
  5
E5B
330
17
100
AcDbEntity
  8
baseplate
100
AcDbLine
 10
8928.49464
 20
-9062.02
 30
0.0
 11
8798.56866
 21
-9137.035
 31
0.0
  0
LINE
  5
E5C
330
17
100
AcDbEntity
  8
baseplate
100
AcDbLine
 10
8798.56866
 20
-9137.035
 30
0.0
 11
8668.65134
 21
-9062.025
 31
0.0
  0
LINE
  5
E5D
330
17
100
AcDbEntity
  8
baseplate
100
AcDbLine
 10
8668.65134
 20
-9062.025
 30
0.0
 11
8798.57732
 21
-8987.01
 31
0.0
  0
LINE
  5
E5E
330
17
100
AcDbEntity
  8
baseplate
100
AcDbLine
 10
8798.57732
 20
-8995.01
 30
0.0
 11
8798.57732
 21
-8987.01
 31
0.0
  0
LINE
  5
E5F
330
17
100
AcDbEntity
  8
baseplate
100
AcDbLine
 10
8928.49464
 20
-9070.02
 30
0.0
 11
8928.49464
 21
-9062.02
 31
0.0
  0
LINE
  5
E60
330
17
100
AcDbEntity
  8
baseplate
100
AcDbLine
 10
8798.56866
 20
-9145.035
 30
0.0
 11
8798.56866
 21
-9137.035
 31
0.0
  0
LINE
  5
E61
330
17
100
AcDbEntity
  8
baseplate
100
AcDbLine
 10
8668.65134
 20
-9070.025
 30
0.0
 11
8668.65134
 21
-9062.025
 31
0.0
  0
LINE
  5
E62
330
17
100
AcDbEntity
  8
baseplate
100
AcDbLine
 10
7932.585980000001
 20
-9505.005000000001
 30
0.0
 11
8062.503300000001
 21
-9580.015
 31
0.0
  0
LINE
  5
E63
330
17
100
AcDbEntity
  8
baseplate
100
AcDbLine
 10
8062.503300000001
 20
-9580.015
 30
0.0
 11
7932.585980000001
 21
-9655.025000000001
 31
0.0
  0
LINE
  5
E64
330
17
100
AcDbEntity
  8
baseplate
100
AcDbLine
 10
7932.585980000001
 20
-9655.025000000001
 30
0.0
 11
7802.66866
 21
-9580.015
 31
0.0
  0
LINE
  5
E65
330
17
100
AcDbEntity
  8
baseplate
100
AcDbLine
 10
7802.66866
 20
-9580.015
 30
0.0
 11
7932.585980000001
 21
-9505.005000000001
 31
0.0
  0
LINE
  5
E66
330
17
100
AcDbEntity
  8
baseplate
100
AcDbLine
 10
7932.585980000001
 20
-9495.005000000001
 30
0.0
 11
8062.503300000001
 21
-9570.015
 31
0.0
  0
LINE
  5
E67
330
17
100
AcDbEntity
  8
baseplate
100
AcDbLine
 10
8062.503300000001
 20
-9570.015
 30
0.0
 11
7932.585980000001
 21
-9645.025000000001
 31
0.0
  0
LINE
  5
E68
330
17
100
AcDbEntity
  8
baseplate
100
AcDbLine
 10
7932.585980000001
 20
-9645.025000000001
 30
0.0
 11
7802.66866
 21
-9570.015
 31
0.0
  0
LINE
  5
E69
330
17
100
AcDbEntity
  8
baseplate
100
AcDbLine
 10
7802.66866
 20
-9570.015
 30
0.0
 11
7932.585980000001
 21
-9495.005000000001
 31
0.0
  0
LINE
  5
E6A
330
17
100
AcDbEntity
  8
baseplate
100
AcDbLine
 10
7932.585980000001
 20
-9505.005000000001
 30
0.0
 11
7932.585980000001
 21
-9495.005000000001
 31
0.0
  0
LINE
  5
E6B
330
17
100
AcDbEntity
  8
baseplate
100
AcDbLine
 10
8062.503300000001
 20
-9580.015
 30
0.0
 11
8062.503300000001
 21
-9570.015
 31
0.0
  0
LINE
  5
E6C
330
17
100
AcDbEntity
  8
baseplate
100
AcDbLine
 10
7932.585980000001
 20
-9655.025000000001
 30
0.0
 11
7932.585980000001
 21
-9645.025000000001
 31
0.0
  0
LINE
  5
E6D
330
17
100
AcDbEntity
  8
baseplate
100
AcDbLine
 10
7802.66866
 20
-9580.015
 30
0.0
 11
7802.66866
 21
-9570.015
 31
0.0
  0
LINE
  5
E6E
330
17
100
AcDbEntity
  8
baseplate
100
AcDbLine
 10
7932.585980000001
 20
-9487.005000000001
 30
0.0
 11
8062.503300000001
 21
-9562.015
 31
0.0
  0
LINE
  5
E6F
330
17
100
AcDbEntity
  8
baseplate
100
AcDbLine
 10
8062.503300000001
 20
-9562.015
 30
0.0
 11
7932.585980000001
 21
-9637.025000000001
 31
0.0
  0
LINE
  5
E70
330
17
100
AcDbEntity
  8
baseplate
100
AcDbLine
 10
7932.585980000001
 20
-9637.025000000001
 30
0.0
 11
7802.66866
 21
-9562.015
 31
0.0
  0
LINE
  5
E71
330
17
100
AcDbEntity
  8
baseplate
100
AcDbLine
 10
7802.66866
 20
-9562.015
 30
0.0
 11
7932.585980000001
 21
-9487.005000000001
 31
0.0
  0
LINE
  5
E72
330
17
100
AcDbEntity
  8
baseplate
100
AcDbLine
 10
7932.585980000001
 20
-9495.005000000001
 30
0.0
 11
7932.585980000001
 21
-9487.005000000001
 31
0.0
  0
LINE
  5
E73
330
17
100
AcDbEntity
  8
baseplate
100
AcDbLine
 10
8062.503300000001
 20
-9570.015
 30
0.0
 11
8062.503300000001
 21
-9562.015
 31
0.0
  0
LINE
  5
E74
330
17
100
AcDbEntity
  8
baseplate
100
AcDbLine
 10
7932.585980000001
 20
-9645.025000000001
 30
0.0
 11
7932.585980000001
 21
-9637.025000000001
 31
0.0
  0
LINE
  5
E75
330
17
100
AcDbEntity
  8
baseplate
100
AcDbLine
 10
7802.66866
 20
-9570.015
 30
0.0
 11
7802.66866
 21
-9562.015
 31
0.0
  0
LINE
  5
E76
330
17
100
AcDbEntity
  8
baseplate
100
AcDbLine
 10
13795.41464
 20
-7890.01
 30
0.0
 11
13925.33196
 21
-7965.0199999999995
 31
0.0
  0
LINE
  5
E77
330
17
100
AcDbEntity
  8
baseplate
100
AcDbLine
 10
13925.33196
 20
-7965.0199999999995
 30
0.0
 11
13795.414639999999
 21
-8040.03
 31
0.0
  0
LINE
  5
E78
330
17
100
AcDbEntity
  8
baseplate
100
AcDbLine
 10
13795.414639999999
 20
-8040.03
 30
0.0
 11
13665.49732
 21
-7965.02
 31
0.0
  0
LINE
  5
E79
330
17
100
AcDbEntity
  8
baseplate
100
AcDbLine
 10
13665.49732
 20
-7965.02
 30
0.0
 11
13795.41464
 21
-7890.01
 31
0.0
  0
LINE
  5
E7A
330
17
100
AcDbEntity
  8
baseplate
100
AcDbLine
 10
13795.41464
 20
-7880.01
 30
0.0
 11
13925.33196
 21
-7955.0199999999995
 31
0.0
  0
LINE
  5
E7B
330
17
100
AcDbEntity
  8
baseplate
100
AcDbLine
 10
13925.33196
 20
-7955.0199999999995
 30
0.0
 11
13795.414639999999
 21
-8030.03
 31
0.0
  0
LINE
  5
E7C
330
17
100
AcDbEntity
  8
baseplate
100
AcDbLine
 10
13795.414639999999
 20
-8030.03
 30
0.0
 11
13665.49732
 21
-7955.02
 31
0.0
  0
LINE
  5
E7D
330
17
100
AcDbEntity
  8
baseplate
100
AcDbLine
 10
13665.49732
 20
-7955.02
 30
0.0
 11
13795.41464
 21
-7880.01
 31
0.0
  0
LINE
  5
E7E
330
17
100
AcDbEntity
  8
baseplate
100
AcDbLine
 10
13795.41464
 20
-7890.01
 30
0.0
 11
13795.41464
 21
-7880.01
 31
0.0
  0
LINE
  5
E7F
330
17
100
AcDbEntity
  8
baseplate
100
AcDbLine
 10
13925.33196
 20
-7965.0199999999995
 30
0.0
 11
13925.33196
 21
-7955.0199999999995
 31
0.0
  0
LINE
  5
E80
330
17
100
AcDbEntity
  8
baseplate
100
AcDbLine
 10
13795.414639999999
 20
-8040.03
 30
0.0
 11
13795.414639999999
 21
-8030.03
 31
0.0
  0
LINE
  5
E81
330
17
100
AcDbEntity
  8
baseplate
100
AcDbLine
 10
13665.49732
 20
-7965.02
 30
0.0
 11
13665.49732
 21
-7955.02
 31
0.0
  0
LINE
  5
E82
330
17
100
AcDbEntity
  8
baseplate
100
AcDbLine
 10
13795.41464
 20
-7872.01
 30
0.0
 11
13925.33196
 21
-7947.0199999999995
 31
0.0
  0
LINE
  5
E83
330
17
100
AcDbEntity
  8
baseplate
100
AcDbLine
 10
13925.33196
 20
-7947.0199999999995
 30
0.0
 11
13795.414639999999
 21
-8022.03
 31
0.0
  0
LINE
  5
E84
330
17
100
AcDbEntity
  8
baseplate
100
AcDbLine
 10
13795.414639999999
 20
-8022.03
 30
0.0
 11
13665.49732
 21
-7947.02
 31
0.0
  0
LINE
  5
E85
330
17
100
AcDbEntity
  8
baseplate
100
AcDbLine
 10
13665.49732
 20
-7947.02
 30
0.0
 11
13795.41464
 21
-7872.01
 31
0.0
  0
LINE
  5
E86
330
17
100
AcDbEntity
  8
baseplate
100
AcDbLine
 10
13795.41464
 20
-7880.01
 30
0.0
 11
13795.41464
 21
-7872.01
 31
0.0
  0
LINE
  5
E87
330
17
100
AcDbEntity
  8
baseplate
100
AcDbLine
 10
13925.33196
 20
-7955.0199999999995
 30
0.0
 11
13925.33196
 21
-7947.0199999999995
 31
0.0
  0
LINE
  5
E88
330
17
100
AcDbEntity
  8
baseplate
100
AcDbLine
 10
13795.414639999999
 20
-8030.03
 30
0.0
 11
13795.414639999999
 21
-8022.03
 31
0.0
  0
LINE
  5
E89
330
17
100
AcDbEntity
  8
baseplate
100
AcDbLine
 10
13665.49732
 20
-7955.02
 30
0.0
 11
13665.49732
 21
-7947.02
 31
0.0
  0
LINE
  5
E8A
330
17
100
AcDbEntity
  8
baseplate
100
AcDbLine
 10
12929.4233
 20
-8390.005000000001
 30
0.0
 11
13059.340619999999
 21
-8465.015
 31
0.0
  0
LINE
  5
E8B
330
17
100
AcDbEntity
  8
baseplate
100
AcDbLine
 10
13059.340619999999
 20
-8465.015
 30
0.0
 11
12929.423299999999
 21
-8540.025
 31
0.0
  0
LINE
  5
E8C
330
17
100
AcDbEntity
  8
baseplate
100
AcDbLine
 10
12929.423299999999
 20
-8540.025
 30
0.0
 11
12799.50598
 21
-8465.015
 31
0.0
  0
LINE
  5
E8D
330
17
100
AcDbEntity
  8
baseplate
100
AcDbLine
 10
12799.50598
 20
-8465.015
 30
0.0
 11
12929.4233
 21
-8390.005000000001
 31
0.0
  0
LINE
  5
E8E
330
17
100
AcDbEntity
  8
baseplate
100
AcDbLine
 10
12929.4233
 20
-8380.005000000001
 30
0.0
 11
13059.340619999999
 21
-8455.015
 31
0.0
  0
LINE
  5
E8F
330
17
100
AcDbEntity
  8
baseplate
100
AcDbLine
 10
13059.340619999999
 20
-8455.015
 30
0.0
 11
12929.423299999999
 21
-8530.025
 31
0.0
  0
LINE
  5
E90
330
17
100
AcDbEntity
  8
baseplate
100
AcDbLine
 10
12929.423299999999
 20
-8530.025
 30
0.0
 11
12799.50598
 21
-8455.015
 31
0.0
  0
LINE
  5
E91
330
17
100
AcDbEntity
  8
baseplate
100
AcDbLine
 10
12799.50598
 20
-8455.015
 30
0.0
 11
12929.4233
 21
-8380.005000000001
 31
0.0
  0
LINE
  5
E92
330
17
100
AcDbEntity
  8
baseplate
100
AcDbLine
 10
12929.4233
 20
-8390.005000000001
 30
0.0
 11
12929.4233
 21
-8380.005000000001
 31
0.0
  0
LINE
  5
E93
330
17
100
AcDbEntity
  8
baseplate
100
AcDbLine
 10
13059.340619999999
 20
-8465.015
 30
0.0
 11
13059.340619999999
 21
-8455.015
 31
0.0
  0
LINE
  5
E94
330
17
100
AcDbEntity
  8
baseplate
100
AcDbLine
 10
12929.423299999999
 20
-8540.025
 30
0.0
 11
12929.423299999999
 21
-8530.025
 31
0.0
  0
LINE
  5
E95
330
17
100
AcDbEntity
  8
baseplate
100
AcDbLine
 10
12799.50598
 20
-8465.015
 30
0.0
 11
12799.50598
 21
-8455.015
 31
0.0
  0
LINE
  5
E96
330
17
100
AcDbEntity
  8
baseplate
100
AcDbLine
 10
12929.4233
 20
-8372.005000000001
 30
0.0
 11
13059.340619999999
 21
-8447.015
 31
0.0
  0
LINE
  5
E97
330
17
100
AcDbEntity
  8
baseplate
100
AcDbLine
 10
13059.340619999999
 20
-8447.015
 30
0.0
 11
12929.423299999999
 21
-8522.025
 31
0.0
  0
LINE
  5
E98
330
17
100
AcDbEntity
  8
baseplate
100
AcDbLine
 10
12929.423299999999
 20
-8522.025
 30
0.0
 11
12799.50598
 21
-8447.015
 31
0.0
  0
LINE
  5
E99
330
17
100
AcDbEntity
  8
baseplate
100
AcDbLine
 10
12799.50598
 20
-8447.015
 30
0.0
 11
12929.4233
 21
-8372.005000000001
 31
0.0
  0
LINE
  5
E9A
330
17
100
AcDbEntity
  8
baseplate
100
AcDbLine
 10
12929.4233
 20
-8380.005000000001
 30
0.0
 11
12929.4233
 21
-8372.005000000001
 31
0.0
  0
LINE
  5
E9B
330
17
100
AcDbEntity
  8
baseplate
100
AcDbLine
 10
13059.340619999999
 20
-8455.015
 30
0.0
 11
13059.340619999999
 21
-8447.015
 31
0.0
  0
LINE
  5
E9C
330
17
100
AcDbEntity
  8
baseplate
100
AcDbLine
 10
12929.423299999999
 20
-8530.025
 30
0.0
 11
12929.423299999999
 21
-8522.025
 31
0.0
  0
LINE
  5
E9D
330
17
100
AcDbEntity
  8
baseplate
100
AcDbLine
 10
12799.50598
 20
-8455.015
 30
0.0
 11
12799.50598
 21
-8447.015
 31
0.0
  0
LINE
  5
E9E
330
17
100
AcDbEntity
  8
baseplate
100
AcDbLine
 10
12063.405980000001
 20
-8890.015
 30
0.0
 11
12193.3233
 21
-8965.025
 31
0.0
  0
LINE
  5
E9F
330
17
100
AcDbEntity
  8
baseplate
100
AcDbLine
 10
12193.3233
 20
-8965.025
 30
0.0
 11
12063.40598
 21
-9040.035
 31
0.0
  0
LINE
  5
EA0
330
17
100
AcDbEntity
  8
baseplate
100
AcDbLine
 10
12063.40598
 20
-9040.035
 30
0.0
 11
11933.48866
 21
-8965.025
 31
0.0
  0
LINE
  5
EA1
330
17
100
AcDbEntity
  8
baseplate
100
AcDbLine
 10
11933.48866
 20
-8965.025
 30
0.0
 11
12063.405980000001
 21
-8890.015
 31
0.0
  0
LINE
  5
EA2
330
17
100
AcDbEntity
  8
baseplate
100
AcDbLine
 10
12063.405980000001
 20
-8880.015
 30
0.0
 11
12193.3233
 21
-8955.025
 31
0.0
  0
LINE
  5
EA3
330
17
100
AcDbEntity
  8
baseplate
100
AcDbLine
 10
12193.3233
 20
-8955.025
 30
0.0
 11
12063.40598
 21
-9030.035
 31
0.0
  0
LINE
  5
EA4
330
17
100
AcDbEntity
  8
baseplate
100
AcDbLine
 10
12063.40598
 20
-9030.035
 30
0.0
 11
11933.48866
 21
-8955.025
 31
0.0
  0
LINE
  5
EA5
330
17
100
AcDbEntity
  8
baseplate
100
AcDbLine
 10
11933.48866
 20
-8955.025
 30
0.0
 11
12063.405980000001
 21
-8880.015
 31
0.0
  0
LINE
  5
EA6
330
17
100
AcDbEntity
  8
baseplate
100
AcDbLine
 10
12063.405980000001
 20
-8890.015
 30
0.0
 11
12063.405980000001
 21
-8880.015
 31
0.0
  0
LINE
  5
EA7
330
17
100
AcDbEntity
  8
baseplate
100
AcDbLine
 10
12193.3233
 20
-8965.025
 30
0.0
 11
12193.3233
 21
-8955.025
 31
0.0
  0
LINE
  5
EA8
330
17
100
AcDbEntity
  8
baseplate
100
AcDbLine
 10
12063.40598
 20
-9040.035
 30
0.0
 11
12063.40598
 21
-9030.035
 31
0.0
  0
LINE
  5
EA9
330
17
100
AcDbEntity
  8
baseplate
100
AcDbLine
 10
11933.48866
 20
-8965.025
 30
0.0
 11
11933.48866
 21
-8955.025
 31
0.0
  0
LINE
  5
EAA
330
17
100
AcDbEntity
  8
baseplate
100
AcDbLine
 10
12063.405980000001
 20
-8872.015
 30
0.0
 11
12193.3233
 21
-8947.025
 31
0.0
  0
LINE
  5
EAB
330
17
100
AcDbEntity
  8
baseplate
100
AcDbLine
 10
12193.3233
 20
-8947.025
 30
0.0
 11
12063.40598
 21
-9022.035
 31
0.0
  0
LINE
  5
EAC
330
17
100
AcDbEntity
  8
baseplate
100
AcDbLine
 10
12063.40598
 20
-9022.035
 30
0.0
 11
11933.48866
 21
-8947.025
 31
0.0
  0
LINE
  5
EAD
330
17
100
AcDbEntity
  8
baseplate
100
AcDbLine
 10
11933.48866
 20
-8947.025
 30
0.0
 11
12063.405980000001
 21
-8872.015
 31
0.0
  0
LINE
  5
EAE
330
17
100
AcDbEntity
  8
baseplate
100
AcDbLine
 10
12063.405980000001
 20
-8880.015
 30
0.0
 11
12063.405980000001
 21
-8872.015
 31
0.0
  0
LINE
  5
EAF
330
17
100
AcDbEntity
  8
baseplate
100
AcDbLine
 10
12193.3233
 20
-8955.025
 30
0.0
 11
12193.3233
 21
-8947.025
 31
0.0
  0
LINE
  5
EB0
330
17
100
AcDbEntity
  8
baseplate
100
AcDbLine
 10
12063.40598
 20
-9030.035
 30
0.0
 11
12063.40598
 21
-9022.035
 31
0.0
  0
LINE
  5
EB1
330
17
100
AcDbEntity
  8
baseplate
100
AcDbLine
 10
11933.48866
 20
-8955.025
 30
0.0
 11
11933.48866
 21
-8947.025
 31
0.0
  0
LINE
  5
EB2
330
17
100
AcDbEntity
  8
baseplate
100
AcDbLine
 10
11197.4233
 20
-9390.005000000001
 30
0.0
 11
11327.340619999999
 21
-9465.015
 31
0.0
  0
LINE
  5
EB3
330
17
100
AcDbEntity
  8
baseplate
100
AcDbLine
 10
11327.340619999999
 20
-9465.015
 30
0.0
 11
11197.414639999999
 21
-9540.029999999999
 31
0.0
  0
LINE
  5
EB4
330
17
100
AcDbEntity
  8
baseplate
100
AcDbLine
 10
11197.414639999999
 20
-9540.029999999999
 30
0.0
 11
11067.49732
 21
-9465.02
 31
0.0
  0
LINE
  5
EB5
330
17
100
AcDbEntity
  8
baseplate
100
AcDbLine
 10
11067.49732
 20
-9465.02
 30
0.0
 11
11197.4233
 21
-9390.005000000001
 31
0.0
  0
LINE
  5
EB6
330
17
100
AcDbEntity
  8
baseplate
100
AcDbLine
 10
11197.4233
 20
-9380.005000000001
 30
0.0
 11
11327.340619999999
 21
-9455.015
 31
0.0
  0
LINE
  5
EB7
330
17
100
AcDbEntity
  8
baseplate
100
AcDbLine
 10
11327.340619999999
 20
-9455.015
 30
0.0
 11
11197.414639999999
 21
-9530.029999999999
 31
0.0
  0
LINE
  5
EB8
330
17
100
AcDbEntity
  8
baseplate
100
AcDbLine
 10
11197.414639999999
 20
-9530.029999999999
 30
0.0
 11
11067.49732
 21
-9455.02
 31
0.0
  0
LINE
  5
EB9
330
17
100
AcDbEntity
  8
baseplate
100
AcDbLine
 10
11067.49732
 20
-9455.02
 30
0.0
 11
11197.4233
 21
-9380.005000000001
 31
0.0
  0
LINE
  5
EBA
330
17
100
AcDbEntity
  8
baseplate
100
AcDbLine
 10
11197.4233
 20
-9390.005000000001
 30
0.0
 11
11197.4233
 21
-9380.005000000001
 31
0.0
  0
LINE
  5
EBB
330
17
100
AcDbEntity
  8
baseplate
100
AcDbLine
 10
11327.340619999999
 20
-9465.015
 30
0.0
 11
11327.340619999999
 21
-9455.015
 31
0.0
  0
LINE
  5
EBC
330
17
100
AcDbEntity
  8
baseplate
100
AcDbLine
 10
11197.414639999999
 20
-9540.029999999999
 30
0.0
 11
11197.414639999999
 21
-9530.029999999999
 31
0.0
  0
LINE
  5
EBD
330
17
100
AcDbEntity
  8
baseplate
100
AcDbLine
 10
11067.49732
 20
-9465.02
 30
0.0
 11
11067.49732
 21
-9455.02
 31
0.0
  0
LINE
  5
EBE
330
17
100
AcDbEntity
  8
baseplate
100
AcDbLine
 10
11197.4233
 20
-9372.005000000001
 30
0.0
 11
11327.340619999999
 21
-9447.015
 31
0.0
  0
LINE
  5
EBF
330
17
100
AcDbEntity
  8
baseplate
100
AcDbLine
 10
11327.340619999999
 20
-9447.015
 30
0.0
 11
11197.414639999999
 21
-9522.029999999999
 31
0.0
  0
LINE
  5
EC0
330
17
100
AcDbEntity
  8
baseplate
100
AcDbLine
 10
11197.414639999999
 20
-9522.029999999999
 30
0.0
 11
11067.49732
 21
-9447.02
 31
0.0
  0
LINE
  5
EC1
330
17
100
AcDbEntity
  8
baseplate
100
AcDbLine
 10
11067.49732
 20
-9447.02
 30
0.0
 11
11197.4233
 21
-9372.005000000001
 31
0.0
  0
LINE
  5
EC2
330
17
100
AcDbEntity
  8
baseplate
100
AcDbLine
 10
11197.4233
 20
-9380.005000000001
 30
0.0
 11
11197.4233
 21
-9372.005000000001
 31
0.0
  0
LINE
  5
EC3
330
17
100
AcDbEntity
  8
baseplate
100
AcDbLine
 10
11327.340619999999
 20
-9455.015
 30
0.0
 11
11327.340619999999
 21
-9447.015
 31
0.0
  0
LINE
  5
EC4
330
17
100
AcDbEntity
  8
baseplate
100
AcDbLine
 10
11197.414639999999
 20
-9530.029999999999
 30
0.0
 11
11197.414639999999
 21
-9522.029999999999
 31
0.0
  0
LINE
  5
EC5
330
17
100
AcDbEntity
  8
baseplate
100
AcDbLine
 10
11067.49732
 20
-9455.02
 30
0.0
 11
11067.49732
 21
-9447.02
 31
0.0
  0
LINE
  5
EC6
330
17
100
AcDbEntity
  8
baseplate
100
AcDbLine
 10
10331.405980000001
 20
-9890.015
 30
0.0
 11
10461.3233
 21
-9965.025
 31
0.0
  0
LINE
  5
EC7
330
17
100
AcDbEntity
  8
baseplate
100
AcDbLine
 10
10461.3233
 20
-9965.025
 30
0.0
 11
10331.397319999998
 21
-10040.039999999999
 31
0.0
  0
LINE
  5
EC8
330
17
100
AcDbEntity
  8
baseplate
100
AcDbLine
 10
10331.397319999998
 20
-10040.039999999999
 30
0.0
 11
10201.48
 21
-9965.03
 31
0.0
  0
LINE
  5
EC9
330
17
100
AcDbEntity
  8
baseplate
100
AcDbLine
 10
10201.48
 20
-9965.03
 30
0.0
 11
10331.405980000001
 21
-9890.015
 31
0.0
  0
LINE
  5
ECA
330
17
100
AcDbEntity
  8
baseplate
100
AcDbLine
 10
10331.405980000001
 20
-9880.015
 30
0.0
 11
10461.3233
 21
-9955.025
 31
0.0
  0
LINE
  5
ECB
330
17
100
AcDbEntity
  8
baseplate
100
AcDbLine
 10
10461.3233
 20
-9955.025
 30
0.0
 11
10331.397319999998
 21
-10030.039999999999
 31
0.0
  0
LINE
  5
ECC
330
17
100
AcDbEntity
  8
baseplate
100
AcDbLine
 10
10331.397319999998
 20
-10030.039999999999
 30
0.0
 11
10201.48
 21
-9955.03
 31
0.0
  0
LINE
  5
ECD
330
17
100
AcDbEntity
  8
baseplate
100
AcDbLine
 10
10201.48
 20
-9955.03
 30
0.0
 11
10331.405980000001
 21
-9880.015
 31
0.0
  0
LINE
  5
ECE
330
17
100
AcDbEntity
  8
baseplate
100
AcDbLine
 10
10331.405980000001
 20
-9890.015
 30
0.0
 11
10331.405980000001
 21
-9880.015
 31
0.0
  0
LINE
  5
ECF
330
17
100
AcDbEntity
  8
baseplate
100
AcDbLine
 10
10461.3233
 20
-9965.025
 30
0.0
 11
10461.3233
 21
-9955.025
 31
0.0
  0
LINE
  5
ED0
330
17
100
AcDbEntity
  8
baseplate
100
AcDbLine
 10
10331.397319999998
 20
-10040.039999999999
 30
0.0
 11
10331.397319999998
 21
-10030.039999999999
 31
0.0
  0
LINE
  5
ED1
330
17
100
AcDbEntity
  8
baseplate
100
AcDbLine
 10
10201.48
 20
-9965.03
 30
0.0
 11
10201.48
 21
-9955.03
 31
0.0
  0
LINE
  5
ED2
330
17
100
AcDbEntity
  8
baseplate
100
AcDbLine
 10
10331.405980000001
 20
-9872.015
 30
0.0
 11
10461.3233
 21
-9947.025
 31
0.0
  0
LINE
  5
ED3
330
17
100
AcDbEntity
  8
baseplate
100
AcDbLine
 10
10461.3233
 20
-9947.025
 30
0.0
 11
10331.397319999998
 21
-10022.039999999999
 31
0.0
  0
LINE
  5
ED4
330
17
100
AcDbEntity
  8
baseplate
100
AcDbLine
 10
10331.397319999998
 20
-10022.039999999999
 30
0.0
 11
10201.48
 21
-9947.03
 31
0.0
  0
LINE
  5
ED5
330
17
100
AcDbEntity
  8
baseplate
100
AcDbLine
 10
10201.48
 20
-9947.03
 30
0.0
 11
10331.405980000001
 21
-9872.015
 31
0.0
  0
LINE
  5
ED6
330
17
100
AcDbEntity
  8
baseplate
100
AcDbLine
 10
10331.405980000001
 20
-9880.015
 30
0.0
 11
10331.405980000001
 21
-9872.015
 31
0.0
  0
LINE
  5
ED7
330
17
100
AcDbEntity
  8
baseplate
100
AcDbLine
 10
10461.3233
 20
-9955.025
 30
0.0
 11
10461.3233
 21
-9947.025
 31
0.0
  0
LINE
  5
ED8
330
17
100
AcDbEntity
  8
baseplate
100
AcDbLine
 10
10331.397319999998
 20
-10030.039999999999
 30
0.0
 11
10331.397319999998
 21
-10022.039999999999
 31
0.0
  0
LINE
  5
ED9
330
17
100
AcDbEntity
  8
baseplate
100
AcDbLine
 10
10201.48
 20
-9955.03
 30
0.0
 11
10201.48
 21
-9947.03
 31
0.0
  0
LINE
  5
EDA
330
17
100
AcDbEntity
  8
baseplate
100
AcDbLine
 10
9465.41464
 20
-10390.01
 30
0.0
 11
9595.33196
 21
-10465.02
 31
0.0
  0
LINE
  5
EDB
330
17
100
AcDbEntity
  8
baseplate
100
AcDbLine
 10
9595.33196
 20
-10465.02
 30
0.0
 11
9465.414639999999
 21
-10540.029999999999
 31
0.0
  0
LINE
  5
EDC
330
17
100
AcDbEntity
  8
baseplate
100
AcDbLine
 10
9465.414639999999
 20
-10540.029999999999
 30
0.0
 11
9335.49732
 21
-10465.02
 31
0.0
  0
LINE
  5
EDD
330
17
100
AcDbEntity
  8
baseplate
100
AcDbLine
 10
9335.49732
 20
-10465.02
 30
0.0
 11
9465.41464
 21
-10390.01
 31
0.0
  0
LINE
  5
EDE
330
17
100
AcDbEntity
  8
baseplate
100
AcDbLine
 10
9465.41464
 20
-10380.01
 30
0.0
 11
9595.33196
 21
-10455.02
 31
0.0
  0
LINE
  5
EDF
330
17
100
AcDbEntity
  8
baseplate
100
AcDbLine
 10
9595.33196
 20
-10455.02
 30
0.0
 11
9465.414639999999
 21
-10530.029999999999
 31
0.0
  0
LINE
  5
EE0
330
17
100
AcDbEntity
  8
baseplate
100
AcDbLine
 10
9465.414639999999
 20
-10530.029999999999
 30
0.0
 11
9335.49732
 21
-10455.02
 31
0.0
  0
LINE
  5
EE1
330
17
100
AcDbEntity
  8
baseplate
100
AcDbLine
 10
9335.49732
 20
-10455.02
 30
0.0
 11
9465.41464
 21
-10380.01
 31
0.0
  0
LINE
  5
EE2
330
17
100
AcDbEntity
  8
baseplate
100
AcDbLine
 10
9465.41464
 20
-10390.01
 30
0.0
 11
9465.41464
 21
-10380.01
 31
0.0
  0
LINE
  5
EE3
330
17
100
AcDbEntity
  8
baseplate
100
AcDbLine
 10
9595.33196
 20
-10465.02
 30
0.0
 11
9595.33196
 21
-10455.02
 31
0.0
  0
LINE
  5
EE4
330
17
100
AcDbEntity
  8
baseplate
100
AcDbLine
 10
9465.414639999999
 20
-10540.029999999999
 30
0.0
 11
9465.414639999999
 21
-10530.029999999999
 31
0.0
  0
LINE
  5
EE5
330
17
100
AcDbEntity
  8
baseplate
100
AcDbLine
 10
9335.49732
 20
-10465.02
 30
0.0
 11
9335.49732
 21
-10455.02
 31
0.0
  0
LINE
  5
EE6
330
17
100
AcDbEntity
  8
baseplate
100
AcDbLine
 10
9465.41464
 20
-10372.01
 30
0.0
 11
9595.33196
 21
-10447.02
 31
0.0
  0
LINE
  5
EE7
330
17
100
AcDbEntity
  8
baseplate
100
AcDbLine
 10
9595.33196
 20
-10447.02
 30
0.0
 11
9465.414639999999
 21
-10522.029999999999
 31
0.0
  0
LINE
  5
EE8
330
17
100
AcDbEntity
  8
baseplate
100
AcDbLine
 10
9465.414639999999
 20
-10522.029999999999
 30
0.0
 11
9335.49732
 21
-10447.02
 31
0.0
  0
LINE
  5
EE9
330
17
100
AcDbEntity
  8
baseplate
100
AcDbLine
 10
9335.49732
 20
-10447.02
 30
0.0
 11
9465.41464
 21
-10372.01
 31
0.0
  0
LINE
  5
EEA
330
17
100
AcDbEntity
  8
baseplate
100
AcDbLine
 10
9465.41464
 20
-10380.01
 30
0.0
 11
9465.41464
 21
-10372.01
 31
0.0
  0
LINE
  5
EEB
330
17
100
AcDbEntity
  8
baseplate
100
AcDbLine
 10
9595.33196
 20
-10455.02
 30
0.0
 11
9595.33196
 21
-10447.02
 31
0.0
  0
LINE
  5
EEC
330
17
100
AcDbEntity
  8
baseplate
100
AcDbLine
 10
9465.414639999999
 20
-10530.029999999999
 30
0.0
 11
9465.414639999999
 21
-10522.029999999999
 31
0.0
  0
LINE
  5
EED
330
17
100
AcDbEntity
  8
baseplate
100
AcDbLine
 10
9335.49732
 20
-10455.02
 30
0.0
 11
9335.49732
 21
-10447.02
 31
0.0
  0
LINE
  5
EEE
330
17
100
AcDbEntity
  8
baseplate
100
AcDbLine
 10
15328.234639999997
 20
-8775.01
 30
0.0
 11
15458.151959999997
 21
-8850.02
 31
0.0
  0
LINE
  5
EEF
330
17
100
AcDbEntity
  8
baseplate
100
AcDbLine
 10
15458.151959999997
 20
-8850.02
 30
0.0
 11
15328.23464
 21
-8925.029999999999
 31
0.0
  0
LINE
  5
EF0
330
17
100
AcDbEntity
  8
baseplate
100
AcDbLine
 10
15328.23464
 20
-8925.029999999999
 30
0.0
 11
15198.31732
 21
-8850.019999999999
 31
0.0
  0
LINE
  5
EF1
330
17
100
AcDbEntity
  8
baseplate
100
AcDbLine
 10
15198.31732
 20
-8850.019999999999
 30
0.0
 11
15328.234639999997
 21
-8775.01
 31
0.0
  0
LINE
  5
EF2
330
17
100
AcDbEntity
  8
baseplate
100
AcDbLine
 10
15328.234639999997
 20
-8765.01
 30
0.0
 11
15458.151959999997
 21
-8840.02
 31
0.0
  0
LINE
  5
EF3
330
17
100
AcDbEntity
  8
baseplate
100
AcDbLine
 10
15458.151959999997
 20
-8840.02
 30
0.0
 11
15328.23464
 21
-8915.029999999999
 31
0.0
  0
LINE
  5
EF4
330
17
100
AcDbEntity
  8
baseplate
100
AcDbLine
 10
15328.23464
 20
-8915.029999999999
 30
0.0
 11
15198.31732
 21
-8840.019999999999
 31
0.0
  0
LINE
  5
EF5
330
17
100
AcDbEntity
  8
baseplate
100
AcDbLine
 10
15198.31732
 20
-8840.019999999999
 30
0.0
 11
15328.234639999997
 21
-8765.01
 31
0.0
  0
LINE
  5
EF6
330
17
100
AcDbEntity
  8
baseplate
100
AcDbLine
 10
15328.234639999997
 20
-8775.01
 30
0.0
 11
15328.234639999997
 21
-8765.01
 31
0.0
  0
LINE
  5
EF7
330
17
100
AcDbEntity
  8
baseplate
100
AcDbLine
 10
15458.151959999997
 20
-8850.02
 30
0.0
 11
15458.151959999997
 21
-8840.02
 31
0.0
  0
LINE
  5
EF8
330
17
100
AcDbEntity
  8
baseplate
100
AcDbLine
 10
15328.23464
 20
-8925.029999999999
 30
0.0
 11
15328.23464
 21
-8915.029999999999
 31
0.0
  0
LINE
  5
EF9
330
17
100
AcDbEntity
  8
baseplate
100
AcDbLine
 10
15198.31732
 20
-8850.019999999999
 30
0.0
 11
15198.31732
 21
-8840.019999999999
 31
0.0
  0
LINE
  5
EFA
330
17
100
AcDbEntity
  8
baseplate
100
AcDbLine
 10
15328.234639999997
 20
-8757.01
 30
0.0
 11
15458.151959999997
 21
-8832.02
 31
0.0
  0
LINE
  5
EFB
330
17
100
AcDbEntity
  8
baseplate
100
AcDbLine
 10
15458.151959999997
 20
-8832.02
 30
0.0
 11
15328.23464
 21
-8907.029999999999
 31
0.0
  0
LINE
  5
EFC
330
17
100
AcDbEntity
  8
baseplate
100
AcDbLine
 10
15328.23464
 20
-8907.029999999999
 30
0.0
 11
15198.31732
 21
-8832.019999999999
 31
0.0
  0
LINE
  5
EFD
330
17
100
AcDbEntity
  8
baseplate
100
AcDbLine
 10
15198.31732
 20
-8832.019999999999
 30
0.0
 11
15328.234639999997
 21
-8757.01
 31
0.0
  0
LINE
  5
EFE
330
17
100
AcDbEntity
  8
baseplate
100
AcDbLine
 10
15328.234639999997
 20
-8765.01
 30
0.0
 11
15328.234639999997
 21
-8757.01
 31
0.0
  0
LINE
  5
EFF
330
17
100
AcDbEntity
  8
baseplate
100
AcDbLine
 10
15458.151959999997
 20
-8840.02
 30
0.0
 11
15458.151959999997
 21
-8832.02
 31
0.0
  0
LINE
  5
F00
330
17
100
AcDbEntity
  8
baseplate
100
AcDbLine
 10
15328.23464
 20
-8915.029999999999
 30
0.0
 11
15328.23464
 21
-8907.029999999999
 31
0.0
  0
LINE
  5
F01
330
17
100
AcDbEntity
  8
baseplate
100
AcDbLine
 10
15198.31732
 20
-8840.019999999999
 30
0.0
 11
15198.31732
 21
-8832.019999999999
 31
0.0
  0
LINE
  5
F02
330
17
100
AcDbEntity
  8
baseplate
100
AcDbLine
 10
14462.2433
 20
-9275.005
 30
0.0
 11
14592.160619999999
 21
-9350.015
 31
0.0
  0
LINE
  5
F03
330
17
100
AcDbEntity
  8
baseplate
100
AcDbLine
 10
14592.160619999999
 20
-9350.015
 30
0.0
 11
14462.2433
 21
-9425.025
 31
0.0
  0
LINE
  5
F04
330
17
100
AcDbEntity
  8
baseplate
100
AcDbLine
 10
14462.2433
 20
-9425.025
 30
0.0
 11
14332.32598
 21
-9350.015
 31
0.0
  0
LINE
  5
F05
330
17
100
AcDbEntity
  8
baseplate
100
AcDbLine
 10
14332.32598
 20
-9350.015
 30
0.0
 11
14462.2433
 21
-9275.005
 31
0.0
  0
LINE
  5
F06
330
17
100
AcDbEntity
  8
baseplate
100
AcDbLine
 10
14462.2433
 20
-9265.005
 30
0.0
 11
14592.160619999999
 21
-9340.015
 31
0.0
  0
LINE
  5
F07
330
17
100
AcDbEntity
  8
baseplate
100
AcDbLine
 10
14592.160619999999
 20
-9340.015
 30
0.0
 11
14462.2433
 21
-9415.025
 31
0.0
  0
LINE
  5
F08
330
17
100
AcDbEntity
  8
baseplate
100
AcDbLine
 10
14462.2433
 20
-9415.025
 30
0.0
 11
14332.32598
 21
-9340.015
 31
0.0
  0
LINE
  5
F09
330
17
100
AcDbEntity
  8
baseplate
100
AcDbLine
 10
14332.32598
 20
-9340.015
 30
0.0
 11
14462.2433
 21
-9265.005
 31
0.0
  0
LINE
  5
F0A
330
17
100
AcDbEntity
  8
baseplate
100
AcDbLine
 10
14462.2433
 20
-9275.005
 30
0.0
 11
14462.2433
 21
-9265.005
 31
0.0
  0
LINE
  5
F0B
330
17
100
AcDbEntity
  8
baseplate
100
AcDbLine
 10
14592.160619999999
 20
-9350.015
 30
0.0
 11
14592.160619999999
 21
-9340.015
 31
0.0
  0
LINE
  5
F0C
330
17
100
AcDbEntity
  8
baseplate
100
AcDbLine
 10
14462.2433
 20
-9425.025
 30
0.0
 11
14462.2433
 21
-9415.025
 31
0.0
  0
LINE
  5
F0D
330
17
100
AcDbEntity
  8
baseplate
100
AcDbLine
 10
14332.32598
 20
-9350.015
 30
0.0
 11
14332.32598
 21
-9340.015
 31
0.0
  0
LINE
  5
F0E
330
17
100
AcDbEntity
  8
baseplate
100
AcDbLine
 10
14462.2433
 20
-9257.005
 30
0.0
 11
14592.160619999999
 21
-9332.015
 31
0.0
  0
LINE
  5
F0F
330
17
100
AcDbEntity
  8
baseplate
100
AcDbLine
 10
14592.160619999999
 20
-9332.015
 30
0.0
 11
14462.2433
 21
-9407.025
 31
0.0
  0
LINE
  5
F10
330
17
100
AcDbEntity
  8
baseplate
100
AcDbLine
 10
14462.2433
 20
-9407.025
 30
0.0
 11
14332.32598
 21
-9332.015
 31
0.0
  0
LINE
  5
F11
330
17
100
AcDbEntity
  8
baseplate
100
AcDbLine
 10
14332.32598
 20
-9332.015
 30
0.0
 11
14462.2433
 21
-9257.005
 31
0.0
  0
LINE
  5
F12
330
17
100
AcDbEntity
  8
baseplate
100
AcDbLine
 10
14462.2433
 20
-9265.005
 30
0.0
 11
14462.2433
 21
-9257.005
 31
0.0
  0
LINE
  5
F13
330
17
100
AcDbEntity
  8
baseplate
100
AcDbLine
 10
14592.160619999999
 20
-9340.015
 30
0.0
 11
14592.160619999999
 21
-9332.015
 31
0.0
  0
LINE
  5
F14
330
17
100
AcDbEntity
  8
baseplate
100
AcDbLine
 10
14462.2433
 20
-9415.025
 30
0.0
 11
14462.2433
 21
-9407.025
 31
0.0
  0
LINE
  5
F15
330
17
100
AcDbEntity
  8
baseplate
100
AcDbLine
 10
14332.32598
 20
-9340.015
 30
0.0
 11
14332.32598
 21
-9332.015
 31
0.0
  0
LINE
  5
F16
330
17
100
AcDbEntity
  8
baseplate
100
AcDbLine
 10
13596.22598
 20
-9775.015
 30
0.0
 11
13726.1433
 21
-9850.025
 31
0.0
  0
LINE
  5
F17
330
17
100
AcDbEntity
  8
baseplate
100
AcDbLine
 10
13726.1433
 20
-9850.025
 30
0.0
 11
13596.22598
 21
-9925.035
 31
0.0
  0
LINE
  5
F18
330
17
100
AcDbEntity
  8
baseplate
100
AcDbLine
 10
13596.22598
 20
-9925.035
 30
0.0
 11
13466.308659999999
 21
-9850.025
 31
0.0
  0
LINE
  5
F19
330
17
100
AcDbEntity
  8
baseplate
100
AcDbLine
 10
13466.308659999999
 20
-9850.025
 30
0.0
 11
13596.22598
 21
-9775.015
 31
0.0
  0
LINE
  5
F1A
330
17
100
AcDbEntity
  8
baseplate
100
AcDbLine
 10
13596.22598
 20
-9765.015
 30
0.0
 11
13726.1433
 21
-9840.025
 31
0.0
  0
LINE
  5
F1B
330
17
100
AcDbEntity
  8
baseplate
100
AcDbLine
 10
13726.1433
 20
-9840.025
 30
0.0
 11
13596.22598
 21
-9915.035
 31
0.0
  0
LINE
  5
F1C
330
17
100
AcDbEntity
  8
baseplate
100
AcDbLine
 10
13596.22598
 20
-9915.035
 30
0.0
 11
13466.308659999999
 21
-9840.025
 31
0.0
  0
LINE
  5
F1D
330
17
100
AcDbEntity
  8
baseplate
100
AcDbLine
 10
13466.308659999999
 20
-9840.025
 30
0.0
 11
13596.22598
 21
-9765.015
 31
0.0
  0
LINE
  5
F1E
330
17
100
AcDbEntity
  8
baseplate
100
AcDbLine
 10
13596.22598
 20
-9775.015
 30
0.0
 11
13596.22598
 21
-9765.015
 31
0.0
  0
LINE
  5
F1F
330
17
100
AcDbEntity
  8
baseplate
100
AcDbLine
 10
13726.1433
 20
-9850.025
 30
0.0
 11
13726.1433
 21
-9840.025
 31
0.0
  0
LINE
  5
F20
330
17
100
AcDbEntity
  8
baseplate
100
AcDbLine
 10
13596.22598
 20
-9925.035
 30
0.0
 11
13596.22598
 21
-9915.035
 31
0.0
  0
LINE
  5
F21
330
17
100
AcDbEntity
  8
baseplate
100
AcDbLine
 10
13466.308659999999
 20
-9850.025
 30
0.0
 11
13466.308659999999
 21
-9840.025
 31
0.0
  0
LINE
  5
F22
330
17
100
AcDbEntity
  8
baseplate
100
AcDbLine
 10
13596.22598
 20
-9757.015
 30
0.0
 11
13726.1433
 21
-9832.025
 31
0.0
  0
LINE
  5
F23
330
17
100
AcDbEntity
  8
baseplate
100
AcDbLine
 10
13726.1433
 20
-9832.025
 30
0.0
 11
13596.22598
 21
-9907.035
 31
0.0
  0
LINE
  5
F24
330
17
100
AcDbEntity
  8
baseplate
100
AcDbLine
 10
13596.22598
 20
-9907.035
 30
0.0
 11
13466.308659999999
 21
-9832.025
 31
0.0
  0
LINE
  5
F25
330
17
100
AcDbEntity
  8
baseplate
100
AcDbLine
 10
13466.308659999999
 20
-9832.025
 30
0.0
 11
13596.22598
 21
-9757.015
 31
0.0
  0
LINE
  5
F26
330
17
100
AcDbEntity
  8
baseplate
100
AcDbLine
 10
13596.22598
 20
-9765.015
 30
0.0
 11
13596.22598
 21
-9757.015
 31
0.0
  0
LINE
  5
F27
330
17
100
AcDbEntity
  8
baseplate
100
AcDbLine
 10
13726.1433
 20
-9840.025
 30
0.0
 11
13726.1433
 21
-9832.025
 31
0.0
  0
LINE
  5
F28
330
17
100
AcDbEntity
  8
baseplate
100
AcDbLine
 10
13596.22598
 20
-9915.035
 30
0.0
 11
13596.22598
 21
-9907.035
 31
0.0
  0
LINE
  5
F29
330
17
100
AcDbEntity
  8
baseplate
100
AcDbLine
 10
13466.308659999999
 20
-9840.025
 30
0.0
 11
13466.308659999999
 21
-9832.025
 31
0.0
  0
LINE
  5
F2A
330
17
100
AcDbEntity
  8
baseplate
100
AcDbLine
 10
11864.22598
 20
-10775.015
 30
0.0
 11
11994.1433
 21
-10850.025
 31
0.0
  0
LINE
  5
F2B
330
17
100
AcDbEntity
  8
baseplate
100
AcDbLine
 10
11994.1433
 20
-10850.025
 30
0.0
 11
11864.217319999998
 21
-10925.039999999999
 31
0.0
  0
LINE
  5
F2C
330
17
100
AcDbEntity
  8
baseplate
100
AcDbLine
 10
11864.217319999998
 20
-10925.039999999999
 30
0.0
 11
11734.299999999997
 21
-10850.029999999999
 31
0.0
  0
LINE
  5
F2D
330
17
100
AcDbEntity
  8
baseplate
100
AcDbLine
 10
11734.299999999997
 20
-10850.029999999999
 30
0.0
 11
11864.22598
 21
-10775.015
 31
0.0
  0
LINE
  5
F2E
330
17
100
AcDbEntity
  8
baseplate
100
AcDbLine
 10
11864.22598
 20
-10765.015
 30
0.0
 11
11994.1433
 21
-10840.025
 31
0.0
  0
LINE
  5
F2F
330
17
100
AcDbEntity
  8
baseplate
100
AcDbLine
 10
11994.1433
 20
-10840.025
 30
0.0
 11
11864.217319999998
 21
-10915.039999999999
 31
0.0
  0
LINE
  5
F30
330
17
100
AcDbEntity
  8
baseplate
100
AcDbLine
 10
11864.217319999998
 20
-10915.039999999999
 30
0.0
 11
11734.299999999997
 21
-10840.029999999999
 31
0.0
  0
LINE
  5
F31
330
17
100
AcDbEntity
  8
baseplate
100
AcDbLine
 10
11734.299999999997
 20
-10840.029999999999
 30
0.0
 11
11864.22598
 21
-10765.015
 31
0.0
  0
LINE
  5
F32
330
17
100
AcDbEntity
  8
baseplate
100
AcDbLine
 10
11864.22598
 20
-10775.015
 30
0.0
 11
11864.22598
 21
-10765.015
 31
0.0
  0
LINE
  5
F33
330
17
100
AcDbEntity
  8
baseplate
100
AcDbLine
 10
11994.1433
 20
-10850.025
 30
0.0
 11
11994.1433
 21
-10840.025
 31
0.0
  0
LINE
  5
F34
330
17
100
AcDbEntity
  8
baseplate
100
AcDbLine
 10
11864.217319999998
 20
-10925.039999999999
 30
0.0
 11
11864.217319999998
 21
-10915.039999999999
 31
0.0
  0
LINE
  5
F35
330
17
100
AcDbEntity
  8
baseplate
100
AcDbLine
 10
11734.299999999997
 20
-10850.029999999999
 30
0.0
 11
11734.299999999997
 21
-10840.029999999999
 31
0.0
  0
LINE
  5
F36
330
17
100
AcDbEntity
  8
baseplate
100
AcDbLine
 10
11864.22598
 20
-10757.015
 30
0.0
 11
11994.1433
 21
-10832.025
 31
0.0
  0
LINE
  5
F37
330
17
100
AcDbEntity
  8
baseplate
100
AcDbLine
 10
11994.1433
 20
-10832.025
 30
0.0
 11
11864.217319999998
 21
-10907.039999999999
 31
0.0
  0
LINE
  5
F38
330
17
100
AcDbEntity
  8
baseplate
100
AcDbLine
 10
11864.217319999998
 20
-10907.039999999999
 30
0.0
 11
11734.299999999997
 21
-10832.029999999999
 31
0.0
  0
LINE
  5
F39
330
17
100
AcDbEntity
  8
baseplate
100
AcDbLine
 10
11734.299999999997
 20
-10832.029999999999
 30
0.0
 11
11864.22598
 21
-10757.015
 31
0.0
  0
LINE
  5
F3A
330
17
100
AcDbEntity
  8
baseplate
100
AcDbLine
 10
11864.22598
 20
-10765.015
 30
0.0
 11
11864.22598
 21
-10757.015
 31
0.0
  0
LINE
  5
F3B
330
17
100
AcDbEntity
  8
baseplate
100
AcDbLine
 10
11994.1433
 20
-10840.025
 30
0.0
 11
11994.1433
 21
-10832.025
 31
0.0
  0
LINE
  5
F3C
330
17
100
AcDbEntity
  8
baseplate
100
AcDbLine
 10
11864.217319999998
 20
-10915.039999999999
 30
0.0
 11
11864.217319999998
 21
-10907.039999999999
 31
0.0
  0
LINE
  5
F3D
330
17
100
AcDbEntity
  8
baseplate
100
AcDbLine
 10
11734.299999999997
 20
-10840.029999999999
 30
0.0
 11
11734.299999999997
 21
-10832.029999999999
 31
0.0
  0
LINE
  5
F3E
330
17
100
AcDbEntity
  8
baseplate
100
AcDbLine
 10
10998.234639999999
 20
-11275.009999999998
 30
0.0
 11
11128.15196
 21
-11350.02
 31
0.0
  0
LINE
  5
F3F
330
17
100
AcDbEntity
  8
baseplate
100
AcDbLine
 10
11128.15196
 20
-11350.02
 30
0.0
 11
10998.234639999999
 21
-11425.029999999999
 31
0.0
  0
LINE
  5
F40
330
17
100
AcDbEntity
  8
baseplate
100
AcDbLine
 10
10998.234639999999
 20
-11425.029999999999
 30
0.0
 11
10868.317319999998
 21
-11350.02
 31
0.0
  0
LINE
  5
F41
330
17
100
AcDbEntity
  8
baseplate
100
AcDbLine
 10
10868.317319999998
 20
-11350.02
 30
0.0
 11
10998.234639999999
 21
-11275.009999999998
 31
0.0
  0
LINE
  5
F42
330
17
100
AcDbEntity
  8
baseplate
100
AcDbLine
 10
10998.234639999999
 20
-11265.009999999998
 30
0.0
 11
11128.15196
 21
-11340.02
 31
0.0
  0
LINE
  5
F43
330
17
100
AcDbEntity
  8
baseplate
100
AcDbLine
 10
11128.15196
 20
-11340.02
 30
0.0
 11
10998.234639999999
 21
-11415.029999999999
 31
0.0
  0
LINE
  5
F44
330
17
100
AcDbEntity
  8
baseplate
100
AcDbLine
 10
10998.234639999999
 20
-11415.029999999999
 30
0.0
 11
10868.317319999998
 21
-11340.02
 31
0.0
  0
LINE
  5
F45
330
17
100
AcDbEntity
  8
baseplate
100
AcDbLine
 10
10868.317319999998
 20
-11340.02
 30
0.0
 11
10998.234639999999
 21
-11265.009999999998
 31
0.0
  0
LINE
  5
F46
330
17
100
AcDbEntity
  8
baseplate
100
AcDbLine
 10
10998.234639999999
 20
-11275.009999999998
 30
0.0
 11
10998.234639999999
 21
-11265.009999999998
 31
0.0
  0
LINE
  5
F47
330
17
100
AcDbEntity
  8
baseplate
100
AcDbLine
 10
11128.15196
 20
-11350.02
 30
0.0
 11
11128.15196
 21
-11340.02
 31
0.0
  0
LINE
  5
F48
330
17
100
AcDbEntity
  8
baseplate
100
AcDbLine
 10
10998.234639999999
 20
-11425.029999999999
 30
0.0
 11
10998.234639999999
 21
-11415.029999999999
 31
0.0
  0
LINE
  5
F49
330
17
100
AcDbEntity
  8
baseplate
100
AcDbLine
 10
10868.317319999998
 20
-11350.02
 30
0.0
 11
10868.317319999998
 21
-11340.02
 31
0.0
  0
LINE
  5
F4A
330
17
100
AcDbEntity
  8
baseplate
100
AcDbLine
 10
10998.234639999999
 20
-11257.009999999998
 30
0.0
 11
11128.15196
 21
-11332.02
 31
0.0
  0
LINE
  5
F4B
330
17
100
AcDbEntity
  8
baseplate
100
AcDbLine
 10
11128.15196
 20
-11332.02
 30
0.0
 11
10998.234639999999
 21
-11407.029999999999
 31
0.0
  0
LINE
  5
F4C
330
17
100
AcDbEntity
  8
baseplate
100
AcDbLine
 10
10998.234639999999
 20
-11407.029999999999
 30
0.0
 11
10868.317319999998
 21
-11332.02
 31
0.0
  0
LINE
  5
F4D
330
17
100
AcDbEntity
  8
baseplate
100
AcDbLine
 10
10868.317319999998
 20
-11332.02
 30
0.0
 11
10998.234639999999
 21
-11257.009999999998
 31
0.0
  0
LINE
  5
F4E
330
17
100
AcDbEntity
  8
baseplate
100
AcDbLine
 10
10998.234639999999
 20
-11265.009999999998
 30
0.0
 11
10998.234639999999
 21
-11257.009999999998
 31
0.0
  0
LINE
  5
F4F
330
17
100
AcDbEntity
  8
baseplate
100
AcDbLine
 10
11128.15196
 20
-11340.02
 30
0.0
 11
11128.15196
 21
-11332.02
 31
0.0
  0
LINE
  5
F50
330
17
100
AcDbEntity
  8
baseplate
100
AcDbLine
 10
10998.234639999999
 20
-11415.029999999999
 30
0.0
 11
10998.234639999999
 21
-11407.029999999999
 31
0.0
  0
LINE
  5
F51
330
17
100
AcDbEntity
  8
baseplate
100
AcDbLine
 10
10868.317319999998
 20
-11340.02
 30
0.0
 11
10868.317319999998
 21
-11332.02
 31
0.0
  0
LINE
  5
F52
330
17
100
AcDbEntity
  8
baseplate
100
AcDbLine
 10
5949.45464
 20
-3360.0099999999998
 30
0.0
 11
6079.37196
 21
-3435.02
 31
0.0
  0
LINE
  5
F53
330
17
100
AcDbEntity
  8
baseplate
100
AcDbLine
 10
6079.37196
 20
-3435.02
 30
0.0
 11
5949.45464
 21
-3510.03
 31
0.0
  0
LINE
  5
F54
330
17
100
AcDbEntity
  8
baseplate
100
AcDbLine
 10
5949.45464
 20
-3510.03
 30
0.0
 11
5819.537319999999
 21
-3435.02
 31
0.0
  0
LINE
  5
F55
330
17
100
AcDbEntity
  8
baseplate
100
AcDbLine
 10
5819.537319999999
 20
-3435.02
 30
0.0
 11
5949.45464
 21
-3360.0099999999998
 31
0.0
  0
LINE
  5
F56
330
17
100
AcDbEntity
  8
baseplate
100
AcDbLine
 10
5949.45464
 20
-3350.0099999999998
 30
0.0
 11
6079.37196
 21
-3425.02
 31
0.0
  0
LINE
  5
F57
330
17
100
AcDbEntity
  8
baseplate
100
AcDbLine
 10
6079.37196
 20
-3425.02
 30
0.0
 11
5949.45464
 21
-3500.03
 31
0.0
  0
LINE
  5
F58
330
17
100
AcDbEntity
  8
baseplate
100
AcDbLine
 10
5949.45464
 20
-3500.03
 30
0.0
 11
5819.537319999999
 21
-3425.02
 31
0.0
  0
LINE
  5
F59
330
17
100
AcDbEntity
  8
baseplate
100
AcDbLine
 10
5819.537319999999
 20
-3425.02
 30
0.0
 11
5949.45464
 21
-3350.0099999999998
 31
0.0
  0
LINE
  5
F5A
330
17
100
AcDbEntity
  8
baseplate
100
AcDbLine
 10
5949.45464
 20
-3360.0099999999998
 30
0.0
 11
5949.45464
 21
-3350.0099999999998
 31
0.0
  0
LINE
  5
F5B
330
17
100
AcDbEntity
  8
baseplate
100
AcDbLine
 10
6079.37196
 20
-3435.02
 30
0.0
 11
6079.37196
 21
-3425.02
 31
0.0
  0
LINE
  5
F5C
330
17
100
AcDbEntity
  8
baseplate
100
AcDbLine
 10
5949.45464
 20
-3510.03
 30
0.0
 11
5949.45464
 21
-3500.03
 31
0.0
  0
LINE
  5
F5D
330
17
100
AcDbEntity
  8
baseplate
100
AcDbLine
 10
5819.537319999999
 20
-3435.02
 30
0.0
 11
5819.537319999999
 21
-3425.02
 31
0.0
  0
LINE
  5
F5E
330
17
100
AcDbEntity
  8
baseplate
100
AcDbLine
 10
5949.45464
 20
-3342.0099999999998
 30
0.0
 11
6079.37196
 21
-3417.02
 31
0.0
  0
LINE
  5
F5F
330
17
100
AcDbEntity
  8
baseplate
100
AcDbLine
 10
6079.37196
 20
-3417.02
 30
0.0
 11
5949.45464
 21
-3492.03
 31
0.0
  0
LINE
  5
F60
330
17
100
AcDbEntity
  8
baseplate
100
AcDbLine
 10
5949.45464
 20
-3492.03
 30
0.0
 11
5819.537319999999
 21
-3417.02
 31
0.0
  0
LINE
  5
F61
330
17
100
AcDbEntity
  8
baseplate
100
AcDbLine
 10
5819.537319999999
 20
-3417.02
 30
0.0
 11
5949.45464
 21
-3342.0099999999998
 31
0.0
  0
LINE
  5
F62
330
17
100
AcDbEntity
  8
baseplate
100
AcDbLine
 10
5949.45464
 20
-3350.0099999999998
 30
0.0
 11
5949.45464
 21
-3342.0099999999998
 31
0.0
  0
LINE
  5
F63
330
17
100
AcDbEntity
  8
baseplate
100
AcDbLine
 10
6079.37196
 20
-3425.02
 30
0.0
 11
6079.37196
 21
-3417.02
 31
0.0
  0
LINE
  5
F64
330
17
100
AcDbEntity
  8
baseplate
100
AcDbLine
 10
5949.45464
 20
-3500.03
 30
0.0
 11
5949.45464
 21
-3492.03
 31
0.0
  0
LINE
  5
F65
330
17
100
AcDbEntity
  8
baseplate
100
AcDbLine
 10
5819.537319999999
 20
-3425.02
 30
0.0
 11
5819.537319999999
 21
-3417.02
 31
0.0
  0
LINE
  5
F66
330
17
100
AcDbEntity
  8
baseplate
100
AcDbLine
 10
5083.463299999999
 20
-3860.005
 30
0.0
 11
5213.38062
 21
-3935.0150000000003
 31
0.0
  0
LINE
  5
F67
330
17
100
AcDbEntity
  8
baseplate
100
AcDbLine
 10
5213.38062
 20
-3935.0150000000003
 30
0.0
 11
5083.4633
 21
-4010.025
 31
0.0
  0
LINE
  5
F68
330
17
100
AcDbEntity
  8
baseplate
100
AcDbLine
 10
5083.4633
 20
-4010.025
 30
0.0
 11
4953.54598
 21
-3935.015
 31
0.0
  0
LINE
  5
F69
330
17
100
AcDbEntity
  8
baseplate
100
AcDbLine
 10
4953.54598
 20
-3935.015
 30
0.0
 11
5083.463299999999
 21
-3860.005
 31
0.0
  0
LINE
  5
F6A
330
17
100
AcDbEntity
  8
baseplate
100
AcDbLine
 10
5083.463299999999
 20
-3850.005
 30
0.0
 11
5213.38062
 21
-3925.0150000000003
 31
0.0
  0
LINE
  5
F6B
330
17
100
AcDbEntity
  8
baseplate
100
AcDbLine
 10
5213.38062
 20
-3925.0150000000003
 30
0.0
 11
5083.4633
 21
-4000.025
 31
0.0
  0
LINE
  5
F6C
330
17
100
AcDbEntity
  8
baseplate
100
AcDbLine
 10
5083.4633
 20
-4000.025
 30
0.0
 11
4953.54598
 21
-3925.015
 31
0.0
  0
LINE
  5
F6D
330
17
100
AcDbEntity
  8
baseplate
100
AcDbLine
 10
4953.54598
 20
-3925.015
 30
0.0
 11
5083.463299999999
 21
-3850.005
 31
0.0
  0
LINE
  5
F6E
330
17
100
AcDbEntity
  8
baseplate
100
AcDbLine
 10
5083.463299999999
 20
-3860.005
 30
0.0
 11
5083.463299999999
 21
-3850.005
 31
0.0
  0
LINE
  5
F6F
330
17
100
AcDbEntity
  8
baseplate
100
AcDbLine
 10
5213.38062
 20
-3935.0150000000003
 30
0.0
 11
5213.38062
 21
-3925.0150000000003
 31
0.0
  0
LINE
  5
F70
330
17
100
AcDbEntity
  8
baseplate
100
AcDbLine
 10
5083.4633
 20
-4010.025
 30
0.0
 11
5083.4633
 21
-4000.025
 31
0.0
  0
LINE
  5
F71
330
17
100
AcDbEntity
  8
baseplate
100
AcDbLine
 10
4953.54598
 20
-3935.015
 30
0.0
 11
4953.54598
 21
-3925.015
 31
0.0
  0
LINE
  5
F72
330
17
100
AcDbEntity
  8
baseplate
100
AcDbLine
 10
5083.463299999999
 20
-3842.005
 30
0.0
 11
5213.38062
 21
-3917.0150000000003
 31
0.0
  0
LINE
  5
F73
330
17
100
AcDbEntity
  8
baseplate
100
AcDbLine
 10
5213.38062
 20
-3917.0150000000003
 30
0.0
 11
5083.4633
 21
-3992.025
 31
0.0
  0
LINE
  5
F74
330
17
100
AcDbEntity
  8
baseplate
100
AcDbLine
 10
5083.4633
 20
-3992.025
 30
0.0
 11
4953.54598
 21
-3917.015
 31
0.0
  0
LINE
  5
F75
330
17
100
AcDbEntity
  8
baseplate
100
AcDbLine
 10
4953.54598
 20
-3917.015
 30
0.0
 11
5083.463299999999
 21
-3842.005
 31
0.0
  0
LINE
  5
F76
330
17
100
AcDbEntity
  8
baseplate
100
AcDbLine
 10
5083.463299999999
 20
-3850.005
 30
0.0
 11
5083.463299999999
 21
-3842.005
 31
0.0
  0
LINE
  5
F77
330
17
100
AcDbEntity
  8
baseplate
100
AcDbLine
 10
5213.38062
 20
-3925.0150000000003
 30
0.0
 11
5213.38062
 21
-3917.0150000000003
 31
0.0
  0
LINE
  5
F78
330
17
100
AcDbEntity
  8
baseplate
100
AcDbLine
 10
5083.4633
 20
-4000.025
 30
0.0
 11
5083.4633
 21
-3992.025
 31
0.0
  0
LINE
  5
F79
330
17
100
AcDbEntity
  8
baseplate
100
AcDbLine
 10
4953.54598
 20
-3925.015
 30
0.0
 11
4953.54598
 21
-3917.015
 31
0.0
  0
LINE
  5
F7A
330
17
100
AcDbEntity
  8
baseplate
100
AcDbLine
 10
4217.4459799999995
 20
-4360.014999999999
 30
0.0
 11
4347.3633
 21
-4435.025
 31
0.0
  0
LINE
  5
F7B
330
17
100
AcDbEntity
  8
baseplate
100
AcDbLine
 10
4347.3633
 20
-4435.025
 30
0.0
 11
4217.44598
 21
-4510.035
 31
0.0
  0
LINE
  5
F7C
330
17
100
AcDbEntity
  8
baseplate
100
AcDbLine
 10
4217.44598
 20
-4510.035
 30
0.0
 11
4087.52866
 21
-4435.025
 31
0.0
  0
LINE
  5
F7D
330
17
100
AcDbEntity
  8
baseplate
100
AcDbLine
 10
4087.52866
 20
-4435.025
 30
0.0
 11
4217.4459799999995
 21
-4360.014999999999
 31
0.0
  0
LINE
  5
F7E
330
17
100
AcDbEntity
  8
baseplate
100
AcDbLine
 10
4217.4459799999995
 20
-4350.014999999999
 30
0.0
 11
4347.3633
 21
-4425.025
 31
0.0
  0
LINE
  5
F7F
330
17
100
AcDbEntity
  8
baseplate
100
AcDbLine
 10
4347.3633
 20
-4425.025
 30
0.0
 11
4217.44598
 21
-4500.035
 31
0.0
  0
LINE
  5
F80
330
17
100
AcDbEntity
  8
baseplate
100
AcDbLine
 10
4217.44598
 20
-4500.035
 30
0.0
 11
4087.52866
 21
-4425.025
 31
0.0
  0
LINE
  5
F81
330
17
100
AcDbEntity
  8
baseplate
100
AcDbLine
 10
4087.52866
 20
-4425.025
 30
0.0
 11
4217.4459799999995
 21
-4350.014999999999
 31
0.0
  0
LINE
  5
F82
330
17
100
AcDbEntity
  8
baseplate
100
AcDbLine
 10
4217.4459799999995
 20
-4360.014999999999
 30
0.0
 11
4217.4459799999995
 21
-4350.014999999999
 31
0.0
  0
LINE
  5
F83
330
17
100
AcDbEntity
  8
baseplate
100
AcDbLine
 10
4347.3633
 20
-4435.025
 30
0.0
 11
4347.3633
 21
-4425.025
 31
0.0
  0
LINE
  5
F84
330
17
100
AcDbEntity
  8
baseplate
100
AcDbLine
 10
4217.44598
 20
-4510.035
 30
0.0
 11
4217.44598
 21
-4500.035
 31
0.0
  0
LINE
  5
F85
330
17
100
AcDbEntity
  8
baseplate
100
AcDbLine
 10
4087.52866
 20
-4435.025
 30
0.0
 11
4087.52866
 21
-4425.025
 31
0.0
  0
LINE
  5
F86
330
17
100
AcDbEntity
  8
baseplate
100
AcDbLine
 10
4217.4459799999995
 20
-4342.014999999999
 30
0.0
 11
4347.3633
 21
-4417.025
 31
0.0
  0
LINE
  5
F87
330
17
100
AcDbEntity
  8
baseplate
100
AcDbLine
 10
4347.3633
 20
-4417.025
 30
0.0
 11
4217.44598
 21
-4492.035
 31
0.0
  0
LINE
  5
F88
330
17
100
AcDbEntity
  8
baseplate
100
AcDbLine
 10
4217.44598
 20
-4492.035
 30
0.0
 11
4087.52866
 21
-4417.025
 31
0.0
  0
LINE
  5
F89
330
17
100
AcDbEntity
  8
baseplate
100
AcDbLine
 10
4087.52866
 20
-4417.025
 30
0.0
 11
4217.4459799999995
 21
-4342.014999999999
 31
0.0
  0
LINE
  5
F8A
330
17
100
AcDbEntity
  8
baseplate
100
AcDbLine
 10
4217.4459799999995
 20
-4350.014999999999
 30
0.0
 11
4217.4459799999995
 21
-4342.014999999999
 31
0.0
  0
LINE
  5
F8B
330
17
100
AcDbEntity
  8
baseplate
100
AcDbLine
 10
4347.3633
 20
-4425.025
 30
0.0
 11
4347.3633
 21
-4417.025
 31
0.0
  0
LINE
  5
F8C
330
17
100
AcDbEntity
  8
baseplate
100
AcDbLine
 10
4217.44598
 20
-4500.035
 30
0.0
 11
4217.44598
 21
-4492.035
 31
0.0
  0
LINE
  5
F8D
330
17
100
AcDbEntity
  8
baseplate
100
AcDbLine
 10
4087.52866
 20
-4425.025
 30
0.0
 11
4087.52866
 21
-4417.025
 31
0.0
  0
LINE
  5
F8E
330
17
100
AcDbEntity
  8
baseplate
100
AcDbLine
 10
3351.4633
 20
-4860.005
 30
0.0
 11
3481.38062
 21
-4935.015
 31
0.0
  0
LINE
  5
F8F
330
17
100
AcDbEntity
  8
baseplate
100
AcDbLine
 10
3481.38062
 20
-4935.015
 30
0.0
 11
3351.45464
 21
-5010.030000000001
 31
0.0
  0
LINE
  5
F90
330
17
100
AcDbEntity
  8
baseplate
100
AcDbLine
 10
3351.45464
 20
-5010.030000000001
 30
0.0
 11
3221.5373199999995
 21
-4935.02
 31
0.0
  0
LINE
  5
F91
330
17
100
AcDbEntity
  8
baseplate
100
AcDbLine
 10
3221.5373199999995
 20
-4935.02
 30
0.0
 11
3351.4633
 21
-4860.005
 31
0.0
  0
LINE
  5
F92
330
17
100
AcDbEntity
  8
baseplate
100
AcDbLine
 10
3351.4633
 20
-4850.005
 30
0.0
 11
3481.38062
 21
-4925.015
 31
0.0
  0
LINE
  5
F93
330
17
100
AcDbEntity
  8
baseplate
100
AcDbLine
 10
3481.38062
 20
-4925.015
 30
0.0
 11
3351.45464
 21
-5000.030000000001
 31
0.0
  0
LINE
  5
F94
330
17
100
AcDbEntity
  8
baseplate
100
AcDbLine
 10
3351.45464
 20
-5000.030000000001
 30
0.0
 11
3221.5373199999995
 21
-4925.02
 31
0.0
  0
LINE
  5
F95
330
17
100
AcDbEntity
  8
baseplate
100
AcDbLine
 10
3221.5373199999995
 20
-4925.02
 30
0.0
 11
3351.4633
 21
-4850.005
 31
0.0
  0
LINE
  5
F96
330
17
100
AcDbEntity
  8
baseplate
100
AcDbLine
 10
3351.4633
 20
-4860.005
 30
0.0
 11
3351.4633
 21
-4850.005
 31
0.0
  0
LINE
  5
F97
330
17
100
AcDbEntity
  8
baseplate
100
AcDbLine
 10
3481.38062
 20
-4935.015
 30
0.0
 11
3481.38062
 21
-4925.015
 31
0.0
  0
LINE
  5
F98
330
17
100
AcDbEntity
  8
baseplate
100
AcDbLine
 10
3351.45464
 20
-5010.030000000001
 30
0.0
 11
3351.45464
 21
-5000.030000000001
 31
0.0
  0
LINE
  5
F99
330
17
100
AcDbEntity
  8
baseplate
100
AcDbLine
 10
3221.5373199999995
 20
-4935.02
 30
0.0
 11
3221.5373199999995
 21
-4925.02
 31
0.0
  0
LINE
  5
F9A
330
17
100
AcDbEntity
  8
baseplate
100
AcDbLine
 10
3351.4633
 20
-4842.005
 30
0.0
 11
3481.38062
 21
-4917.015
 31
0.0
  0
LINE
  5
F9B
330
17
100
AcDbEntity
  8
baseplate
100
AcDbLine
 10
3481.38062
 20
-4917.015
 30
0.0
 11
3351.45464
 21
-4992.030000000001
 31
0.0
  0
LINE
  5
F9C
330
17
100
AcDbEntity
  8
baseplate
100
AcDbLine
 10
3351.45464
 20
-4992.030000000001
 30
0.0
 11
3221.5373199999995
 21
-4917.02
 31
0.0
  0
LINE
  5
F9D
330
17
100
AcDbEntity
  8
baseplate
100
AcDbLine
 10
3221.5373199999995
 20
-4917.02
 30
0.0
 11
3351.4633
 21
-4842.005
 31
0.0
  0
LINE
  5
F9E
330
17
100
AcDbEntity
  8
baseplate
100
AcDbLine
 10
3351.4633
 20
-4850.005
 30
0.0
 11
3351.4633
 21
-4842.005
 31
0.0
  0
LINE
  5
F9F
330
17
100
AcDbEntity
  8
baseplate
100
AcDbLine
 10
3481.38062
 20
-4925.015
 30
0.0
 11
3481.38062
 21
-4917.015
 31
0.0
  0
LINE
  5
FA0
330
17
100
AcDbEntity
  8
baseplate
100
AcDbLine
 10
3351.45464
 20
-5000.030000000001
 30
0.0
 11
3351.45464
 21
-4992.030000000001
 31
0.0
  0
LINE
  5
FA1
330
17
100
AcDbEntity
  8
baseplate
100
AcDbLine
 10
3221.5373199999995
 20
-4925.02
 30
0.0
 11
3221.5373199999995
 21
-4917.02
 31
0.0
  0
LINE
  5
FA2
330
17
100
AcDbEntity
  8
baseplate
100
AcDbLine
 10
2485.44598
 20
-5360.014999999999
 30
0.0
 11
2615.3633
 21
-5435.025
 31
0.0
  0
LINE
  5
FA3
330
17
100
AcDbEntity
  8
baseplate
100
AcDbLine
 10
2615.3633
 20
-5435.025
 30
0.0
 11
2485.43732
 21
-5510.04
 31
0.0
  0
LINE
  5
FA4
330
17
100
AcDbEntity
  8
baseplate
100
AcDbLine
 10
2485.43732
 20
-5510.04
 30
0.0
 11
2355.5199999999995
 21
-5435.03
 31
0.0
  0
LINE
  5
FA5
330
17
100
AcDbEntity
  8
baseplate
100
AcDbLine
 10
2355.5199999999995
 20
-5435.03
 30
0.0
 11
2485.44598
 21
-5360.014999999999
 31
0.0
  0
LINE
  5
FA6
330
17
100
AcDbEntity
  8
baseplate
100
AcDbLine
 10
2485.44598
 20
-5350.014999999999
 30
0.0
 11
2615.3633
 21
-5425.025
 31
0.0
  0
LINE
  5
FA7
330
17
100
AcDbEntity
  8
baseplate
100
AcDbLine
 10
2615.3633
 20
-5425.025
 30
0.0
 11
2485.43732
 21
-5500.04
 31
0.0
  0
LINE
  5
FA8
330
17
100
AcDbEntity
  8
baseplate
100
AcDbLine
 10
2485.43732
 20
-5500.04
 30
0.0
 11
2355.5199999999995
 21
-5425.03
 31
0.0
  0
LINE
  5
FA9
330
17
100
AcDbEntity
  8
baseplate
100
AcDbLine
 10
2355.5199999999995
 20
-5425.03
 30
0.0
 11
2485.44598
 21
-5350.014999999999
 31
0.0
  0
LINE
  5
FAA
330
17
100
AcDbEntity
  8
baseplate
100
AcDbLine
 10
2485.44598
 20
-5360.014999999999
 30
0.0
 11
2485.44598
 21
-5350.014999999999
 31
0.0
  0
LINE
  5
FAB
330
17
100
AcDbEntity
  8
baseplate
100
AcDbLine
 10
2615.3633
 20
-5435.025
 30
0.0
 11
2615.3633
 21
-5425.025
 31
0.0
  0
LINE
  5
FAC
330
17
100
AcDbEntity
  8
baseplate
100
AcDbLine
 10
2485.43732
 20
-5510.04
 30
0.0
 11
2485.43732
 21
-5500.04
 31
0.0
  0
LINE
  5
FAD
330
17
100
AcDbEntity
  8
baseplate
100
AcDbLine
 10
2355.5199999999995
 20
-5435.03
 30
0.0
 11
2355.5199999999995
 21
-5425.03
 31
0.0
  0
LINE
  5
FAE
330
17
100
AcDbEntity
  8
baseplate
100
AcDbLine
 10
2485.44598
 20
-5342.014999999999
 30
0.0
 11
2615.3633
 21
-5417.025
 31
0.0
  0
LINE
  5
FAF
330
17
100
AcDbEntity
  8
baseplate
100
AcDbLine
 10
2615.3633
 20
-5417.025
 30
0.0
 11
2485.43732
 21
-5492.04
 31
0.0
  0
LINE
  5
FB0
330
17
100
AcDbEntity
  8
baseplate
100
AcDbLine
 10
2485.43732
 20
-5492.04
 30
0.0
 11
2355.5199999999995
 21
-5417.03
 31
0.0
  0
LINE
  5
FB1
330
17
100
AcDbEntity
  8
baseplate
100
AcDbLine
 10
2355.5199999999995
 20
-5417.03
 30
0.0
 11
2485.44598
 21
-5342.014999999999
 31
0.0
  0
LINE
  5
FB2
330
17
100
AcDbEntity
  8
baseplate
100
AcDbLine
 10
2485.44598
 20
-5350.014999999999
 30
0.0
 11
2485.44598
 21
-5342.014999999999
 31
0.0
  0
LINE
  5
FB3
330
17
100
AcDbEntity
  8
baseplate
100
AcDbLine
 10
2615.3633
 20
-5425.025
 30
0.0
 11
2615.3633
 21
-5417.025
 31
0.0
  0
LINE
  5
FB4
330
17
100
AcDbEntity
  8
baseplate
100
AcDbLine
 10
2485.43732
 20
-5500.04
 30
0.0
 11
2485.43732
 21
-5492.04
 31
0.0
  0
LINE
  5
FB5
330
17
100
AcDbEntity
  8
baseplate
100
AcDbLine
 10
2355.5199999999995
 20
-5425.03
 30
0.0
 11
2355.5199999999995
 21
-5417.03
 31
0.0
  0
LINE
  5
FB6
330
17
100
AcDbEntity
  8
baseplate
100
AcDbLine
 10
4182.840620000001
 20
-2340.025
 30
0.0
 11
4312.7666
 21
-2415.04
 31
0.0
  0
LINE
  5
FB7
330
17
100
AcDbEntity
  8
baseplate
100
AcDbLine
 10
4312.7666
 20
-2415.04
 30
0.0
 11
4182.849279999999
 21
-2490.05
 31
0.0
  0
LINE
  5
FB8
330
17
100
AcDbEntity
  8
baseplate
100
AcDbLine
 10
4182.849279999999
 20
-2490.05
 30
0.0
 11
4052.9233
 21
-2415.0350000000003
 31
0.0
  0
LINE
  5
FB9
330
17
100
AcDbEntity
  8
baseplate
100
AcDbLine
 10
4052.9233
 20
-2415.0350000000003
 30
0.0
 11
4182.840620000001
 21
-2340.025
 31
0.0
  0
LINE
  5
FBA
330
17
100
AcDbEntity
  8
baseplate
100
AcDbLine
 10
4182.840620000001
 20
-2330.025
 30
0.0
 11
4312.7666
 21
-2405.04
 31
0.0
  0
LINE
  5
FBB
330
17
100
AcDbEntity
  8
baseplate
100
AcDbLine
 10
4312.7666
 20
-2405.04
 30
0.0
 11
4182.849279999999
 21
-2480.05
 31
0.0
  0
LINE
  5
FBC
330
17
100
AcDbEntity
  8
baseplate
100
AcDbLine
 10
4182.849279999999
 20
-2480.05
 30
0.0
 11
4052.9233
 21
-2405.0350000000003
 31
0.0
  0
LINE
  5
FBD
330
17
100
AcDbEntity
  8
baseplate
100
AcDbLine
 10
4052.9233
 20
-2405.0350000000003
 30
0.0
 11
4182.840620000001
 21
-2330.025
 31
0.0
  0
LINE
  5
FBE
330
17
100
AcDbEntity
  8
baseplate
100
AcDbLine
 10
4182.840620000001
 20
-2340.025
 30
0.0
 11
4182.840620000001
 21
-2330.025
 31
0.0
  0
LINE
  5
FBF
330
17
100
AcDbEntity
  8
baseplate
100
AcDbLine
 10
4312.7666
 20
-2415.04
 30
0.0
 11
4312.7666
 21
-2405.04
 31
0.0
  0
LINE
  5
FC0
330
17
100
AcDbEntity
  8
baseplate
100
AcDbLine
 10
4182.849279999999
 20
-2490.05
 30
0.0
 11
4182.849279999999
 21
-2480.05
 31
0.0
  0
LINE
  5
FC1
330
17
100
AcDbEntity
  8
baseplate
100
AcDbLine
 10
4052.9233
 20
-2415.0350000000003
 30
0.0
 11
4052.9233
 21
-2405.0350000000003
 31
0.0
  0
LINE
  5
FC2
330
17
100
AcDbEntity
  8
baseplate
100
AcDbLine
 10
4182.840620000001
 20
-2322.025
 30
0.0
 11
4312.7666
 21
-2397.04
 31
0.0
  0
LINE
  5
FC3
330
17
100
AcDbEntity
  8
baseplate
100
AcDbLine
 10
4312.7666
 20
-2397.04
 30
0.0
 11
4182.849279999999
 21
-2472.05
 31
0.0
  0
LINE
  5
FC4
330
17
100
AcDbEntity
  8
baseplate
100
AcDbLine
 10
4182.849279999999
 20
-2472.05
 30
0.0
 11
4052.9233
 21
-2397.0350000000003
 31
0.0
  0
LINE
  5
FC5
330
17
100
AcDbEntity
  8
baseplate
100
AcDbLine
 10
4052.9233
 20
-2397.0350000000003
 30
0.0
 11
4182.840620000001
 21
-2322.025
 31
0.0
  0
LINE
  5
FC6
330
17
100
AcDbEntity
  8
baseplate
100
AcDbLine
 10
4182.840620000001
 20
-2330.025
 30
0.0
 11
4182.840620000001
 21
-2322.025
 31
0.0
  0
LINE
  5
FC7
330
17
100
AcDbEntity
  8
baseplate
100
AcDbLine
 10
4312.7666
 20
-2405.04
 30
0.0
 11
4312.7666
 21
-2397.04
 31
0.0
  0
LINE
  5
FC8
330
17
100
AcDbEntity
  8
baseplate
100
AcDbLine
 10
4182.849279999999
 20
-2480.05
 30
0.0
 11
4182.849279999999
 21
-2472.05
 31
0.0
  0
LINE
  5
FC9
330
17
100
AcDbEntity
  8
baseplate
100
AcDbLine
 10
4052.9233
 20
-2405.0350000000003
 30
0.0
 11
4052.9233
 21
-2397.0350000000003
 31
0.0
  0
LINE
  5
FCA
330
17
100
AcDbEntity
  8
baseplate
100
AcDbLine
 10
3316.8492800000004
 20
-2840.0200000000004
 30
0.0
 11
3446.77526
 21
-2915.035
 31
0.0
  0
LINE
  5
FCB
330
17
100
AcDbEntity
  8
baseplate
100
AcDbLine
 10
3446.77526
 20
-2915.035
 30
0.0
 11
3316.85794
 21
-2990.045
 31
0.0
  0
LINE
  5
FCC
330
17
100
AcDbEntity
  8
baseplate
100
AcDbLine
 10
3316.85794
 20
-2990.045
 30
0.0
 11
3186.9319600000003
 21
-2915.03
 31
0.0
  0
LINE
  5
FCD
330
17
100
AcDbEntity
  8
baseplate
100
AcDbLine
 10
3186.9319600000003
 20
-2915.03
 30
0.0
 11
3316.8492800000004
 21
-2840.0200000000004
 31
0.0
  0
LINE
  5
FCE
330
17
100
AcDbEntity
  8
baseplate
100
AcDbLine
 10
3316.8492800000004
 20
-2830.0200000000004
 30
0.0
 11
3446.77526
 21
-2905.035
 31
0.0
  0
LINE
  5
FCF
330
17
100
AcDbEntity
  8
baseplate
100
AcDbLine
 10
3446.77526
 20
-2905.035
 30
0.0
 11
3316.85794
 21
-2980.045
 31
0.0
  0
LINE
  5
FD0
330
17
100
AcDbEntity
  8
baseplate
100
AcDbLine
 10
3316.85794
 20
-2980.045
 30
0.0
 11
3186.9319600000003
 21
-2905.03
 31
0.0
  0
LINE
  5
FD1
330
17
100
AcDbEntity
  8
baseplate
100
AcDbLine
 10
3186.9319600000003
 20
-2905.03
 30
0.0
 11
3316.8492800000004
 21
-2830.0200000000004
 31
0.0
  0
LINE
  5
FD2
330
17
100
AcDbEntity
  8
baseplate
100
AcDbLine
 10
3316.8492800000004
 20
-2840.0200000000004
 30
0.0
 11
3316.8492800000004
 21
-2830.0200000000004
 31
0.0
  0
LINE
  5
FD3
330
17
100
AcDbEntity
  8
baseplate
100
AcDbLine
 10
3446.77526
 20
-2915.035
 30
0.0
 11
3446.77526
 21
-2905.035
 31
0.0
  0
LINE
  5
FD4
330
17
100
AcDbEntity
  8
baseplate
100
AcDbLine
 10
3316.85794
 20
-2990.045
 30
0.0
 11
3316.85794
 21
-2980.045
 31
0.0
  0
LINE
  5
FD5
330
17
100
AcDbEntity
  8
baseplate
100
AcDbLine
 10
3186.9319600000003
 20
-2915.03
 30
0.0
 11
3186.9319600000003
 21
-2905.03
 31
0.0
  0
LINE
  5
FD6
330
17
100
AcDbEntity
  8
baseplate
100
AcDbLine
 10
3316.8492800000004
 20
-2822.0200000000004
 30
0.0
 11
3446.77526
 21
-2897.035
 31
0.0
  0
LINE
  5
FD7
330
17
100
AcDbEntity
  8
baseplate
100
AcDbLine
 10
3446.77526
 20
-2897.035
 30
0.0
 11
3316.85794
 21
-2972.045
 31
0.0
  0
LINE
  5
FD8
330
17
100
AcDbEntity
  8
baseplate
100
AcDbLine
 10
3316.85794
 20
-2972.045
 30
0.0
 11
3186.9319600000003
 21
-2897.03
 31
0.0
  0
LINE
  5
FD9
330
17
100
AcDbEntity
  8
baseplate
100
AcDbLine
 10
3186.9319600000003
 20
-2897.03
 30
0.0
 11
3316.8492800000004
 21
-2822.0200000000004
 31
0.0
  0
LINE
  5
FDA
330
17
100
AcDbEntity
  8
baseplate
100
AcDbLine
 10
3316.8492800000004
 20
-2830.0200000000004
 30
0.0
 11
3316.8492800000004
 21
-2822.0200000000004
 31
0.0
  0
LINE
  5
FDB
330
17
100
AcDbEntity
  8
baseplate
100
AcDbLine
 10
3446.77526
 20
-2905.035
 30
0.0
 11
3446.77526
 21
-2897.035
 31
0.0
  0
LINE
  5
FDC
330
17
100
AcDbEntity
  8
baseplate
100
AcDbLine
 10
3316.85794
 20
-2980.045
 30
0.0
 11
3316.85794
 21
-2972.045
 31
0.0
  0
LINE
  5
FDD
330
17
100
AcDbEntity
  8
baseplate
100
AcDbLine
 10
3186.9319600000003
 20
-2905.03
 30
0.0
 11
3186.9319600000003
 21
-2897.03
 31
0.0
  0
LINE
  5
FDE
330
17
100
AcDbEntity
  8
baseplate
100
AcDbLine
 10
2450.8319600000004
 20
-3340.03
 30
0.0
 11
2580.75794
 21
-3415.045
 31
0.0
  0
LINE
  5
FDF
330
17
100
AcDbEntity
  8
baseplate
100
AcDbLine
 10
2580.75794
 20
-3415.045
 30
0.0
 11
2450.84062
 21
-3490.0550000000003
 31
0.0
  0
LINE
  5
FE0
330
17
100
AcDbEntity
  8
baseplate
100
AcDbLine
 10
2450.84062
 20
-3490.0550000000003
 30
0.0
 11
2320.9146400000004
 21
-3415.04
 31
0.0
  0
LINE
  5
FE1
330
17
100
AcDbEntity
  8
baseplate
100
AcDbLine
 10
2320.9146400000004
 20
-3415.04
 30
0.0
 11
2450.8319600000004
 21
-3340.03
 31
0.0
  0
LINE
  5
FE2
330
17
100
AcDbEntity
  8
baseplate
100
AcDbLine
 10
2450.8319600000004
 20
-3330.03
 30
0.0
 11
2580.75794
 21
-3405.045
 31
0.0
  0
LINE
  5
FE3
330
17
100
AcDbEntity
  8
baseplate
100
AcDbLine
 10
2580.75794
 20
-3405.045
 30
0.0
 11
2450.84062
 21
-3480.0550000000003
 31
0.0
  0
LINE
  5
FE4
330
17
100
AcDbEntity
  8
baseplate
100
AcDbLine
 10
2450.84062
 20
-3480.0550000000003
 30
0.0
 11
2320.9146400000004
 21
-3405.04
 31
0.0
  0
LINE
  5
FE5
330
17
100
AcDbEntity
  8
baseplate
100
AcDbLine
 10
2320.9146400000004
 20
-3405.04
 30
0.0
 11
2450.8319600000004
 21
-3330.03
 31
0.0
  0
LINE
  5
FE6
330
17
100
AcDbEntity
  8
baseplate
100
AcDbLine
 10
2450.8319600000004
 20
-3340.03
 30
0.0
 11
2450.8319600000004
 21
-3330.03
 31
0.0
  0
LINE
  5
FE7
330
17
100
AcDbEntity
  8
baseplate
100
AcDbLine
 10
2580.75794
 20
-3415.045
 30
0.0
 11
2580.75794
 21
-3405.045
 31
0.0
  0
LINE
  5
FE8
330
17
100
AcDbEntity
  8
baseplate
100
AcDbLine
 10
2450.84062
 20
-3490.0550000000003
 30
0.0
 11
2450.84062
 21
-3480.0550000000003
 31
0.0
  0
LINE
  5
FE9
330
17
100
AcDbEntity
  8
baseplate
100
AcDbLine
 10
2320.9146400000004
 20
-3415.04
 30
0.0
 11
2320.9146400000004
 21
-3405.04
 31
0.0
  0
LINE
  5
FEA
330
17
100
AcDbEntity
  8
baseplate
100
AcDbLine
 10
2450.8319600000004
 20
-3322.03
 30
0.0
 11
2580.75794
 21
-3397.045
 31
0.0
  0
LINE
  5
FEB
330
17
100
AcDbEntity
  8
baseplate
100
AcDbLine
 10
2580.75794
 20
-3397.045
 30
0.0
 11
2450.84062
 21
-3472.0550000000003
 31
0.0
  0
LINE
  5
FEC
330
17
100
AcDbEntity
  8
baseplate
100
AcDbLine
 10
2450.84062
 20
-3472.0550000000003
 30
0.0
 11
2320.9146400000004
 21
-3397.04
 31
0.0
  0
LINE
  5
FED
330
17
100
AcDbEntity
  8
baseplate
100
AcDbLine
 10
2320.9146400000004
 20
-3397.04
 30
0.0
 11
2450.8319600000004
 21
-3322.03
 31
0.0
  0
LINE
  5
FEE
330
17
100
AcDbEntity
  8
baseplate
100
AcDbLine
 10
2450.8319600000004
 20
-3330.03
 30
0.0
 11
2450.8319600000004
 21
-3322.03
 31
0.0
  0
LINE
  5
FEF
330
17
100
AcDbEntity
  8
baseplate
100
AcDbLine
 10
2580.75794
 20
-3405.045
 30
0.0
 11
2580.75794
 21
-3397.045
 31
0.0
  0
LINE
  5
FF0
330
17
100
AcDbEntity
  8
baseplate
100
AcDbLine
 10
2450.84062
 20
-3480.0550000000003
 30
0.0
 11
2450.84062
 21
-3472.0550000000003
 31
0.0
  0
LINE
  5
FF1
330
17
100
AcDbEntity
  8
baseplate
100
AcDbLine
 10
2320.9146400000004
 20
-3405.04
 30
0.0
 11
2320.9146400000004
 21
-3397.04
 31
0.0
  0
LINE
  5
FF2
330
17
100
AcDbEntity
  8
baseplate
100
AcDbLine
 10
1584.8492800000004
 20
-3840.0200000000004
 30
0.0
 11
1714.7752600000001
 21
-3915.035
 31
0.0
  0
LINE
  5
FF3
330
17
100
AcDbEntity
  8
baseplate
100
AcDbLine
 10
1714.7752600000001
 20
-3915.035
 30
0.0
 11
1584.84928
 21
-3990.05
 31
0.0
  0
LINE
  5
FF4
330
17
100
AcDbEntity
  8
baseplate
100
AcDbLine
 10
1584.84928
 20
-3990.05
 30
0.0
 11
1454.9233000000002
 21
-3915.0350000000003
 31
0.0
  0
LINE
  5
FF5
330
17
100
AcDbEntity
  8
baseplate
100
AcDbLine
 10
1454.9233000000002
 20
-3915.0350000000003
 30
0.0
 11
1584.8492800000004
 21
-3840.0200000000004
 31
0.0
  0
LINE
  5
FF6
330
17
100
AcDbEntity
  8
baseplate
100
AcDbLine
 10
1584.8492800000004
 20
-3830.0200000000004
 30
0.0
 11
1714.7752600000001
 21
-3905.035
 31
0.0
  0
LINE
  5
FF7
330
17
100
AcDbEntity
  8
baseplate
100
AcDbLine
 10
1714.7752600000001
 20
-3905.035
 30
0.0
 11
1584.84928
 21
-3980.05
 31
0.0
  0
LINE
  5
FF8
330
17
100
AcDbEntity
  8
baseplate
100
AcDbLine
 10
1584.84928
 20
-3980.05
 30
0.0
 11
1454.9233000000002
 21
-3905.0350000000003
 31
0.0
  0
LINE
  5
FF9
330
17
100
AcDbEntity
  8
baseplate
100
AcDbLine
 10
1454.9233000000002
 20
-3905.0350000000003
 30
0.0
 11
1584.8492800000004
 21
-3830.0200000000004
 31
0.0
  0
LINE
  5
FFA
330
17
100
AcDbEntity
  8
baseplate
100
AcDbLine
 10
1584.8492800000004
 20
-3840.0200000000004
 30
0.0
 11
1584.8492800000004
 21
-3830.0200000000004
 31
0.0
  0
LINE
  5
FFB
330
17
100
AcDbEntity
  8
baseplate
100
AcDbLine
 10
1714.7752600000001
 20
-3915.035
 30
0.0
 11
1714.7752600000001
 21
-3905.035
 31
0.0
  0
LINE
  5
FFC
330
17
100
AcDbEntity
  8
baseplate
100
AcDbLine
 10
1584.84928
 20
-3990.05
 30
0.0
 11
1584.84928
 21
-3980.05
 31
0.0
  0
LINE
  5
FFD
330
17
100
AcDbEntity
  8
baseplate
100
AcDbLine
 10
1454.9233000000002
 20
-3915.0350000000003
 30
0.0
 11
1454.9233000000002
 21
-3905.0350000000003
 31
0.0
  0
LINE
  5
FFE
330
17
100
AcDbEntity
  8
baseplate
100
AcDbLine
 10
1584.8492800000004
 20
-3822.0200000000004
 30
0.0
 11
1714.7752600000001
 21
-3897.035
 31
0.0
  0
LINE
  5
FFF
330
17
100
AcDbEntity
  8
baseplate
100
AcDbLine
 10
1714.7752600000001
 20
-3897.035
 30
0.0
 11
1584.84928
 21
-3972.05
 31
0.0
  0
LINE
  5
1000
330
17
100
AcDbEntity
  8
baseplate
100
AcDbLine
 10
1584.84928
 20
-3972.05
 30
0.0
 11
1454.9233000000002
 21
-3897.0350000000003
 31
0.0
  0
LINE
  5
1001
330
17
100
AcDbEntity
  8
baseplate
100
AcDbLine
 10
1454.9233000000002
 20
-3897.0350000000003
 30
0.0
 11
1584.8492800000004
 21
-3822.0200000000004
 31
0.0
  0
LINE
  5
1002
330
17
100
AcDbEntity
  8
baseplate
100
AcDbLine
 10
1584.8492800000004
 20
-3830.0200000000004
 30
0.0
 11
1584.8492800000004
 21
-3822.0200000000004
 31
0.0
  0
LINE
  5
1003
330
17
100
AcDbEntity
  8
baseplate
100
AcDbLine
 10
1714.7752600000001
 20
-3905.035
 30
0.0
 11
1714.7752600000001
 21
-3897.035
 31
0.0
  0
LINE
  5
1004
330
17
100
AcDbEntity
  8
baseplate
100
AcDbLine
 10
1584.84928
 20
-3980.05
 30
0.0
 11
1584.84928
 21
-3972.05
 31
0.0
  0
LINE
  5
1005
330
17
100
AcDbEntity
  8
baseplate
100
AcDbLine
 10
1454.9233000000002
 20
-3905.0350000000003
 30
0.0
 11
1454.9233000000002
 21
-3897.0350000000003
 31
0.0
  0
LINE
  5
1006
330
17
100
AcDbEntity
  8
baseplate
100
AcDbLine
 10
718.8319600000003
 20
-4340.030000000001
 30
0.0
 11
848.7579400000001
 21
-4415.045
 31
0.0
  0
LINE
  5
1007
330
17
100
AcDbEntity
  8
baseplate
100
AcDbLine
 10
848.7579400000001
 20
-4415.045
 30
0.0
 11
718.83196
 21
-4490.06
 31
0.0
  0
LINE
  5
1008
330
17
100
AcDbEntity
  8
baseplate
100
AcDbLine
 10
718.83196
 20
-4490.06
 30
0.0
 11
588.9059800000001
 21
-4415.045
 31
0.0
  0
LINE
  5
1009
330
17
100
AcDbEntity
  8
baseplate
100
AcDbLine
 10
588.9059800000001
 20
-4415.045
 30
0.0
 11
718.8319600000003
 21
-4340.030000000001
 31
0.0
  0
LINE
  5
100A
330
17
100
AcDbEntity
  8
baseplate
100
AcDbLine
 10
718.8319600000003
 20
-4330.030000000001
 30
0.0
 11
848.7579400000001
 21
-4405.045
 31
0.0
  0
LINE
  5
100B
330
17
100
AcDbEntity
  8
baseplate
100
AcDbLine
 10
848.7579400000001
 20
-4405.045
 30
0.0
 11
718.83196
 21
-4480.06
 31
0.0
  0
LINE
  5
100C
330
17
100
AcDbEntity
  8
baseplate
100
AcDbLine
 10
718.83196
 20
-4480.06
 30
0.0
 11
588.9059800000001
 21
-4405.045
 31
0.0
  0
LINE
  5
100D
330
17
100
AcDbEntity
  8
baseplate
100
AcDbLine
 10
588.9059800000001
 20
-4405.045
 30
0.0
 11
718.8319600000003
 21
-4330.030000000001
 31
0.0
  0
LINE
  5
100E
330
17
100
AcDbEntity
  8
baseplate
100
AcDbLine
 10
718.8319600000003
 20
-4340.030000000001
 30
0.0
 11
718.8319600000003
 21
-4330.030000000001
 31
0.0
  0
LINE
  5
100F
330
17
100
AcDbEntity
  8
baseplate
100
AcDbLine
 10
848.7579400000001
 20
-4415.045
 30
0.0
 11
848.7579400000001
 21
-4405.045
 31
0.0
  0
LINE
  5
1010
330
17
100
AcDbEntity
  8
baseplate
100
AcDbLine
 10
718.83196
 20
-4490.06
 30
0.0
 11
718.83196
 21
-4480.06
 31
0.0
  0
LINE
  5
1011
330
17
100
AcDbEntity
  8
baseplate
100
AcDbLine
 10
588.9059800000001
 20
-4415.045
 30
0.0
 11
588.9059800000001
 21
-4405.045
 31
0.0
  0
LINE
  5
1012
330
17
100
AcDbEntity
  8
baseplate
100
AcDbLine
 10
718.8319600000003
 20
-4322.030000000001
 30
0.0
 11
848.7579400000001
 21
-4397.045
 31
0.0
  0
LINE
  5
1013
330
17
100
AcDbEntity
  8
baseplate
100
AcDbLine
 10
848.7579400000001
 20
-4397.045
 30
0.0
 11
718.83196
 21
-4472.06
 31
0.0
  0
LINE
  5
1014
330
17
100
AcDbEntity
  8
baseplate
100
AcDbLine
 10
718.83196
 20
-4472.06
 30
0.0
 11
588.9059800000001
 21
-4397.045
 31
0.0
  0
LINE
  5
1015
330
17
100
AcDbEntity
  8
baseplate
100
AcDbLine
 10
588.9059800000001
 20
-4397.045
 30
0.0
 11
718.8319600000003
 21
-4322.030000000001
 31
0.0
  0
LINE
  5
1016
330
17
100
AcDbEntity
  8
baseplate
100
AcDbLine
 10
718.8319600000003
 20
-4330.030000000001
 30
0.0
 11
718.8319600000003
 21
-4322.030000000001
 31
0.0
  0
LINE
  5
1017
330
17
100
AcDbEntity
  8
baseplate
100
AcDbLine
 10
848.7579400000001
 20
-4405.045
 30
0.0
 11
848.7579400000001
 21
-4397.045
 31
0.0
  0
LINE
  5
1018
330
17
100
AcDbEntity
  8
baseplate
100
AcDbLine
 10
718.83196
 20
-4480.06
 30
0.0
 11
718.83196
 21
-4472.06
 31
0.0
  0
LINE
  5
1019
330
17
100
AcDbEntity
  8
baseplate
100
AcDbLine
 10
588.9059800000001
 20
-4405.045
 30
0.0
 11
588.9059800000001
 21
-4397.045
 31
0.0
  0
LINE
  5
101A
330
17
100
AcDbEntity
  8
baseplate
100
AcDbLine
 10
10591.2666
 20
-6040.04
 30
0.0
 11
10721.183920000001
 21
-6115.05
 31
0.0
  0
LINE
  5
101B
330
17
100
AcDbEntity
  8
baseplate
100
AcDbLine
 10
10721.183920000001
 20
-6115.05
 30
0.0
 11
10591.2666
 21
-6190.06
 31
0.0
  0
LINE
  5
101C
330
17
100
AcDbEntity
  8
baseplate
100
AcDbLine
 10
10591.2666
 20
-6190.06
 30
0.0
 11
10461.34928
 21
-6115.05
 31
0.0
  0
LINE
  5
101D
330
17
100
AcDbEntity
  8
baseplate
100
AcDbLine
 10
10461.34928
 20
-6115.05
 30
0.0
 11
10591.2666
 21
-6040.04
 31
0.0
  0
LINE
  5
101E
330
17
100
AcDbEntity
  8
baseplate
100
AcDbLine
 10
10591.2666
 20
-6030.04
 30
0.0
 11
10721.183920000001
 21
-6105.05
 31
0.0
  0
LINE
  5
101F
330
17
100
AcDbEntity
  8
baseplate
100
AcDbLine
 10
10721.183920000001
 20
-6105.05
 30
0.0
 11
10591.2666
 21
-6180.06
 31
0.0
  0
LINE
  5
1020
330
17
100
AcDbEntity
  8
baseplate
100
AcDbLine
 10
10591.2666
 20
-6180.06
 30
0.0
 11
10461.34928
 21
-6105.05
 31
0.0
  0
LINE
  5
1021
330
17
100
AcDbEntity
  8
baseplate
100
AcDbLine
 10
10461.34928
 20
-6105.05
 30
0.0
 11
10591.2666
 21
-6030.04
 31
0.0
  0
LINE
  5
1022
330
17
100
AcDbEntity
  8
baseplate
100
AcDbLine
 10
10591.2666
 20
-6040.04
 30
0.0
 11
10591.2666
 21
-6030.04
 31
0.0
  0
LINE
  5
1023
330
17
100
AcDbEntity
  8
baseplate
100
AcDbLine
 10
10721.183920000001
 20
-6115.05
 30
0.0
 11
10721.183920000001
 21
-6105.05
 31
0.0
  0
LINE
  5
1024
330
17
100
AcDbEntity
  8
baseplate
100
AcDbLine
 10
10591.2666
 20
-6190.06
 30
0.0
 11
10591.2666
 21
-6180.06
 31
0.0
  0
LINE
  5
1025
330
17
100
AcDbEntity
  8
baseplate
100
AcDbLine
 10
10461.34928
 20
-6115.05
 30
0.0
 11
10461.34928
 21
-6105.05
 31
0.0
  0
LINE
  5
1026
330
17
100
AcDbEntity
  8
baseplate
100
AcDbLine
 10
10591.2666
 20
-6022.04
 30
0.0
 11
10721.183920000001
 21
-6097.05
 31
0.0
  0
LINE
  5
1027
330
17
100
AcDbEntity
  8
baseplate
100
AcDbLine
 10
10721.183920000001
 20
-6097.05
 30
0.0
 11
10591.2666
 21
-6172.06
 31
0.0
  0
LINE
  5
1028
330
17
100
AcDbEntity
  8
baseplate
100
AcDbLine
 10
10591.2666
 20
-6172.06
 30
0.0
 11
10461.34928
 21
-6097.05
 31
0.0
  0
LINE
  5
1029
330
17
100
AcDbEntity
  8
baseplate
100
AcDbLine
 10
10461.34928
 20
-6097.05
 30
0.0
 11
10591.2666
 21
-6022.04
 31
0.0
  0
LINE
  5
102A
330
17
100
AcDbEntity
  8
baseplate
100
AcDbLine
 10
10591.2666
 20
-6030.04
 30
0.0
 11
10591.2666
 21
-6022.04
 31
0.0
  0
LINE
  5
102B
330
17
100
AcDbEntity
  8
baseplate
100
AcDbLine
 10
10721.183920000001
 20
-6105.05
 30
0.0
 11
10721.183920000001
 21
-6097.05
 31
0.0
  0
LINE
  5
102C
330
17
100
AcDbEntity
  8
baseplate
100
AcDbLine
 10
10591.2666
 20
-6180.06
 30
0.0
 11
10591.2666
 21
-6172.06
 31
0.0
  0
LINE
  5
102D
330
17
100
AcDbEntity
  8
baseplate
100
AcDbLine
 10
10461.34928
 20
-6105.05
 30
0.0
 11
10461.34928
 21
-6097.05
 31
0.0
  0
LINE
  5
102E
330
17
100
AcDbEntity
  8
baseplate
100
AcDbLine
 10
9725.27526
 20
-6540.035
 30
0.0
 11
9855.19258
 21
-6615.045
 31
0.0
  0
LINE
  5
102F
330
17
100
AcDbEntity
  8
baseplate
100
AcDbLine
 10
9855.19258
 20
-6615.045
 30
0.0
 11
9725.27526
 21
-6690.055
 31
0.0
  0
LINE
  5
1030
330
17
100
AcDbEntity
  8
baseplate
100
AcDbLine
 10
9725.27526
 20
-6690.055
 30
0.0
 11
9595.35794
 21
-6615.045
 31
0.0
  0
LINE
  5
1031
330
17
100
AcDbEntity
  8
baseplate
100
AcDbLine
 10
9595.35794
 20
-6615.045
 30
0.0
 11
9725.27526
 21
-6540.035
 31
0.0
  0
LINE
  5
1032
330
17
100
AcDbEntity
  8
baseplate
100
AcDbLine
 10
9725.27526
 20
-6530.035
 30
0.0
 11
9855.19258
 21
-6605.045
 31
0.0
  0
LINE
  5
1033
330
17
100
AcDbEntity
  8
baseplate
100
AcDbLine
 10
9855.19258
 20
-6605.045
 30
0.0
 11
9725.27526
 21
-6680.055
 31
0.0
  0
LINE
  5
1034
330
17
100
AcDbEntity
  8
baseplate
100
AcDbLine
 10
9725.27526
 20
-6680.055
 30
0.0
 11
9595.35794
 21
-6605.045
 31
0.0
  0
LINE
  5
1035
330
17
100
AcDbEntity
  8
baseplate
100
AcDbLine
 10
9595.35794
 20
-6605.045
 30
0.0
 11
9725.27526
 21
-6530.035
 31
0.0
  0
LINE
  5
1036
330
17
100
AcDbEntity
  8
baseplate
100
AcDbLine
 10
9725.27526
 20
-6540.035
 30
0.0
 11
9725.27526
 21
-6530.035
 31
0.0
  0
LINE
  5
1037
330
17
100
AcDbEntity
  8
baseplate
100
AcDbLine
 10
9855.19258
 20
-6615.045
 30
0.0
 11
9855.19258
 21
-6605.045
 31
0.0
  0
LINE
  5
1038
330
17
100
AcDbEntity
  8
baseplate
100
AcDbLine
 10
9725.27526
 20
-6690.055
 30
0.0
 11
9725.27526
 21
-6680.055
 31
0.0
  0
LINE
  5
1039
330
17
100
AcDbEntity
  8
baseplate
100
AcDbLine
 10
9595.35794
 20
-6615.045
 30
0.0
 11
9595.35794
 21
-6605.045
 31
0.0
  0
LINE
  5
103A
330
17
100
AcDbEntity
  8
baseplate
100
AcDbLine
 10
9725.27526
 20
-6522.035
 30
0.0
 11
9855.19258
 21
-6597.045
 31
0.0
  0
LINE
  5
103B
330
17
100
AcDbEntity
  8
baseplate
100
AcDbLine
 10
9855.19258
 20
-6597.045
 30
0.0
 11
9725.27526
 21
-6672.055
 31
0.0
  0
LINE
  5
103C
330
17
100
AcDbEntity
  8
baseplate
100
AcDbLine
 10
9725.27526
 20
-6672.055
 30
0.0
 11
9595.35794
 21
-6597.045
 31
0.0
  0
LINE
  5
103D
330
17
100
AcDbEntity
  8
baseplate
100
AcDbLine
 10
9595.35794
 20
-6597.045
 30
0.0
 11
9725.27526
 21
-6522.035
 31
0.0
  0
LINE
  5
103E
330
17
100
AcDbEntity
  8
baseplate
100
AcDbLine
 10
9725.27526
 20
-6530.035
 30
0.0
 11
9725.27526
 21
-6522.035
 31
0.0
  0
LINE
  5
103F
330
17
100
AcDbEntity
  8
baseplate
100
AcDbLine
 10
9855.19258
 20
-6605.045
 30
0.0
 11
9855.19258
 21
-6597.045
 31
0.0
  0
LINE
  5
1040
330
17
100
AcDbEntity
  8
baseplate
100
AcDbLine
 10
9725.27526
 20
-6680.055
 30
0.0
 11
9725.27526
 21
-6672.055
 31
0.0
  0
LINE
  5
1041
330
17
100
AcDbEntity
  8
baseplate
100
AcDbLine
 10
9595.35794
 20
-6605.045
 30
0.0
 11
9595.35794
 21
-6597.045
 31
0.0
  0
LINE
  5
1042
330
17
100
AcDbEntity
  8
baseplate
100
AcDbLine
 10
8859.25794
 20
-7040.045
 30
0.0
 11
8989.17526
 21
-7115.055
 31
0.0
  0
LINE
  5
1043
330
17
100
AcDbEntity
  8
baseplate
100
AcDbLine
 10
8989.17526
 20
-7115.055
 30
0.0
 11
8859.25794
 21
-7190.0650000000005
 31
0.0
  0
LINE
  5
1044
330
17
100
AcDbEntity
  8
baseplate
100
AcDbLine
 10
8859.25794
 20
-7190.0650000000005
 30
0.0
 11
8729.340619999999
 21
-7115.055
 31
0.0
  0
LINE
  5
1045
330
17
100
AcDbEntity
  8
baseplate
100
AcDbLine
 10
8729.340619999999
 20
-7115.055
 30
0.0
 11
8859.25794
 21
-7040.045
 31
0.0
  0
LINE
  5
1046
330
17
100
AcDbEntity
  8
baseplate
100
AcDbLine
 10
8859.25794
 20
-7030.045
 30
0.0
 11
8989.17526
 21
-7105.055
 31
0.0
  0
LINE
  5
1047
330
17
100
AcDbEntity
  8
baseplate
100
AcDbLine
 10
8989.17526
 20
-7105.055
 30
0.0
 11
8859.25794
 21
-7180.0650000000005
 31
0.0
  0
LINE
  5
1048
330
17
100
AcDbEntity
  8
baseplate
100
AcDbLine
 10
8859.25794
 20
-7180.0650000000005
 30
0.0
 11
8729.340619999999
 21
-7105.055
 31
0.0
  0
LINE
  5
1049
330
17
100
AcDbEntity
  8
baseplate
100
AcDbLine
 10
8729.340619999999
 20
-7105.055
 30
0.0
 11
8859.25794
 21
-7030.045
 31
0.0
  0
LINE
  5
104A
330
17
100
AcDbEntity
  8
baseplate
100
AcDbLine
 10
8859.25794
 20
-7040.045
 30
0.0
 11
8859.25794
 21
-7030.045
 31
0.0
  0
LINE
  5
104B
330
17
100
AcDbEntity
  8
baseplate
100
AcDbLine
 10
8989.17526
 20
-7115.055
 30
0.0
 11
8989.17526
 21
-7105.055
 31
0.0
  0
LINE
  5
104C
330
17
100
AcDbEntity
  8
baseplate
100
AcDbLine
 10
8859.25794
 20
-7190.0650000000005
 30
0.0
 11
8859.25794
 21
-7180.0650000000005
 31
0.0
  0
LINE
  5
104D
330
17
100
AcDbEntity
  8
baseplate
100
AcDbLine
 10
8729.340619999999
 20
-7115.055
 30
0.0
 11
8729.340619999999
 21
-7105.055
 31
0.0
  0
LINE
  5
104E
330
17
100
AcDbEntity
  8
baseplate
100
AcDbLine
 10
8859.25794
 20
-7022.045
 30
0.0
 11
8989.17526
 21
-7097.055
 31
0.0
  0
LINE
  5
104F
330
17
100
AcDbEntity
  8
baseplate
100
AcDbLine
 10
8989.17526
 20
-7097.055
 30
0.0
 11
8859.25794
 21
-7172.0650000000005
 31
0.0
  0
LINE
  5
1050
330
17
100
AcDbEntity
  8
baseplate
100
AcDbLine
 10
8859.25794
 20
-7172.0650000000005
 30
0.0
 11
8729.340619999999
 21
-7097.055
 31
0.0
  0
LINE
  5
1051
330
17
100
AcDbEntity
  8
baseplate
100
AcDbLine
 10
8729.340619999999
 20
-7097.055
 30
0.0
 11
8859.25794
 21
-7022.045
 31
0.0
  0
LINE
  5
1052
330
17
100
AcDbEntity
  8
baseplate
100
AcDbLine
 10
8859.25794
 20
-7030.045
 30
0.0
 11
8859.25794
 21
-7022.045
 31
0.0
  0
LINE
  5
1053
330
17
100
AcDbEntity
  8
baseplate
100
AcDbLine
 10
8989.17526
 20
-7105.055
 30
0.0
 11
8989.17526
 21
-7097.055
 31
0.0
  0
LINE
  5
1054
330
17
100
AcDbEntity
  8
baseplate
100
AcDbLine
 10
8859.25794
 20
-7180.0650000000005
 30
0.0
 11
8859.25794
 21
-7172.0650000000005
 31
0.0
  0
LINE
  5
1055
330
17
100
AcDbEntity
  8
baseplate
100
AcDbLine
 10
8729.340619999999
 20
-7105.055
 30
0.0
 11
8729.340619999999
 21
-7097.055
 31
0.0
  0
LINE
  5
1056
330
17
100
AcDbEntity
  8
baseplate
100
AcDbLine
 10
7993.27526
 20
-7540.035
 30
0.0
 11
8123.192580000001
 21
-7615.045
 31
0.0
  0
LINE
  5
1057
330
17
100
AcDbEntity
  8
baseplate
100
AcDbLine
 10
8123.192580000001
 20
-7615.045
 30
0.0
 11
7993.2666
 21
-7690.06
 31
0.0
  0
LINE
  5
1058
330
17
100
AcDbEntity
  8
baseplate
100
AcDbLine
 10
7993.2666
 20
-7690.06
 30
0.0
 11
7863.349279999999
 21
-7615.05
 31
0.0
  0
LINE
  5
1059
330
17
100
AcDbEntity
  8
baseplate
100
AcDbLine
 10
7863.349279999999
 20
-7615.05
 30
0.0
 11
7993.27526
 21
-7540.035
 31
0.0
  0
LINE
  5
105A
330
17
100
AcDbEntity
  8
baseplate
100
AcDbLine
 10
7993.27526
 20
-7530.035
 30
0.0
 11
8123.192580000001
 21
-7605.045
 31
0.0
  0
LINE
  5
105B
330
17
100
AcDbEntity
  8
baseplate
100
AcDbLine
 10
8123.192580000001
 20
-7605.045
 30
0.0
 11
7993.2666
 21
-7680.06
 31
0.0
  0
LINE
  5
105C
330
17
100
AcDbEntity
  8
baseplate
100
AcDbLine
 10
7993.2666
 20
-7680.06
 30
0.0
 11
7863.349279999999
 21
-7605.05
 31
0.0
  0
LINE
  5
105D
330
17
100
AcDbEntity
  8
baseplate
100
AcDbLine
 10
7863.349279999999
 20
-7605.05
 30
0.0
 11
7993.27526
 21
-7530.035
 31
0.0
  0
LINE
  5
105E
330
17
100
AcDbEntity
  8
baseplate
100
AcDbLine
 10
7993.27526
 20
-7540.035
 30
0.0
 11
7993.27526
 21
-7530.035
 31
0.0
  0
LINE
  5
105F
330
17
100
AcDbEntity
  8
baseplate
100
AcDbLine
 10
8123.192580000001
 20
-7615.045
 30
0.0
 11
8123.192580000001
 21
-7605.045
 31
0.0
  0
LINE
  5
1060
330
17
100
AcDbEntity
  8
baseplate
100
AcDbLine
 10
7993.2666
 20
-7690.06
 30
0.0
 11
7993.2666
 21
-7680.06
 31
0.0
  0
LINE
  5
1061
330
17
100
AcDbEntity
  8
baseplate
100
AcDbLine
 10
7863.349279999999
 20
-7615.05
 30
0.0
 11
7863.349279999999
 21
-7605.05
 31
0.0
  0
LINE
  5
1062
330
17
100
AcDbEntity
  8
baseplate
100
AcDbLine
 10
7993.27526
 20
-7522.035
 30
0.0
 11
8123.192580000001
 21
-7597.045
 31
0.0
  0
LINE
  5
1063
330
17
100
AcDbEntity
  8
baseplate
100
AcDbLine
 10
8123.192580000001
 20
-7597.045
 30
0.0
 11
7993.2666
 21
-7672.06
 31
0.0
  0
LINE
  5
1064
330
17
100
AcDbEntity
  8
baseplate
100
AcDbLine
 10
7993.2666
 20
-7672.06
 30
0.0
 11
7863.349279999999
 21
-7597.05
 31
0.0
  0
LINE
  5
1065
330
17
100
AcDbEntity
  8
baseplate
100
AcDbLine
 10
7863.349279999999
 20
-7597.05
 30
0.0
 11
7993.27526
 21
-7522.035
 31
0.0
  0
LINE
  5
1066
330
17
100
AcDbEntity
  8
baseplate
100
AcDbLine
 10
7993.27526
 20
-7530.035
 30
0.0
 11
7993.27526
 21
-7522.035
 31
0.0
  0
LINE
  5
1067
330
17
100
AcDbEntity
  8
baseplate
100
AcDbLine
 10
8123.192580000001
 20
-7605.045
 30
0.0
 11
8123.192580000001
 21
-7597.045
 31
0.0
  0
LINE
  5
1068
330
17
100
AcDbEntity
  8
baseplate
100
AcDbLine
 10
7993.2666
 20
-7680.06
 30
0.0
 11
7993.2666
 21
-7672.06
 31
0.0
  0
LINE
  5
1069
330
17
100
AcDbEntity
  8
baseplate
100
AcDbLine
 10
7863.349279999999
 20
-7605.05
 30
0.0
 11
7863.349279999999
 21
-7597.05
 31
0.0
  0
LINE
  5
106A
330
17
100
AcDbEntity
  8
baseplate
100
AcDbLine
 10
7127.25794
 20
-8040.045
 30
0.0
 11
7257.175260000001
 21
-8115.055
 31
0.0
  0
LINE
  5
106B
330
17
100
AcDbEntity
  8
baseplate
100
AcDbLine
 10
7257.175260000001
 20
-8115.055
 30
0.0
 11
7127.24928
 21
-8190.070000000001
 31
0.0
  0
LINE
  5
106C
330
17
100
AcDbEntity
  8
baseplate
100
AcDbLine
 10
7127.24928
 20
-8190.070000000001
 30
0.0
 11
6997.3319599999995
 21
-8115.06
 31
0.0
  0
LINE
  5
106D
330
17
100
AcDbEntity
  8
baseplate
100
AcDbLine
 10
6997.3319599999995
 20
-8115.06
 30
0.0
 11
7127.25794
 21
-8040.045
 31
0.0
  0
LINE
  5
106E
330
17
100
AcDbEntity
  8
baseplate
100
AcDbLine
 10
7127.25794
 20
-8030.045
 30
0.0
 11
7257.175260000001
 21
-8105.055
 31
0.0
  0
LINE
  5
106F
330
17
100
AcDbEntity
  8
baseplate
100
AcDbLine
 10
7257.175260000001
 20
-8105.055
 30
0.0
 11
7127.24928
 21
-8180.070000000001
 31
0.0
  0
LINE
  5
1070
330
17
100
AcDbEntity
  8
baseplate
100
AcDbLine
 10
7127.24928
 20
-8180.070000000001
 30
0.0
 11
6997.3319599999995
 21
-8105.06
 31
0.0
  0
LINE
  5
1071
330
17
100
AcDbEntity
  8
baseplate
100
AcDbLine
 10
6997.3319599999995
 20
-8105.06
 30
0.0
 11
7127.25794
 21
-8030.045
 31
0.0
  0
LINE
  5
1072
330
17
100
AcDbEntity
  8
baseplate
100
AcDbLine
 10
7127.25794
 20
-8040.045
 30
0.0
 11
7127.25794
 21
-8030.045
 31
0.0
  0
LINE
  5
1073
330
17
100
AcDbEntity
  8
baseplate
100
AcDbLine
 10
7257.175260000001
 20
-8115.055
 30
0.0
 11
7257.175260000001
 21
-8105.055
 31
0.0
  0
LINE
  5
1074
330
17
100
AcDbEntity
  8
baseplate
100
AcDbLine
 10
7127.24928
 20
-8190.070000000001
 30
0.0
 11
7127.24928
 21
-8180.070000000001
 31
0.0
  0
LINE
  5
1075
330
17
100
AcDbEntity
  8
baseplate
100
AcDbLine
 10
6997.3319599999995
 20
-8115.06
 30
0.0
 11
6997.3319599999995
 21
-8105.06
 31
0.0
  0
LINE
  5
1076
330
17
100
AcDbEntity
  8
baseplate
100
AcDbLine
 10
7127.25794
 20
-8022.045
 30
0.0
 11
7257.175260000001
 21
-8097.055
 31
0.0
  0
LINE
  5
1077
330
17
100
AcDbEntity
  8
baseplate
100
AcDbLine
 10
7257.175260000001
 20
-8097.055
 30
0.0
 11
7127.24928
 21
-8172.070000000001
 31
0.0
  0
LINE
  5
1078
330
17
100
AcDbEntity
  8
baseplate
100
AcDbLine
 10
7127.24928
 20
-8172.070000000001
 30
0.0
 11
6997.3319599999995
 21
-8097.06
 31
0.0
  0
LINE
  5
1079
330
17
100
AcDbEntity
  8
baseplate
100
AcDbLine
 10
6997.3319599999995
 20
-8097.06
 30
0.0
 11
7127.25794
 21
-8022.045
 31
0.0
  0
LINE
  5
107A
330
17
100
AcDbEntity
  8
baseplate
100
AcDbLine
 10
7127.25794
 20
-8030.045
 30
0.0
 11
7127.25794
 21
-8022.045
 31
0.0
  0
LINE
  5
107B
330
17
100
AcDbEntity
  8
baseplate
100
AcDbLine
 10
7257.175260000001
 20
-8105.055
 30
0.0
 11
7257.175260000001
 21
-8097.055
 31
0.0
  0
LINE
  5
107C
330
17
100
AcDbEntity
  8
baseplate
100
AcDbLine
 10
7127.24928
 20
-8180.070000000001
 30
0.0
 11
7127.24928
 21
-8172.070000000001
 31
0.0
  0
LINE
  5
107D
330
17
100
AcDbEntity
  8
baseplate
100
AcDbLine
 10
6997.3319599999995
 20
-8105.06
 30
0.0
 11
6997.3319599999995
 21
-8097.06
 31
0.0
  0
LINE
  5
107E
330
17
100
AcDbEntity
  8
baseplate
100
AcDbLine
 10
11145.44598
 20
-6360.005
 30
0.0
 11
11275.3633
 21
-6435.015
 31
0.0
  0
LINE
  5
107F
330
17
100
AcDbEntity
  8
baseplate
100
AcDbLine
 10
11275.3633
 20
-6435.015
 30
0.0
 11
11145.44598
 21
-6510.025000000001
 31
0.0
  0
LINE
  5
1080
330
17
100
AcDbEntity
  8
baseplate
100
AcDbLine
 10
11145.44598
 20
-6510.025000000001
 30
0.0
 11
11015.52866
 21
-6435.015
 31
0.0
  0
LINE
  5
1081
330
17
100
AcDbEntity
  8
baseplate
100
AcDbLine
 10
11015.52866
 20
-6435.015
 30
0.0
 11
11145.44598
 21
-6360.005
 31
0.0
  0
LINE
  5
1082
330
17
100
AcDbEntity
  8
baseplate
100
AcDbLine
 10
11145.44598
 20
-6350.005
 30
0.0
 11
11275.3633
 21
-6425.015
 31
0.0
  0
LINE
  5
1083
330
17
100
AcDbEntity
  8
baseplate
100
AcDbLine
 10
11275.3633
 20
-6425.015
 30
0.0
 11
11145.44598
 21
-6500.025000000001
 31
0.0
  0
LINE
  5
1084
330
17
100
AcDbEntity
  8
baseplate
100
AcDbLine
 10
11145.44598
 20
-6500.025000000001
 30
0.0
 11
11015.52866
 21
-6425.015
 31
0.0
  0
LINE
  5
1085
330
17
100
AcDbEntity
  8
baseplate
100
AcDbLine
 10
11015.52866
 20
-6425.015
 30
0.0
 11
11145.44598
 21
-6350.005
 31
0.0
  0
LINE
  5
1086
330
17
100
AcDbEntity
  8
baseplate
100
AcDbLine
 10
11145.44598
 20
-6360.005
 30
0.0
 11
11145.44598
 21
-6350.005
 31
0.0
  0
LINE
  5
1087
330
17
100
AcDbEntity
  8
baseplate
100
AcDbLine
 10
11275.3633
 20
-6435.015
 30
0.0
 11
11275.3633
 21
-6425.015
 31
0.0
  0
LINE
  5
1088
330
17
100
AcDbEntity
  8
baseplate
100
AcDbLine
 10
11145.44598
 20
-6510.025000000001
 30
0.0
 11
11145.44598
 21
-6500.025000000001
 31
0.0
  0
LINE
  5
1089
330
17
100
AcDbEntity
  8
baseplate
100
AcDbLine
 10
11015.52866
 20
-6435.015
 30
0.0
 11
11015.52866
 21
-6425.015
 31
0.0
  0
LINE
  5
108A
330
17
100
AcDbEntity
  8
baseplate
100
AcDbLine
 10
11145.44598
 20
-6342.005
 30
0.0
 11
11275.3633
 21
-6417.015
 31
0.0
  0
LINE
  5
108B
330
17
100
AcDbEntity
  8
baseplate
100
AcDbLine
 10
11275.3633
 20
-6417.015
 30
0.0
 11
11145.44598
 21
-6492.025000000001
 31
0.0
  0
LINE
  5
108C
330
17
100
AcDbEntity
  8
baseplate
100
AcDbLine
 10
11145.44598
 20
-6492.025000000001
 30
0.0
 11
11015.52866
 21
-6417.015
 31
0.0
  0
LINE
  5
108D
330
17
100
AcDbEntity
  8
baseplate
100
AcDbLine
 10
11015.52866
 20
-6417.015
 30
0.0
 11
11145.44598
 21
-6342.005
 31
0.0
  0
LINE
  5
108E
330
17
100
AcDbEntity
  8
baseplate
100
AcDbLine
 10
11145.44598
 20
-6350.005
 30
0.0
 11
11145.44598
 21
-6342.005
 31
0.0
  0
LINE
  5
108F
330
17
100
AcDbEntity
  8
baseplate
100
AcDbLine
 10
11275.3633
 20
-6425.015
 30
0.0
 11
11275.3633
 21
-6417.015
 31
0.0
  0
LINE
  5
1090
330
17
100
AcDbEntity
  8
baseplate
100
AcDbLine
 10
11145.44598
 20
-6500.025000000001
 30
0.0
 11
11145.44598
 21
-6492.025000000001
 31
0.0
  0
LINE
  5
1091
330
17
100
AcDbEntity
  8
baseplate
100
AcDbLine
 10
11015.52866
 20
-6425.015
 30
0.0
 11
11015.52866
 21
-6417.015
 31
0.0
  0
LINE
  5
1092
330
17
100
AcDbEntity
  8
baseplate
100
AcDbLine
 10
10279.45464
 20
-6860.0
 30
0.0
 11
10409.37196
 21
-6935.01
 31
0.0
  0
LINE
  5
1093
330
17
100
AcDbEntity
  8
baseplate
100
AcDbLine
 10
10409.37196
 20
-6935.01
 30
0.0
 11
10279.45464
 21
-7010.02
 31
0.0
  0
LINE
  5
1094
330
17
100
AcDbEntity
  8
baseplate
100
AcDbLine
 10
10279.45464
 20
-7010.02
 30
0.0
 11
10149.53732
 21
-6935.01
 31
0.0
  0
LINE
  5
1095
330
17
100
AcDbEntity
  8
baseplate
100
AcDbLine
 10
10149.53732
 20
-6935.01
 30
0.0
 11
10279.45464
 21
-6860.0
 31
0.0
  0
LINE
  5
1096
330
17
100
AcDbEntity
  8
baseplate
100
AcDbLine
 10
10279.45464
 20
-6850.0
 30
0.0
 11
10409.37196
 21
-6925.01
 31
0.0
  0
LINE
  5
1097
330
17
100
AcDbEntity
  8
baseplate
100
AcDbLine
 10
10409.37196
 20
-6925.01
 30
0.0
 11
10279.45464
 21
-7000.02
 31
0.0
  0
LINE
  5
1098
330
17
100
AcDbEntity
  8
baseplate
100
AcDbLine
 10
10279.45464
 20
-7000.02
 30
0.0
 11
10149.53732
 21
-6925.01
 31
0.0
  0
LINE
  5
1099
330
17
100
AcDbEntity
  8
baseplate
100
AcDbLine
 10
10149.53732
 20
-6925.01
 30
0.0
 11
10279.45464
 21
-6850.0
 31
0.0
  0
LINE
  5
109A
330
17
100
AcDbEntity
  8
baseplate
100
AcDbLine
 10
10279.45464
 20
-6860.0
 30
0.0
 11
10279.45464
 21
-6850.0
 31
0.0
  0
LINE
  5
109B
330
17
100
AcDbEntity
  8
baseplate
100
AcDbLine
 10
10409.37196
 20
-6935.01
 30
0.0
 11
10409.37196
 21
-6925.01
 31
0.0
  0
LINE
  5
109C
330
17
100
AcDbEntity
  8
baseplate
100
AcDbLine
 10
10279.45464
 20
-7010.02
 30
0.0
 11
10279.45464
 21
-7000.02
 31
0.0
  0
LINE
  5
109D
330
17
100
AcDbEntity
  8
baseplate
100
AcDbLine
 10
10149.53732
 20
-6935.01
 30
0.0
 11
10149.53732
 21
-6925.01
 31
0.0
  0
LINE
  5
109E
330
17
100
AcDbEntity
  8
baseplate
100
AcDbLine
 10
10279.45464
 20
-6842.0
 30
0.0
 11
10409.37196
 21
-6917.01
 31
0.0
  0
LINE
  5
109F
330
17
100
AcDbEntity
  8
baseplate
100
AcDbLine
 10
10409.37196
 20
-6917.01
 30
0.0
 11
10279.45464
 21
-6992.02
 31
0.0
  0
LINE
  5
10A0
330
17
100
AcDbEntity
  8
baseplate
100
AcDbLine
 10
10279.45464
 20
-6992.02
 30
0.0
 11
10149.53732
 21
-6917.01
 31
0.0
  0
LINE
  5
10A1
330
17
100
AcDbEntity
  8
baseplate
100
AcDbLine
 10
10149.53732
 20
-6917.01
 30
0.0
 11
10279.45464
 21
-6842.0
 31
0.0
  0
LINE
  5
10A2
330
17
100
AcDbEntity
  8
baseplate
100
AcDbLine
 10
10279.45464
 20
-6850.0
 30
0.0
 11
10279.45464
 21
-6842.0
 31
0.0
  0
LINE
  5
10A3
330
17
100
AcDbEntity
  8
baseplate
100
AcDbLine
 10
10409.37196
 20
-6925.01
 30
0.0
 11
10409.37196
 21
-6917.01
 31
0.0
  0
LINE
  5
10A4
330
17
100
AcDbEntity
  8
baseplate
100
AcDbLine
 10
10279.45464
 20
-7000.02
 30
0.0
 11
10279.45464
 21
-6992.02
 31
0.0
  0
LINE
  5
10A5
330
17
100
AcDbEntity
  8
baseplate
100
AcDbLine
 10
10149.53732
 20
-6925.01
 30
0.0
 11
10149.53732
 21
-6917.01
 31
0.0
  0
LINE
  5
10A6
330
17
100
AcDbEntity
  8
baseplate
100
AcDbLine
 10
9413.43732
 20
-7360.01
 30
0.0
 11
9543.354640000001
 21
-7435.02
 31
0.0
  0
LINE
  5
10A7
330
17
100
AcDbEntity
  8
baseplate
100
AcDbLine
 10
9543.354640000001
 20
-7435.02
 30
0.0
 11
9413.43732
 21
-7510.030000000001
 31
0.0
  0
LINE
  5
10A8
330
17
100
AcDbEntity
  8
baseplate
100
AcDbLine
 10
9413.43732
 20
-7510.030000000001
 30
0.0
 11
9283.52
 21
-7435.02
 31
0.0
  0
LINE
  5
10A9
330
17
100
AcDbEntity
  8
baseplate
100
AcDbLine
 10
9283.52
 20
-7435.02
 30
0.0
 11
9413.43732
 21
-7360.01
 31
0.0
  0
LINE
  5
10AA
330
17
100
AcDbEntity
  8
baseplate
100
AcDbLine
 10
9413.43732
 20
-7350.01
 30
0.0
 11
9543.354640000001
 21
-7425.02
 31
0.0
  0
LINE
  5
10AB
330
17
100
AcDbEntity
  8
baseplate
100
AcDbLine
 10
9543.354640000001
 20
-7425.02
 30
0.0
 11
9413.43732
 21
-7500.030000000001
 31
0.0
  0
LINE
  5
10AC
330
17
100
AcDbEntity
  8
baseplate
100
AcDbLine
 10
9413.43732
 20
-7500.030000000001
 30
0.0
 11
9283.52
 21
-7425.02
 31
0.0
  0
LINE
  5
10AD
330
17
100
AcDbEntity
  8
baseplate
100
AcDbLine
 10
9283.52
 20
-7425.02
 30
0.0
 11
9413.43732
 21
-7350.01
 31
0.0
  0
LINE
  5
10AE
330
17
100
AcDbEntity
  8
baseplate
100
AcDbLine
 10
9413.43732
 20
-7360.01
 30
0.0
 11
9413.43732
 21
-7350.01
 31
0.0
  0
LINE
  5
10AF
330
17
100
AcDbEntity
  8
baseplate
100
AcDbLine
 10
9543.354640000001
 20
-7435.02
 30
0.0
 11
9543.354640000001
 21
-7425.02
 31
0.0
  0
LINE
  5
10B0
330
17
100
AcDbEntity
  8
baseplate
100
AcDbLine
 10
9413.43732
 20
-7510.030000000001
 30
0.0
 11
9413.43732
 21
-7500.030000000001
 31
0.0
  0
LINE
  5
10B1
330
17
100
AcDbEntity
  8
baseplate
100
AcDbLine
 10
9283.52
 20
-7435.02
 30
0.0
 11
9283.52
 21
-7425.02
 31
0.0
  0
LINE
  5
10B2
330
17
100
AcDbEntity
  8
baseplate
100
AcDbLine
 10
9413.43732
 20
-7342.01
 30
0.0
 11
9543.354640000001
 21
-7417.02
 31
0.0
  0
LINE
  5
10B3
330
17
100
AcDbEntity
  8
baseplate
100
AcDbLine
 10
9543.354640000001
 20
-7417.02
 30
0.0
 11
9413.43732
 21
-7492.030000000001
 31
0.0
  0
LINE
  5
10B4
330
17
100
AcDbEntity
  8
baseplate
100
AcDbLine
 10
9413.43732
 20
-7492.030000000001
 30
0.0
 11
9283.52
 21
-7417.02
 31
0.0
  0
LINE
  5
10B5
330
17
100
AcDbEntity
  8
baseplate
100
AcDbLine
 10
9283.52
 20
-7417.02
 30
0.0
 11
9413.43732
 21
-7342.01
 31
0.0
  0
LINE
  5
10B6
330
17
100
AcDbEntity
  8
baseplate
100
AcDbLine
 10
9413.43732
 20
-7350.01
 30
0.0
 11
9413.43732
 21
-7342.01
 31
0.0
  0
LINE
  5
10B7
330
17
100
AcDbEntity
  8
baseplate
100
AcDbLine
 10
9543.354640000001
 20
-7425.02
 30
0.0
 11
9543.354640000001
 21
-7417.02
 31
0.0
  0
LINE
  5
10B8
330
17
100
AcDbEntity
  8
baseplate
100
AcDbLine
 10
9413.43732
 20
-7500.030000000001
 30
0.0
 11
9413.43732
 21
-7492.030000000001
 31
0.0
  0
LINE
  5
10B9
330
17
100
AcDbEntity
  8
baseplate
100
AcDbLine
 10
9283.52
 20
-7425.02
 30
0.0
 11
9283.52
 21
-7417.02
 31
0.0
  0
LINE
  5
10BA
330
17
100
AcDbEntity
  8
baseplate
100
AcDbLine
 10
8547.45464
 20
-7860.0
 30
0.0
 11
8677.37196
 21
-7935.01
 31
0.0
  0
LINE
  5
10BB
330
17
100
AcDbEntity
  8
baseplate
100
AcDbLine
 10
8677.37196
 20
-7935.01
 30
0.0
 11
8547.44598
 21
-8010.025000000001
 31
0.0
  0
LINE
  5
10BC
330
17
100
AcDbEntity
  8
baseplate
100
AcDbLine
 10
8547.44598
 20
-8010.025000000001
 30
0.0
 11
8417.52866
 21
-7935.015
 31
0.0
  0
LINE
  5
10BD
330
17
100
AcDbEntity
  8
baseplate
100
AcDbLine
 10
8417.52866
 20
-7935.015
 30
0.0
 11
8547.45464
 21
-7860.0
 31
0.0
  0
LINE
  5
10BE
330
17
100
AcDbEntity
  8
baseplate
100
AcDbLine
 10
8547.45464
 20
-7850.0
 30
0.0
 11
8677.37196
 21
-7925.01
 31
0.0
  0
LINE
  5
10BF
330
17
100
AcDbEntity
  8
baseplate
100
AcDbLine
 10
8677.37196
 20
-7925.01
 30
0.0
 11
8547.44598
 21
-8000.025000000001
 31
0.0
  0
LINE
  5
10C0
330
17
100
AcDbEntity
  8
baseplate
100
AcDbLine
 10
8547.44598
 20
-8000.025000000001
 30
0.0
 11
8417.52866
 21
-7925.015
 31
0.0
  0
LINE
  5
10C1
330
17
100
AcDbEntity
  8
baseplate
100
AcDbLine
 10
8417.52866
 20
-7925.015
 30
0.0
 11
8547.45464
 21
-7850.0
 31
0.0
  0
LINE
  5
10C2
330
17
100
AcDbEntity
  8
baseplate
100
AcDbLine
 10
8547.45464
 20
-7860.0
 30
0.0
 11
8547.45464
 21
-7850.0
 31
0.0
  0
LINE
  5
10C3
330
17
100
AcDbEntity
  8
baseplate
100
AcDbLine
 10
8677.37196
 20
-7935.01
 30
0.0
 11
8677.37196
 21
-7925.01
 31
0.0
  0
LINE
  5
10C4
330
17
100
AcDbEntity
  8
baseplate
100
AcDbLine
 10
8547.44598
 20
-8010.025000000001
 30
0.0
 11
8547.44598
 21
-8000.025000000001
 31
0.0
  0
LINE
  5
10C5
330
17
100
AcDbEntity
  8
baseplate
100
AcDbLine
 10
8417.52866
 20
-7935.015
 30
0.0
 11
8417.52866
 21
-7925.015
 31
0.0
  0
LINE
  5
10C6
330
17
100
AcDbEntity
  8
baseplate
100
AcDbLine
 10
8547.45464
 20
-7842.0
 30
0.0
 11
8677.37196
 21
-7917.01
 31
0.0
  0
LINE
  5
10C7
330
17
100
AcDbEntity
  8
baseplate
100
AcDbLine
 10
8677.37196
 20
-7917.01
 30
0.0
 11
8547.44598
 21
-7992.025000000001
 31
0.0
  0
LINE
  5
10C8
330
17
100
AcDbEntity
  8
baseplate
100
AcDbLine
 10
8547.44598
 20
-7992.025000000001
 30
0.0
 11
8417.52866
 21
-7917.015
 31
0.0
  0
LINE
  5
10C9
330
17
100
AcDbEntity
  8
baseplate
100
AcDbLine
 10
8417.52866
 20
-7917.015
 30
0.0
 11
8547.45464
 21
-7842.0
 31
0.0
  0
LINE
  5
10CA
330
17
100
AcDbEntity
  8
baseplate
100
AcDbLine
 10
8547.45464
 20
-7850.0
 30
0.0
 11
8547.45464
 21
-7842.0
 31
0.0
  0
LINE
  5
10CB
330
17
100
AcDbEntity
  8
baseplate
100
AcDbLine
 10
8677.37196
 20
-7925.01
 30
0.0
 11
8677.37196
 21
-7917.01
 31
0.0
  0
LINE
  5
10CC
330
17
100
AcDbEntity
  8
baseplate
100
AcDbLine
 10
8547.44598
 20
-8000.025000000001
 30
0.0
 11
8547.44598
 21
-7992.025000000001
 31
0.0
  0
LINE
  5
10CD
330
17
100
AcDbEntity
  8
baseplate
100
AcDbLine
 10
8417.52866
 20
-7925.015
 30
0.0
 11
8417.52866
 21
-7917.015
 31
0.0
  0
LINE
  5
10CE
330
17
100
AcDbEntity
  8
baseplate
100
AcDbLine
 10
7681.43732
 20
-8360.01
 30
0.0
 11
7811.3546400000005
 21
-8435.02
 31
0.0
  0
LINE
  5
10CF
330
17
100
AcDbEntity
  8
baseplate
100
AcDbLine
 10
7811.3546400000005
 20
-8435.02
 30
0.0
 11
7681.4286600000005
 21
-8510.035
 31
0.0
  0
LINE
  5
10D0
330
17
100
AcDbEntity
  8
baseplate
100
AcDbLine
 10
7681.4286600000005
 20
-8510.035
 30
0.0
 11
7551.51134
 21
-8435.025
 31
0.0
  0
LINE
  5
10D1
330
17
100
AcDbEntity
  8
baseplate
100
AcDbLine
 10
7551.51134
 20
-8435.025
 30
0.0
 11
7681.43732
 21
-8360.01
 31
0.0
  0
LINE
  5
10D2
330
17
100
AcDbEntity
  8
baseplate
100
AcDbLine
 10
7681.43732
 20
-8350.01
 30
0.0
 11
7811.3546400000005
 21
-8425.02
 31
0.0
  0
LINE
  5
10D3
330
17
100
AcDbEntity
  8
baseplate
100
AcDbLine
 10
7811.3546400000005
 20
-8425.02
 30
0.0
 11
7681.4286600000005
 21
-8500.035
 31
0.0
  0
LINE
  5
10D4
330
17
100
AcDbEntity
  8
baseplate
100
AcDbLine
 10
7681.4286600000005
 20
-8500.035
 30
0.0
 11
7551.51134
 21
-8425.025
 31
0.0
  0
LINE
  5
10D5
330
17
100
AcDbEntity
  8
baseplate
100
AcDbLine
 10
7551.51134
 20
-8425.025
 30
0.0
 11
7681.43732
 21
-8350.01
 31
0.0
  0
LINE
  5
10D6
330
17
100
AcDbEntity
  8
baseplate
100
AcDbLine
 10
7681.43732
 20
-8360.01
 30
0.0
 11
7681.43732
 21
-8350.01
 31
0.0
  0
LINE
  5
10D7
330
17
100
AcDbEntity
  8
baseplate
100
AcDbLine
 10
7811.3546400000005
 20
-8435.02
 30
0.0
 11
7811.3546400000005
 21
-8425.02
 31
0.0
  0
LINE
  5
10D8
330
17
100
AcDbEntity
  8
baseplate
100
AcDbLine
 10
7681.4286600000005
 20
-8510.035
 30
0.0
 11
7681.4286600000005
 21
-8500.035
 31
0.0
  0
LINE
  5
10D9
330
17
100
AcDbEntity
  8
baseplate
100
AcDbLine
 10
7551.51134
 20
-8435.025
 30
0.0
 11
7551.51134
 21
-8425.025
 31
0.0
  0
LINE
  5
10DA
330
17
100
AcDbEntity
  8
baseplate
100
AcDbLine
 10
7681.43732
 20
-8342.01
 30
0.0
 11
7811.3546400000005
 21
-8417.02
 31
0.0
  0
LINE
  5
10DB
330
17
100
AcDbEntity
  8
baseplate
100
AcDbLine
 10
7811.3546400000005
 20
-8417.02
 30
0.0
 11
7681.4286600000005
 21
-8492.035
 31
0.0
  0
LINE
  5
10DC
330
17
100
AcDbEntity
  8
baseplate
100
AcDbLine
 10
7681.4286600000005
 20
-8492.035
 30
0.0
 11
7551.51134
 21
-8417.025
 31
0.0
  0
LINE
  5
10DD
330
17
100
AcDbEntity
  8
baseplate
100
AcDbLine
 10
7551.51134
 20
-8417.025
 30
0.0
 11
7681.43732
 21
-8342.01
 31
0.0
  0
LINE
  5
10DE
330
17
100
AcDbEntity
  8
baseplate
100
AcDbLine
 10
7681.43732
 20
-8350.01
 30
0.0
 11
7681.43732
 21
-8342.01
 31
0.0
  0
LINE
  5
10DF
330
17
100
AcDbEntity
  8
baseplate
100
AcDbLine
 10
7811.3546400000005
 20
-8425.02
 30
0.0
 11
7811.3546400000005
 21
-8417.02
 31
0.0
  0
LINE
  5
10E0
330
17
100
AcDbEntity
  8
baseplate
100
AcDbLine
 10
7681.4286600000005
 20
-8500.035
 30
0.0
 11
7681.4286600000005
 21
-8492.035
 31
0.0
  0
LINE
  5
10E1
330
17
100
AcDbEntity
  8
baseplate
100
AcDbLine
 10
7551.51134
 20
-8425.025
 30
0.0
 11
7551.51134
 21
-8417.025
 31
0.0
  0
LINE
  5
10E2
330
17
100
AcDbEntity
  8
baseplate
100
AcDbLine
 10
3334.1173200000003
 20
-6850.0
 30
0.0
 11
3464.0346400000008
 21
-6925.01
 31
0.0
  0
LINE
  5
10E3
330
17
100
AcDbEntity
  8
baseplate
100
AcDbLine
 10
3464.0346400000008
 20
-6925.01
 30
0.0
 11
3334.1173200000003
 21
-7000.02
 31
0.0
  0
LINE
  5
10E4
330
17
100
AcDbEntity
  8
baseplate
100
AcDbLine
 10
3334.1173200000003
 20
-7000.02
 30
0.0
 11
3204.2
 21
-6925.01
 31
0.0
  0
LINE
  5
10E5
330
17
100
AcDbEntity
  8
baseplate
100
AcDbLine
 10
3204.2
 20
-6925.01
 30
0.0
 11
3334.1173200000003
 21
-6850.0
 31
0.0
  0
LINE
  5
10E6
330
17
100
AcDbEntity
  8
baseplate
100
AcDbLine
 10
3334.1173200000003
 20
-6840.0
 30
0.0
 11
3464.0346400000008
 21
-6915.01
 31
0.0
  0
LINE
  5
10E7
330
17
100
AcDbEntity
  8
baseplate
100
AcDbLine
 10
3464.0346400000008
 20
-6915.01
 30
0.0
 11
3334.1173200000003
 21
-6990.02
 31
0.0
  0
LINE
  5
10E8
330
17
100
AcDbEntity
  8
baseplate
100
AcDbLine
 10
3334.1173200000003
 20
-6990.02
 30
0.0
 11
3204.2
 21
-6915.01
 31
0.0
  0
LINE
  5
10E9
330
17
100
AcDbEntity
  8
baseplate
100
AcDbLine
 10
3204.2
 20
-6915.01
 30
0.0
 11
3334.1173200000003
 21
-6840.0
 31
0.0
  0
LINE
  5
10EA
330
17
100
AcDbEntity
  8
baseplate
100
AcDbLine
 10
3334.1173200000003
 20
-6850.0
 30
0.0
 11
3334.1173200000003
 21
-6840.0
 31
0.0
  0
LINE
  5
10EB
330
17
100
AcDbEntity
  8
baseplate
100
AcDbLine
 10
3464.0346400000008
 20
-6925.01
 30
0.0
 11
3464.0346400000008
 21
-6915.01
 31
0.0
  0
LINE
  5
10EC
330
17
100
AcDbEntity
  8
baseplate
100
AcDbLine
 10
3334.1173200000003
 20
-7000.02
 30
0.0
 11
3334.1173200000003
 21
-6990.02
 31
0.0
  0
LINE
  5
10ED
330
17
100
AcDbEntity
  8
baseplate
100
AcDbLine
 10
3204.2
 20
-6925.01
 30
0.0
 11
3204.2
 21
-6915.01
 31
0.0
  0
LINE
  5
10EE
330
17
100
AcDbEntity
  8
baseplate
100
AcDbLine
 10
3334.1173200000003
 20
-6832.0
 30
0.0
 11
3464.0346400000008
 21
-6907.01
 31
0.0
  0
LINE
  5
10EF
330
17
100
AcDbEntity
  8
baseplate
100
AcDbLine
 10
3464.0346400000008
 20
-6907.01
 30
0.0
 11
3334.1173200000003
 21
-6982.02
 31
0.0
  0
LINE
  5
10F0
330
17
100
AcDbEntity
  8
baseplate
100
AcDbLine
 10
3334.1173200000003
 20
-6982.02
 30
0.0
 11
3204.2
 21
-6907.01
 31
0.0
  0
LINE
  5
10F1
330
17
100
AcDbEntity
  8
baseplate
100
AcDbLine
 10
3204.2
 20
-6907.01
 30
0.0
 11
3334.1173200000003
 21
-6832.0
 31
0.0
  0
LINE
  5
10F2
330
17
100
AcDbEntity
  8
baseplate
100
AcDbLine
 10
3334.1173200000003
 20
-6840.0
 30
0.0
 11
3334.1173200000003
 21
-6832.0
 31
0.0
  0
LINE
  5
10F3
330
17
100
AcDbEntity
  8
baseplate
100
AcDbLine
 10
3464.0346400000008
 20
-6915.01
 30
0.0
 11
3464.0346400000008
 21
-6907.01
 31
0.0
  0
LINE
  5
10F4
330
17
100
AcDbEntity
  8
baseplate
100
AcDbLine
 10
3334.1173200000003
 20
-6990.02
 30
0.0
 11
3334.1173200000003
 21
-6982.02
 31
0.0
  0
LINE
  5
10F5
330
17
100
AcDbEntity
  8
baseplate
100
AcDbLine
 10
3204.2
 20
-6915.01
 30
0.0
 11
3204.2
 21
-6907.01
 31
0.0
  0
LINE
  5
10F6
330
17
100
AcDbEntity
  8
dek
100
AcDbLine
 10
-0.0
 20
495.99
 30
0.0
 11
4200.13464
 21
-1929.03
 31
0.0
  0
LINE
  5
10F7
330
17
100
AcDbEntity
  8
dek
100
AcDbLine
 10
4200.13464
 20
-1929.03
 30
0.0
 11
3334.1433
 21
-2429.0249999999996
 31
0.0
  0
LINE
  5
10F8
330
17
100
AcDbEntity
  8
dek
100
AcDbLine
 10
3334.1433
 20
-2429.0249999999996
 30
0.0
 11
-865.99134
 21
-4.0049999999999955
 31
0.0
  0
LINE
  5
10F9
330
17
100
AcDbEntity
  8
dek
100
AcDbLine
 10
-865.99134
 20
-4.0049999999999955
 30
0.0
 11
-0.0
 21
495.99
 31
0.0
  0
LINE
  5
10FA
330
17
100
AcDbEntity
  8
dek
100
AcDbLine
 10
-0.0
 20
499.99
 30
0.0
 11
4200.13464
 21
-1925.03
 31
0.0
  0
LINE
  5
10FB
330
17
100
AcDbEntity
  8
dek
100
AcDbLine
 10
4200.13464
 20
-1925.03
 30
0.0
 11
3334.1433
 21
-2425.0249999999996
 31
0.0
  0
LINE
  5
10FC
330
17
100
AcDbEntity
  8
dek
100
AcDbLine
 10
3334.1433
 20
-2425.0249999999996
 30
0.0
 11
-865.99134
 21
-0.0049999999999954525
 31
0.0
  0
LINE
  5
10FD
330
17
100
AcDbEntity
  8
dek
100
AcDbLine
 10
-865.99134
 20
-0.0049999999999954525
 30
0.0
 11
-0.0
 21
499.99
 31
0.0
  0
LINE
  5
10FE
330
17
100
AcDbEntity
  8
dek
100
AcDbLine
 10
-0.0
 20
495.99
 30
0.0
 11
-0.0
 21
499.99
 31
0.0
  0
LINE
  5
10FF
330
17
100
AcDbEntity
  8
dek
100
AcDbLine
 10
4200.13464
 20
-1929.03
 30
0.0
 11
4200.13464
 21
-1925.03
 31
0.0
  0
LINE
  5
1100
330
17
100
AcDbEntity
  8
dek
100
AcDbLine
 10
3334.1433
 20
-2429.0249999999996
 30
0.0
 11
3334.1433
 21
-2425.0249999999996
 31
0.0
  0
LINE
  5
1101
330
17
100
AcDbEntity
  8
dek
100
AcDbLine
 10
-865.99134
 20
-4.0049999999999955
 30
0.0
 11
-865.99134
 21
-0.0049999999999954525
 31
0.0
  0
LINE
  5
1102
330
17
100
AcDbEntity
  8
dek
100
AcDbLine
 10
5932.16928
 20
-2929.05
 30
0.0
 11
10608.551959999999
 21
-5629.04
 31
0.0
  0
LINE
  5
1103
330
17
100
AcDbEntity
  8
dek
100
AcDbLine
 10
10608.551959999999
 20
-5629.04
 30
0.0
 11
9742.56062
 21
-6129.035
 31
0.0
  0
LINE
  5
1104
330
17
100
AcDbEntity
  8
dek
100
AcDbLine
 10
9742.56062
 20
-6129.035
 30
0.0
 11
5066.1779400000005
 21
-3429.045
 31
0.0
  0
LINE
  5
1105
330
17
100
AcDbEntity
  8
dek
100
AcDbLine
 10
5066.1779400000005
 20
-3429.045
 30
0.0
 11
5932.16928
 21
-2929.05
 31
0.0
  0
LINE
  5
1106
330
17
100
AcDbEntity
  8
dek
100
AcDbLine
 10
5932.16928
 20
-2925.05
 30
0.0
 11
10608.551959999999
 21
-5625.04
 31
0.0
  0
LINE
  5
1107
330
17
100
AcDbEntity
  8
dek
100
AcDbLine
 10
10608.551959999999
 20
-5625.04
 30
0.0
 11
9742.56062
 21
-6125.035
 31
0.0
  0
LINE
  5
1108
330
17
100
AcDbEntity
  8
dek
100
AcDbLine
 10
9742.56062
 20
-6125.035
 30
0.0
 11
5066.1779400000005
 21
-3425.045
 31
0.0
  0
LINE
  5
1109
330
17
100
AcDbEntity
  8
dek
100
AcDbLine
 10
5066.1779400000005
 20
-3425.045
 30
0.0
 11
5932.16928
 21
-2925.05
 31
0.0
  0
LINE
  5
110A
330
17
100
AcDbEntity
  8
dek
100
AcDbLine
 10
5932.16928
 20
-2929.05
 30
0.0
 11
5932.16928
 21
-2925.05
 31
0.0
  0
LINE
  5
110B
330
17
100
AcDbEntity
  8
dek
100
AcDbLine
 10
10608.551959999999
 20
-5629.04
 30
0.0
 11
10608.551959999999
 21
-5625.04
 31
0.0
  0
LINE
  5
110C
330
17
100
AcDbEntity
  8
dek
100
AcDbLine
 10
9742.56062
 20
-6129.035
 30
0.0
 11
9742.56062
 21
-6125.035
 31
0.0
  0
LINE
  5
110D
330
17
100
AcDbEntity
  8
dek
100
AcDbLine
 10
5066.1779400000005
 20
-3429.045
 30
0.0
 11
5066.1779400000005
 21
-3425.045
 31
0.0
  0
LINE
  5
110E
330
17
100
AcDbEntity
  8
dek
100
AcDbLine
 10
11128.15196
 20
-5929.04
 30
0.0
 11
15328.208659999998
 21
-8354.015
 31
0.0
  0
LINE
  5
110F
330
17
100
AcDbEntity
  8
dek
100
AcDbLine
 10
15328.208659999998
 20
-8354.015
 30
0.0
 11
14462.217319999998
 21
-8854.01
 31
0.0
  0
LINE
  5
1110
330
17
100
AcDbEntity
  8
dek
100
AcDbLine
 10
14462.217319999998
 20
-8854.01
 30
0.0
 11
10262.160619999999
 21
-6429.035
 31
0.0
  0
LINE
  5
1111
330
17
100
AcDbEntity
  8
dek
100
AcDbLine
 10
10262.160619999999
 20
-6429.035
 30
0.0
 11
11128.15196
 21
-5929.04
 31
0.0
  0
LINE
  5
1112
330
17
100
AcDbEntity
  8
dek
100
AcDbLine
 10
11128.15196
 20
-5925.04
 30
0.0
 11
15328.208659999998
 21
-8350.015
 31
0.0
  0
LINE
  5
1113
330
17
100
AcDbEntity
  8
dek
100
AcDbLine
 10
15328.208659999998
 20
-8350.015
 30
0.0
 11
14462.217319999998
 21
-8850.01
 31
0.0
  0
LINE
  5
1114
330
17
100
AcDbEntity
  8
dek
100
AcDbLine
 10
14462.217319999998
 20
-8850.01
 30
0.0
 11
10262.160619999999
 21
-6425.035
 31
0.0
  0
LINE
  5
1115
330
17
100
AcDbEntity
  8
dek
100
AcDbLine
 10
10262.160619999999
 20
-6425.035
 30
0.0
 11
11128.15196
 21
-5925.04
 31
0.0
  0
LINE
  5
1116
330
17
100
AcDbEntity
  8
dek
100
AcDbLine
 10
11128.15196
 20
-5929.04
 30
0.0
 11
11128.15196
 21
-5925.04
 31
0.0
  0
LINE
  5
1117
330
17
100
AcDbEntity
  8
dek
100
AcDbLine
 10
15328.208659999998
 20
-8354.015
 30
0.0
 11
15328.208659999998
 21
-8350.015
 31
0.0
  0
LINE
  5
1118
330
17
100
AcDbEntity
  8
dek
100
AcDbLine
 10
14462.217319999998
 20
-8854.01
 30
0.0
 11
14462.217319999998
 21
-8850.01
 31
0.0
  0
LINE
  5
1119
330
17
100
AcDbEntity
  8
dek
100
AcDbLine
 10
10262.160619999999
 20
-6429.035
 30
0.0
 11
10262.160619999999
 21
-6425.035
 31
0.0
  0
LINE
  5
111A
330
17
100
AcDbEntity
  8
dek
100
AcDbLine
 10
-865.99134
 20
495.995
 30
0.0
 11
3334.1433
 21
-1929.0249999999999
 31
0.0
  0
LINE
  5
111B
330
17
100
AcDbEntity
  8
dek
100
AcDbLine
 10
3334.1433
 20
-1929.0249999999999
 30
0.0
 11
2468.15196
 21
-2429.0200000000004
 31
0.0
  0
LINE
  5
111C
330
17
100
AcDbEntity
  8
dek
100
AcDbLine
 10
2468.15196
 20
-2429.0200000000004
 30
0.0
 11
-1731.98268
 21
-4.0
 31
0.0
  0
LINE
  5
111D
330
17
100
AcDbEntity
  8
dek
100
AcDbLine
 10
-1731.98268
 20
-4.0
 30
0.0
 11
-865.99134
 21
495.995
 31
0.0
  0
LINE
  5
111E
330
17
100
AcDbEntity
  8
dek
100
AcDbLine
 10
-865.99134
 20
499.995
 30
0.0
 11
3334.1433
 21
-1925.0249999999999
 31
0.0
  0
LINE
  5
111F
330
17
100
AcDbEntity
  8
dek
100
AcDbLine
 10
3334.1433
 20
-1925.0249999999999
 30
0.0
 11
2468.15196
 21
-2425.0200000000004
 31
0.0
  0
LINE
  5
1120
330
17
100
AcDbEntity
  8
dek
100
AcDbLine
 10
2468.15196
 20
-2425.0200000000004
 30
0.0
 11
-1731.98268
 21
0.0
 31
0.0
  0
LINE
  5
1121
330
17
100
AcDbEntity
  8
dek
100
AcDbLine
 10
-1731.98268
 20
0.0
 30
0.0
 11
-865.99134
 21
499.995
 31
0.0
  0
LINE
  5
1122
330
17
100
AcDbEntity
  8
dek
100
AcDbLine
 10
-865.99134
 20
495.995
 30
0.0
 11
-865.99134
 21
499.995
 31
0.0
  0
LINE
  5
1123
330
17
100
AcDbEntity
  8
dek
100
AcDbLine
 10
3334.1433
 20
-1929.0249999999999
 30
0.0
 11
3334.1433
 21
-1925.0249999999999
 31
0.0
  0
LINE
  5
1124
330
17
100
AcDbEntity
  8
dek
100
AcDbLine
 10
2468.15196
 20
-2429.0200000000004
 30
0.0
 11
2468.15196
 21
-2425.0200000000004
 31
0.0
  0
LINE
  5
1125
330
17
100
AcDbEntity
  8
dek
100
AcDbLine
 10
-1731.98268
 20
-4.0
 30
0.0
 11
-1731.98268
 21
0.0
 31
0.0
  0
LINE
  5
1126
330
17
100
AcDbEntity
  8
dek
100
AcDbLine
 10
5066.1779400000005
 20
-2929.045
 30
0.0
 11
9742.56062
 21
-5629.035
 31
0.0
  0
LINE
  5
1127
330
17
100
AcDbEntity
  8
dek
100
AcDbLine
 10
9742.56062
 20
-5629.035
 30
0.0
 11
8876.56928
 21
-6129.03
 31
0.0
  0
LINE
  5
1128
330
17
100
AcDbEntity
  8
dek
100
AcDbLine
 10
8876.56928
 20
-6129.03
 30
0.0
 11
4200.1866
 21
-3429.04
 31
0.0
  0
LINE
  5
1129
330
17
100
AcDbEntity
  8
dek
100
AcDbLine
 10
4200.1866
 20
-3429.04
 30
0.0
 11
5066.1779400000005
 21
-2929.045
 31
0.0
  0
LINE
  5
112A
330
17
100
AcDbEntity
  8
dek
100
AcDbLine
 10
5066.1779400000005
 20
-2925.045
 30
0.0
 11
9742.56062
 21
-5625.035
 31
0.0
  0
LINE
  5
112B
330
17
100
AcDbEntity
  8
dek
100
AcDbLine
 10
9742.56062
 20
-5625.035
 30
0.0
 11
8876.56928
 21
-6125.03
 31
0.0
  0
LINE
  5
112C
330
17
100
AcDbEntity
  8
dek
100
AcDbLine
 10
8876.56928
 20
-6125.03
 30
0.0
 11
4200.1866
 21
-3425.04
 31
0.0
  0
LINE
  5
112D
330
17
100
AcDbEntity
  8
dek
100
AcDbLine
 10
4200.1866
 20
-3425.04
 30
0.0
 11
5066.1779400000005
 21
-2925.045
 31
0.0
  0
LINE
  5
112E
330
17
100
AcDbEntity
  8
dek
100
AcDbLine
 10
5066.1779400000005
 20
-2929.045
 30
0.0
 11
5066.1779400000005
 21
-2925.045
 31
0.0
  0
LINE
  5
112F
330
17
100
AcDbEntity
  8
dek
100
AcDbLine
 10
9742.56062
 20
-5629.035
 30
0.0
 11
9742.56062
 21
-5625.035
 31
0.0
  0
LINE
  5
1130
330
17
100
AcDbEntity
  8
dek
100
AcDbLine
 10
8876.56928
 20
-6129.03
 30
0.0
 11
8876.56928
 21
-6125.03
 31
0.0
  0
LINE
  5
1131
330
17
100
AcDbEntity
  8
dek
100
AcDbLine
 10
4200.1866
 20
-3429.04
 30
0.0
 11
4200.1866
 21
-3425.04
 31
0.0
  0
LINE
  5
1132
330
17
100
AcDbEntity
  8
dek
100
AcDbLine
 10
10262.160619999999
 20
-5929.035
 30
0.0
 11
14462.217319999998
 21
-8354.01
 31
0.0
  0
LINE
  5
1133
330
17
100
AcDbEntity
  8
dek
100
AcDbLine
 10
14462.217319999998
 20
-8354.01
 30
0.0
 11
13596.22598
 21
-8854.005
 31
0.0
  0
LINE
  5
1134
330
17
100
AcDbEntity
  8
dek
100
AcDbLine
 10
13596.22598
 20
-8854.005
 30
0.0
 11
9396.16928
 21
-6429.03
 31
0.0
  0
LINE
  5
1135
330
17
100
AcDbEntity
  8
dek
100
AcDbLine
 10
9396.16928
 20
-6429.03
 30
0.0
 11
10262.160619999999
 21
-5929.035
 31
0.0
  0
LINE
  5
1136
330
17
100
AcDbEntity
  8
dek
100
AcDbLine
 10
10262.160619999999
 20
-5925.035
 30
0.0
 11
14462.217319999998
 21
-8350.01
 31
0.0
  0
LINE
  5
1137
330
17
100
AcDbEntity
  8
dek
100
AcDbLine
 10
14462.217319999998
 20
-8350.01
 30
0.0
 11
13596.22598
 21
-8850.005
 31
0.0
  0
LINE
  5
1138
330
17
100
AcDbEntity
  8
dek
100
AcDbLine
 10
13596.22598
 20
-8850.005
 30
0.0
 11
9396.16928
 21
-6425.03
 31
0.0
  0
LINE
  5
1139
330
17
100
AcDbEntity
  8
dek
100
AcDbLine
 10
9396.16928
 20
-6425.03
 30
0.0
 11
10262.160619999999
 21
-5925.035
 31
0.0
  0
LINE
  5
113A
330
17
100
AcDbEntity
  8
dek
100
AcDbLine
 10
10262.160619999999
 20
-5929.035
 30
0.0
 11
10262.160619999999
 21
-5925.035
 31
0.0
  0
LINE
  5
113B
330
17
100
AcDbEntity
  8
dek
100
AcDbLine
 10
14462.217319999998
 20
-8354.01
 30
0.0
 11
14462.217319999998
 21
-8350.01
 31
0.0
  0
LINE
  5
113C
330
17
100
AcDbEntity
  8
dek
100
AcDbLine
 10
13596.22598
 20
-8854.005
 30
0.0
 11
13596.22598
 21
-8850.005
 31
0.0
  0
LINE
  5
113D
330
17
100
AcDbEntity
  8
dek
100
AcDbLine
 10
9396.16928
 20
-6429.03
 30
0.0
 11
9396.16928
 21
-6425.03
 31
0.0
  0
LINE
  5
113E
330
17
100
AcDbEntity
  8
dek
100
AcDbLine
 10
-3464.00866
 20
495.9949999999999
 30
0.0
 11
736.1259799999998
 21
-1929.0249999999996
 31
0.0
  0
LINE
  5
113F
330
17
100
AcDbEntity
  8
dek
100
AcDbLine
 10
736.1259799999998
 20
-1929.0249999999996
 30
0.0
 11
-129.86536000000004
 21
-2429.0200000000004
 31
0.0
  0
LINE
  5
1140
330
17
100
AcDbEntity
  8
dek
100
AcDbLine
 10
-129.86536000000004
 20
-2429.0200000000004
 30
0.0
 11
-4330.0
 21
-4.0
 31
0.0
  0
LINE
  5
1141
330
17
100
AcDbEntity
  8
dek
100
AcDbLine
 10
-4330.0
 20
-4.0
 30
0.0
 11
-3464.00866
 21
495.9949999999999
 31
0.0
  0
LINE
  5
1142
330
17
100
AcDbEntity
  8
dek
100
AcDbLine
 10
-3464.00866
 20
499.9949999999999
 30
0.0
 11
736.1259799999998
 21
-1925.0249999999996
 31
0.0
  0
LINE
  5
1143
330
17
100
AcDbEntity
  8
dek
100
AcDbLine
 10
736.1259799999998
 20
-1925.0249999999996
 30
0.0
 11
-129.86536000000004
 21
-2425.0200000000004
 31
0.0
  0
LINE
  5
1144
330
17
100
AcDbEntity
  8
dek
100
AcDbLine
 10
-129.86536000000004
 20
-2425.0200000000004
 30
0.0
 11
-4330.0
 21
0.0
 31
0.0
  0
LINE
  5
1145
330
17
100
AcDbEntity
  8
dek
100
AcDbLine
 10
-4330.0
 20
0.0
 30
0.0
 11
-3464.00866
 21
499.9949999999999
 31
0.0
  0
LINE
  5
1146
330
17
100
AcDbEntity
  8
dek
100
AcDbLine
 10
-3464.00866
 20
495.9949999999999
 30
0.0
 11
-3464.00866
 21
499.9949999999999
 31
0.0
  0
LINE
  5
1147
330
17
100
AcDbEntity
  8
dek
100
AcDbLine
 10
736.1259799999998
 20
-1929.0249999999996
 30
0.0
 11
736.1259799999998
 21
-1925.0249999999996
 31
0.0
  0
LINE
  5
1148
330
17
100
AcDbEntity
  8
dek
100
AcDbLine
 10
-129.86536000000004
 20
-2429.0200000000004
 30
0.0
 11
-129.86536000000004
 21
-2425.0200000000004
 31
0.0
  0
LINE
  5
1149
330
17
100
AcDbEntity
  8
dek
100
AcDbLine
 10
2468.1606199999997
 20
-2929.045
 30
0.0
 11
7144.543299999999
 21
-5629.035
 31
0.0
  0
LINE
  5
114A
330
17
100
AcDbEntity
  8
dek
100
AcDbLine
 10
7144.543299999999
 20
-5629.035
 30
0.0
 11
6278.55196
 21
-6129.029999999999
 31
0.0
  0
LINE
  5
114B
330
17
100
AcDbEntity
  8
dek
100
AcDbLine
 10
6278.55196
 20
-6129.029999999999
 30
0.0
 11
1602.1692799999998
 21
-3429.04
 31
0.0
  0
LINE
  5
114C
330
17
100
AcDbEntity
  8
dek
100
AcDbLine
 10
1602.1692799999998
 20
-3429.04
 30
0.0
 11
2468.1606199999997
 21
-2929.045
 31
0.0
  0
LINE
  5
114D
330
17
100
AcDbEntity
  8
dek
100
AcDbLine
 10
2468.1606199999997
 20
-2925.045
 30
0.0
 11
7144.543299999999
 21
-5625.035
 31
0.0
  0
LINE
  5
114E
330
17
100
AcDbEntity
  8
dek
100
AcDbLine
 10
7144.543299999999
 20
-5625.035
 30
0.0
 11
6278.55196
 21
-6125.029999999999
 31
0.0
  0
LINE
  5
114F
330
17
100
AcDbEntity
  8
dek
100
AcDbLine
 10
6278.55196
 20
-6125.029999999999
 30
0.0
 11
1602.1692799999998
 21
-3425.04
 31
0.0
  0
LINE
  5
1150
330
17
100
AcDbEntity
  8
dek
100
AcDbLine
 10
1602.1692799999998
 20
-3425.04
 30
0.0
 11
2468.1606199999997
 21
-2925.045
 31
0.0
  0
LINE
  5
1151
330
17
100
AcDbEntity
  8
dek
100
AcDbLine
 10
2468.1606199999997
 20
-2929.045
 30
0.0
 11
2468.1606199999997
 21
-2925.045
 31
0.0
  0
LINE
  5
1152
330
17
100
AcDbEntity
  8
dek
100
AcDbLine
 10
7144.543299999999
 20
-5629.035
 30
0.0
 11
7144.543299999999
 21
-5625.035
 31
0.0
  0
LINE
  5
1153
330
17
100
AcDbEntity
  8
dek
100
AcDbLine
 10
6278.55196
 20
-6129.029999999999
 30
0.0
 11
6278.55196
 21
-6125.029999999999
 31
0.0
  0
LINE
  5
1154
330
17
100
AcDbEntity
  8
dek
100
AcDbLine
 10
1602.1692799999998
 20
-3429.04
 30
0.0
 11
1602.1692799999998
 21
-3425.04
 31
0.0
  0
LINE
  5
1155
330
17
100
AcDbEntity
  8
dek
100
AcDbLine
 10
7664.1433
 20
-5929.035
 30
0.0
 11
11864.199999999999
 21
-8354.009999999998
 31
0.0
  0
LINE
  5
1156
330
17
100
AcDbEntity
  8
dek
100
AcDbLine
 10
11864.199999999999
 20
-8354.009999999998
 30
0.0
 11
10998.208659999998
 21
-8854.005
 31
0.0
  0
LINE
  5
1157
330
17
100
AcDbEntity
  8
dek
100
AcDbLine
 10
10998.208659999998
 20
-8854.005
 30
0.0
 11
6798.151959999999
 21
-6429.029999999999
 31
0.0
  0
LINE
  5
1158
330
17
100
AcDbEntity
  8
dek
100
AcDbLine
 10
6798.151959999999
 20
-6429.029999999999
 30
0.0
 11
7664.1433
 21
-5929.035
 31
0.0
  0
LINE
  5
1159
330
17
100
AcDbEntity
  8
dek
100
AcDbLine
 10
7664.1433
 20
-5925.035
 30
0.0
 11
11864.199999999999
 21
-8350.009999999998
 31
0.0
  0
LINE
  5
115A
330
17
100
AcDbEntity
  8
dek
100
AcDbLine
 10
11864.199999999999
 20
-8350.009999999998
 30
0.0
 11
10998.208659999998
 21
-8850.005
 31
0.0
  0
LINE
  5
115B
330
17
100
AcDbEntity
  8
dek
100
AcDbLine
 10
10998.208659999998
 20
-8850.005
 30
0.0
 11
6798.151959999999
 21
-6425.029999999999
 31
0.0
  0
LINE
  5
115C
330
17
100
AcDbEntity
  8
dek
100
AcDbLine
 10
6798.151959999999
 20
-6425.029999999999
 30
0.0
 11
7664.1433
 21
-5925.035
 31
0.0
  0
LINE
  5
115D
330
17
100
AcDbEntity
  8
dek
100
AcDbLine
 10
7664.1433
 20
-5929.035
 30
0.0
 11
7664.1433
 21
-5925.035
 31
0.0
  0
LINE
  5
115E
330
17
100
AcDbEntity
  8
dek
100
AcDbLine
 10
11864.199999999999
 20
-8354.009999999998
 30
0.0
 11
11864.199999999999
 21
-8350.009999999998
 31
0.0
  0
LINE
  5
115F
330
17
100
AcDbEntity
  8
dek
100
AcDbLine
 10
6798.151959999999
 20
-6429.029999999999
 30
0.0
 11
6798.151959999999
 21
-6425.029999999999
 31
0.0
  0
LINE
  5
1160
330
17
100
AcDbEntity
  8
dek
100
AcDbLine
 10
-1732.00866
 20
496.005
 30
0.0
 11
2468.12598
 21
-1929.015
 31
0.0
  0
LINE
  5
1161
330
17
100
AcDbEntity
  8
dek
100
AcDbLine
 10
2468.12598
 20
-1929.015
 30
0.0
 11
1602.13464
 21
-2429.01
 31
0.0
  0
LINE
  5
1162
330
17
100
AcDbEntity
  8
dek
100
AcDbLine
 10
1602.13464
 20
-2429.01
 30
0.0
 11
-2598.0
 21
-3.990000000000009
 31
0.0
  0
LINE
  5
1163
330
17
100
AcDbEntity
  8
dek
100
AcDbLine
 10
-2598.0
 20
-3.990000000000009
 30
0.0
 11
-1732.00866
 21
496.005
 31
0.0
  0
LINE
  5
1164
330
17
100
AcDbEntity
  8
dek
100
AcDbLine
 10
-1732.00866
 20
500.005
 30
0.0
 11
2468.12598
 21
-1925.015
 31
0.0
  0
LINE
  5
1165
330
17
100
AcDbEntity
  8
dek
100
AcDbLine
 10
2468.12598
 20
-1925.015
 30
0.0
 11
1602.13464
 21
-2425.01
 31
0.0
  0
LINE
  5
1166
330
17
100
AcDbEntity
  8
dek
100
AcDbLine
 10
1602.13464
 20
-2425.01
 30
0.0
 11
-2598.0
 21
0.009999999999990905
 31
0.0
  0
LINE
  5
1167
330
17
100
AcDbEntity
  8
dek
100
AcDbLine
 10
-2598.0
 20
0.009999999999990905
 30
0.0
 11
-1732.00866
 21
500.005
 31
0.0
  0
LINE
  5
1168
330
17
100
AcDbEntity
  8
dek
100
AcDbLine
 10
-1732.00866
 20
496.005
 30
0.0
 11
-1732.00866
 21
500.005
 31
0.0
  0
LINE
  5
1169
330
17
100
AcDbEntity
  8
dek
100
AcDbLine
 10
2468.12598
 20
-1929.015
 30
0.0
 11
2468.12598
 21
-1925.015
 31
0.0
  0
LINE
  5
116A
330
17
100
AcDbEntity
  8
dek
100
AcDbLine
 10
1602.13464
 20
-2429.01
 30
0.0
 11
1602.13464
 21
-2425.01
 31
0.0
  0
LINE
  5
116B
330
17
100
AcDbEntity
  8
dek
100
AcDbLine
 10
-2598.0
 20
-3.990000000000009
 30
0.0
 11
-2598.0
 21
0.009999999999990905
 31
0.0
  0
LINE
  5
116C
330
17
100
AcDbEntity
  8
dek
100
AcDbLine
 10
4200.16062
 20
-2929.035
 30
0.0
 11
8876.5433
 21
-5629.025
 31
0.0
  0
LINE
  5
116D
330
17
100
AcDbEntity
  8
dek
100
AcDbLine
 10
8876.5433
 20
-5629.025
 30
0.0
 11
8010.55196
 21
-6129.0199999999995
 31
0.0
  0
LINE
  5
116E
330
17
100
AcDbEntity
  8
dek
100
AcDbLine
 10
8010.55196
 20
-6129.0199999999995
 30
0.0
 11
3334.16928
 21
-3429.0299999999997
 31
0.0
  0
LINE
  5
116F
330
17
100
AcDbEntity
  8
dek
100
AcDbLine
 10
3334.16928
 20
-3429.0299999999997
 30
0.0
 11
4200.16062
 21
-2929.035
 31
0.0
  0
LINE
  5
1170
330
17
100
AcDbEntity
  8
dek
100
AcDbLine
 10
4200.16062
 20
-2925.035
 30
0.0
 11
8876.5433
 21
-5625.025
 31
0.0
  0
LINE
  5
1171
330
17
100
AcDbEntity
  8
dek
100
AcDbLine
 10
8876.5433
 20
-5625.025
 30
0.0
 11
8010.55196
 21
-6125.0199999999995
 31
0.0
  0
LINE
  5
1172
330
17
100
AcDbEntity
  8
dek
100
AcDbLine
 10
8010.55196
 20
-6125.0199999999995
 30
0.0
 11
3334.16928
 21
-3425.0299999999997
 31
0.0
  0
LINE
  5
1173
330
17
100
AcDbEntity
  8
dek
100
AcDbLine
 10
3334.16928
 20
-3425.0299999999997
 30
0.0
 11
4200.16062
 21
-2925.035
 31
0.0
  0
LINE
  5
1174
330
17
100
AcDbEntity
  8
dek
100
AcDbLine
 10
4200.16062
 20
-2929.035
 30
0.0
 11
4200.16062
 21
-2925.035
 31
0.0
  0
LINE
  5
1175
330
17
100
AcDbEntity
  8
dek
100
AcDbLine
 10
8876.5433
 20
-5629.025
 30
0.0
 11
8876.5433
 21
-5625.025
 31
0.0
  0
LINE
  5
1176
330
17
100
AcDbEntity
  8
dek
100
AcDbLine
 10
8010.55196
 20
-6129.0199999999995
 30
0.0
 11
8010.55196
 21
-6125.0199999999995
 31
0.0
  0
LINE
  5
1177
330
17
100
AcDbEntity
  8
dek
100
AcDbLine
 10
3334.16928
 20
-3429.0299999999997
 30
0.0
 11
3334.16928
 21
-3425.0299999999997
 31
0.0
  0
LINE
  5
1178
330
17
100
AcDbEntity
  8
dek
100
AcDbLine
 10
9396.1433
 20
-5929.025
 30
0.0
 11
13596.199999999999
 21
-8353.999999999998
 31
0.0
  0
LINE
  5
1179
330
17
100
AcDbEntity
  8
dek
100
AcDbLine
 10
13596.199999999999
 20
-8353.999999999998
 30
0.0
 11
12730.208659999998
 21
-8853.994999999999
 31
0.0
  0
LINE
  5
117A
330
17
100
AcDbEntity
  8
dek
100
AcDbLine
 10
12730.208659999998
 20
-8853.994999999999
 30
0.0
 11
8530.15196
 21
-6429.0199999999995
 31
0.0
  0
LINE
  5
117B
330
17
100
AcDbEntity
  8
dek
100
AcDbLine
 10
8530.15196
 20
-6429.0199999999995
 30
0.0
 11
9396.1433
 21
-5929.025
 31
0.0
  0
LINE
  5
117C
330
17
100
AcDbEntity
  8
dek
100
AcDbLine
 10
9396.1433
 20
-5925.025
 30
0.0
 11
13596.199999999999
 21
-8349.999999999998
 31
0.0
  0
LINE
  5
117D
330
17
100
AcDbEntity
  8
dek
100
AcDbLine
 10
13596.199999999999
 20
-8349.999999999998
 30
0.0
 11
12730.208659999998
 21
-8849.994999999999
 31
0.0
  0
LINE
  5
117E
330
17
100
AcDbEntity
  8
dek
100
AcDbLine
 10
12730.208659999998
 20
-8849.994999999999
 30
0.0
 11
8530.15196
 21
-6425.0199999999995
 31
0.0
  0
LINE
  5
117F
330
17
100
AcDbEntity
  8
dek
100
AcDbLine
 10
8530.15196
 20
-6425.0199999999995
 30
0.0
 11
9396.1433
 21
-5925.025
 31
0.0
  0
LINE
  5
1180
330
17
100
AcDbEntity
  8
dek
100
AcDbLine
 10
9396.1433
 20
-5929.025
 30
0.0
 11
9396.1433
 21
-5925.025
 31
0.0
  0
LINE
  5
1181
330
17
100
AcDbEntity
  8
dek
100
AcDbLine
 10
13596.199999999999
 20
-8353.999999999998
 30
0.0
 11
13596.199999999999
 21
-8349.999999999998
 31
0.0
  0
LINE
  5
1182
330
17
100
AcDbEntity
  8
dek
100
AcDbLine
 10
12730.208659999998
 20
-8853.994999999999
 30
0.0
 11
12730.208659999998
 21
-8849.994999999999
 31
0.0
  0
LINE
  5
1183
330
17
100
AcDbEntity
  8
dek
100
AcDbLine
 10
8530.15196
 20
-6429.0199999999995
 30
0.0
 11
8530.15196
 21
-6425.0199999999995
 31
0.0
  0
LINE
  5
1184
330
17
100
AcDbEntity
  8
dek
100
AcDbLine
 10
-2598.0
 20
496.01
 30
0.0
 11
1602.13464
 21
-1929.01
 31
0.0
  0
LINE
  5
1185
330
17
100
AcDbEntity
  8
dek
100
AcDbLine
 10
1602.13464
 20
-1929.01
 30
0.0
 11
736.1259799999998
 21
-2429.0149999999994
 31
0.0
  0
LINE
  5
1186
330
17
100
AcDbEntity
  8
dek
100
AcDbLine
 10
736.1259799999998
 20
-2429.0149999999994
 30
0.0
 11
-3464.00866
 21
-3.9950000000001182
 31
0.0
  0
LINE
  5
1187
330
17
100
AcDbEntity
  8
dek
100
AcDbLine
 10
-3464.00866
 20
-3.9950000000001182
 30
0.0
 11
-2598.0
 21
496.01
 31
0.0
  0
LINE
  5
1188
330
17
100
AcDbEntity
  8
dek
100
AcDbLine
 10
-2598.0
 20
500.01
 30
0.0
 11
1602.13464
 21
-1925.01
 31
0.0
  0
LINE
  5
1189
330
17
100
AcDbEntity
  8
dek
100
AcDbLine
 10
1602.13464
 20
-1925.01
 30
0.0
 11
736.1259799999998
 21
-2425.0149999999994
 31
0.0
  0
LINE
  5
118A
330
17
100
AcDbEntity
  8
dek
100
AcDbLine
 10
736.1259799999998
 20
-2425.0149999999994
 30
0.0
 11
-3464.00866
 21
0.004999999999881766
 31
0.0
  0
LINE
  5
118B
330
17
100
AcDbEntity
  8
dek
100
AcDbLine
 10
-3464.00866
 20
0.004999999999881766
 30
0.0
 11
-2598.0
 21
500.01
 31
0.0
  0
LINE
  5
118C
330
17
100
AcDbEntity
  8
dek
100
AcDbLine
 10
-2598.0
 20
496.01
 30
0.0
 11
-2598.0
 21
500.01
 31
0.0
  0
LINE
  5
118D
330
17
100
AcDbEntity
  8
dek
100
AcDbLine
 10
1602.13464
 20
-1929.01
 30
0.0
 11
1602.13464
 21
-1925.01
 31
0.0
  0
LINE
  5
118E
330
17
100
AcDbEntity
  8
dek
100
AcDbLine
 10
736.1259799999998
 20
-2429.0149999999994
 30
0.0
 11
736.1259799999998
 21
-2425.0149999999994
 31
0.0
  0
LINE
  5
118F
330
17
100
AcDbEntity
  8
dek
100
AcDbLine
 10
-3464.00866
 20
-3.9950000000001182
 30
0.0
 11
-3464.00866
 21
0.004999999999881766
 31
0.0
  0
LINE
  5
1190
330
17
100
AcDbEntity
  8
dek
100
AcDbLine
 10
3334.16928
 20
-2929.0299999999997
 30
0.0
 11
8010.55196
 21
-5629.0199999999995
 31
0.0
  0
LINE
  5
1191
330
17
100
AcDbEntity
  8
dek
100
AcDbLine
 10
8010.55196
 20
-5629.0199999999995
 30
0.0
 11
7144.543299999999
 21
-6129.025
 31
0.0
  0
LINE
  5
1192
330
17
100
AcDbEntity
  8
dek
100
AcDbLine
 10
7144.543299999999
 20
-6129.025
 30
0.0
 11
2468.1606199999997
 21
-3429.035
 31
0.0
  0
LINE
  5
1193
330
17
100
AcDbEntity
  8
dek
100
AcDbLine
 10
2468.1606199999997
 20
-3429.035
 30
0.0
 11
3334.16928
 21
-2929.0299999999997
 31
0.0
  0
LINE
  5
1194
330
17
100
AcDbEntity
  8
dek
100
AcDbLine
 10
3334.16928
 20
-2925.0299999999997
 30
0.0
 11
8010.55196
 21
-5625.0199999999995
 31
0.0
  0
LINE
  5
1195
330
17
100
AcDbEntity
  8
dek
100
AcDbLine
 10
8010.55196
 20
-5625.0199999999995
 30
0.0
 11
7144.543299999999
 21
-6125.025
 31
0.0
  0
LINE
  5
1196
330
17
100
AcDbEntity
  8
dek
100
AcDbLine
 10
7144.543299999999
 20
-6125.025
 30
0.0
 11
2468.1606199999997
 21
-3425.035
 31
0.0
  0
LINE
  5
1197
330
17
100
AcDbEntity
  8
dek
100
AcDbLine
 10
2468.1606199999997
 20
-3425.035
 30
0.0
 11
3334.16928
 21
-2925.0299999999997
 31
0.0
  0
LINE
  5
1198
330
17
100
AcDbEntity
  8
dek
100
AcDbLine
 10
3334.16928
 20
-2929.0299999999997
 30
0.0
 11
3334.16928
 21
-2925.0299999999997
 31
0.0
  0
LINE
  5
1199
330
17
100
AcDbEntity
  8
dek
100
AcDbLine
 10
8010.55196
 20
-5629.0199999999995
 30
0.0
 11
8010.55196
 21
-5625.0199999999995
 31
0.0
  0
LINE
  5
119A
330
17
100
AcDbEntity
  8
dek
100
AcDbLine
 10
7144.543299999999
 20
-6129.025
 30
0.0
 11
7144.543299999999
 21
-6125.025
 31
0.0
  0
LINE
  5
119B
330
17
100
AcDbEntity
  8
dek
100
AcDbLine
 10
2468.1606199999997
 20
-3429.035
 30
0.0
 11
2468.1606199999997
 21
-3425.035
 31
0.0
  0
LINE
  5
119C
330
17
100
AcDbEntity
  8
dek
100
AcDbLine
 10
8530.15196
 20
-5929.0199999999995
 30
0.0
 11
12730.208659999998
 21
-8353.994999999999
 31
0.0
  0
LINE
  5
119D
330
17
100
AcDbEntity
  8
dek
100
AcDbLine
 10
12730.208659999998
 20
-8353.994999999999
 30
0.0
 11
11864.199999999999
 21
-8853.999999999998
 31
0.0
  0
LINE
  5
119E
330
17
100
AcDbEntity
  8
dek
100
AcDbLine
 10
11864.199999999999
 20
-8853.999999999998
 30
0.0
 11
7664.1433
 21
-6429.025
 31
0.0
  0
LINE
  5
119F
330
17
100
AcDbEntity
  8
dek
100
AcDbLine
 10
7664.1433
 20
-6429.025
 30
0.0
 11
8530.15196
 21
-5929.0199999999995
 31
0.0
  0
LINE
  5
11A0
330
17
100
AcDbEntity
  8
dek
100
AcDbLine
 10
8530.15196
 20
-5925.0199999999995
 30
0.0
 11
12730.208659999998
 21
-8349.994999999999
 31
0.0
  0
LINE
  5
11A1
330
17
100
AcDbEntity
  8
dek
100
AcDbLine
 10
12730.208659999998
 20
-8349.994999999999
 30
0.0
 11
11864.199999999999
 21
-8849.999999999998
 31
0.0
  0
LINE
  5
11A2
330
17
100
AcDbEntity
  8
dek
100
AcDbLine
 10
11864.199999999999
 20
-8849.999999999998
 30
0.0
 11
7664.1433
 21
-6425.025
 31
0.0
  0
LINE
  5
11A3
330
17
100
AcDbEntity
  8
dek
100
AcDbLine
 10
7664.1433
 20
-6425.025
 30
0.0
 11
8530.15196
 21
-5925.0199999999995
 31
0.0
  0
LINE
  5
11A4
330
17
100
AcDbEntity
  8
dek
100
AcDbLine
 10
8530.15196
 20
-5929.0199999999995
 30
0.0
 11
8530.15196
 21
-5925.0199999999995
 31
0.0
  0
LINE
  5
11A5
330
17
100
AcDbEntity
  8
dek
100
AcDbLine
 10
12730.208659999998
 20
-8353.994999999999
 30
0.0
 11
12730.208659999998
 21
-8349.994999999999
 31
0.0
  0
LINE
  5
11A6
330
17
100
AcDbEntity
  8
dek
100
AcDbLine
 10
11864.199999999999
 20
-8853.999999999998
 30
0.0
 11
11864.199999999999
 21
-8849.999999999998
 31
0.0
  0
LINE
  5
11A7
330
17
100
AcDbEntity
  8
dek
100
AcDbLine
 10
7664.1433
 20
-6429.025
 30
0.0
 11
7664.1433
 21
-6425.025
 31
0.0
  0
LINE
  5
11A8
330
17
100
AcDbEntity
  8
dek
100
AcDbLine
 10
7674.37942
 20
-5573.095
 30
0.0
 11
8280.58808
 21
-5923.099999999999
 31
0.0
  0
LINE
  5
11A9
330
17
100
AcDbEntity
  8
dek
100
AcDbLine
 10
8280.58808
 20
-5923.099999999999
 30
0.0
 11
8237.29674
 21
-5948.094999999999
 31
0.0
  0
LINE
  5
11AA
330
17
100
AcDbEntity
  8
dek
100
AcDbLine
 10
8237.29674
 20
-5948.094999999999
 30
0.0
 11
7631.08808
 21
-5598.09
 31
0.0
  0
LINE
  5
11AB
330
17
100
AcDbEntity
  8
dek
100
AcDbLine
 10
7631.08808
 20
-5598.09
 30
0.0
 11
7674.37942
 21
-5573.095
 31
0.0
  0
LINE
  5
11AC
330
17
100
AcDbEntity
  8
dek
100
AcDbLine
 10
7674.37942
 20
-5569.095
 30
0.0
 11
8280.58808
 21
-5919.099999999999
 31
0.0
  0
LINE
  5
11AD
330
17
100
AcDbEntity
  8
dek
100
AcDbLine
 10
8280.58808
 20
-5919.099999999999
 30
0.0
 11
8237.29674
 21
-5944.094999999999
 31
0.0
  0
LINE
  5
11AE
330
17
100
AcDbEntity
  8
dek
100
AcDbLine
 10
8237.29674
 20
-5944.094999999999
 30
0.0
 11
7631.08808
 21
-5594.09
 31
0.0
  0
LINE
  5
11AF
330
17
100
AcDbEntity
  8
dek
100
AcDbLine
 10
7631.08808
 20
-5594.09
 30
0.0
 11
7674.37942
 21
-5569.095
 31
0.0
  0
LINE
  5
11B0
330
17
100
AcDbEntity
  8
dek
100
AcDbLine
 10
7674.37942
 20
-5573.095
 30
0.0
 11
7674.37942
 21
-5569.095
 31
0.0
  0
LINE
  5
11B1
330
17
100
AcDbEntity
  8
dek
100
AcDbLine
 10
8280.58808
 20
-5923.099999999999
 30
0.0
 11
8280.58808
 21
-5919.099999999999
 31
0.0
  0
LINE
  5
11B2
330
17
100
AcDbEntity
  8
dek
100
AcDbLine
 10
8237.29674
 20
-5948.094999999999
 30
0.0
 11
8237.29674
 21
-5944.094999999999
 31
0.0
  0
LINE
  5
11B3
330
17
100
AcDbEntity
  8
dek
100
AcDbLine
 10
7631.08808
 20
-5598.09
 30
0.0
 11
7631.08808
 21
-5594.09
 31
0.0
  0
LINE
  5
11B4
330
17
100
AcDbEntity
  8
dek
100
AcDbLine
 10
7631.08808
 20
-5598.09
 30
0.0
 11
7674.37942
 21
-5623.085
 31
0.0
  0
LINE
  5
11B5
330
17
100
AcDbEntity
  8
dek
100
AcDbLine
 10
7674.37942
 20
-5623.085
 30
0.0
 11
7404.3259800000005
 21
-5779.005
 31
0.0
  0
LINE
  5
11B6
330
17
100
AcDbEntity
  8
dek
100
AcDbLine
 10
7404.3259800000005
 20
-5779.005
 30
0.0
 11
7361.034640000001
 21
-5754.01
 31
0.0
  0
LINE
  5
11B7
330
17
100
AcDbEntity
  8
dek
100
AcDbLine
 10
7361.034640000001
 20
-5754.01
 30
0.0
 11
7631.08808
 21
-5598.09
 31
0.0
  0
LINE
  5
11B8
330
17
100
AcDbEntity
  8
dek
100
AcDbLine
 10
7631.08808
 20
-5594.09
 30
0.0
 11
7674.37942
 21
-5619.085
 31
0.0
  0
LINE
  5
11B9
330
17
100
AcDbEntity
  8
dek
100
AcDbLine
 10
7674.37942
 20
-5619.085
 30
0.0
 11
7404.3259800000005
 21
-5775.005
 31
0.0
  0
LINE
  5
11BA
330
17
100
AcDbEntity
  8
dek
100
AcDbLine
 10
7404.3259800000005
 20
-5775.005
 30
0.0
 11
7361.034640000001
 21
-5750.01
 31
0.0
  0
LINE
  5
11BB
330
17
100
AcDbEntity
  8
dek
100
AcDbLine
 10
7361.034640000001
 20
-5750.01
 30
0.0
 11
7631.08808
 21
-5594.09
 31
0.0
  0
LINE
  5
11BC
330
17
100
AcDbEntity
  8
dek
100
AcDbLine
 10
7674.37942
 20
-5623.085
 30
0.0
 11
7674.37942
 21
-5619.085
 31
0.0
  0
LINE
  5
11BD
330
17
100
AcDbEntity
  8
dek
100
AcDbLine
 10
7404.3259800000005
 20
-5779.005
 30
0.0
 11
7404.3259800000005
 21
-5775.005
 31
0.0
  0
LINE
  5
11BE
330
17
100
AcDbEntity
  8
dek
100
AcDbLine
 10
7361.034640000001
 20
-5754.01
 30
0.0
 11
7361.034640000001
 21
-5750.01
 31
0.0
  0
LINE
  5
11BF
330
17
100
AcDbEntity
  8
dek
100
AcDbLine
 10
8194.0054
 20
-5923.099999999999
 30
0.0
 11
8237.29674
 21
-5948.094999999999
 31
0.0
  0
LINE
  5
11C0
330
17
100
AcDbEntity
  8
dek
100
AcDbLine
 10
8237.29674
 20
-5948.094999999999
 30
0.0
 11
7967.243299999999
 21
-6104.014999999999
 31
0.0
  0
LINE
  5
11C1
330
17
100
AcDbEntity
  8
dek
100
AcDbLine
 10
7967.243299999999
 20
-6104.014999999999
 30
0.0
 11
7923.951959999999
 21
-6079.0199999999995
 31
0.0
  0
LINE
  5
11C2
330
17
100
AcDbEntity
  8
dek
100
AcDbLine
 10
7923.951959999999
 20
-6079.0199999999995
 30
0.0
 11
8194.0054
 21
-5923.099999999999
 31
0.0
  0
LINE
  5
11C3
330
17
100
AcDbEntity
  8
dek
100
AcDbLine
 10
8194.0054
 20
-5919.099999999999
 30
0.0
 11
8237.29674
 21
-5944.094999999999
 31
0.0
  0
LINE
  5
11C4
330
17
100
AcDbEntity
  8
dek
100
AcDbLine
 10
8237.29674
 20
-5944.094999999999
 30
0.0
 11
7967.243299999999
 21
-6100.014999999999
 31
0.0
  0
LINE
  5
11C5
330
17
100
AcDbEntity
  8
dek
100
AcDbLine
 10
7967.243299999999
 20
-6100.014999999999
 30
0.0
 11
7923.951959999999
 21
-6075.0199999999995
 31
0.0
  0
LINE
  5
11C6
330
17
100
AcDbEntity
  8
dek
100
AcDbLine
 10
7923.951959999999
 20
-6075.0199999999995
 30
0.0
 11
8194.0054
 21
-5919.099999999999
 31
0.0
  0
LINE
  5
11C7
330
17
100
AcDbEntity
  8
dek
100
AcDbLine
 10
8194.0054
 20
-5923.099999999999
 30
0.0
 11
8194.0054
 21
-5919.099999999999
 31
0.0
  0
LINE
  5
11C8
330
17
100
AcDbEntity
  8
dek
100
AcDbLine
 10
7967.243299999999
 20
-6104.014999999999
 30
0.0
 11
7967.243299999999
 21
-6100.014999999999
 31
0.0
  0
LINE
  5
11C9
330
17
100
AcDbEntity
  8
dek
100
AcDbLine
 10
7923.951959999999
 20
-6079.0199999999995
 30
0.0
 11
7923.951959999999
 21
-6075.0199999999995
 31
0.0
  0
LINE
  5
11CA
330
17
100
AcDbEntity
  8
dek
100
AcDbLine
 10
7198.096740000001
 20
-5348.085
 30
0.0
 11
7804.305399999999
 21
-5698.089999999999
 31
0.0
  0
LINE
  5
11CB
330
17
100
AcDbEntity
  8
dek
100
AcDbLine
 10
7804.305399999999
 20
-5698.089999999999
 30
0.0
 11
7761.0140599999995
 21
-5723.084999999999
 31
0.0
  0
LINE
  5
11CC
330
17
100
AcDbEntity
  8
dek
100
AcDbLine
 10
7761.0140599999995
 20
-5723.084999999999
 30
0.0
 11
7154.805400000001
 21
-5373.08
 31
0.0
  0
LINE
  5
11CD
330
17
100
AcDbEntity
  8
dek
100
AcDbLine
 10
7154.805400000001
 20
-5373.08
 30
0.0
 11
7198.096740000001
 21
-5348.085
 31
0.0
  0
LINE
  5
11CE
330
17
100
AcDbEntity
  8
dek
100
AcDbLine
 10
7198.096740000001
 20
-5344.085
 30
0.0
 11
7804.305399999999
 21
-5694.089999999999
 31
0.0
  0
LINE
  5
11CF
330
17
100
AcDbEntity
  8
dek
100
AcDbLine
 10
7804.305399999999
 20
-5694.089999999999
 30
0.0
 11
7761.0140599999995
 21
-5719.084999999999
 31
0.0
  0
LINE
  5
11D0
330
17
100
AcDbEntity
  8
dek
100
AcDbLine
 10
7761.0140599999995
 20
-5719.084999999999
 30
0.0
 11
7154.805400000001
 21
-5369.08
 31
0.0
  0
LINE
  5
11D1
330
17
100
AcDbEntity
  8
dek
100
AcDbLine
 10
7154.805400000001
 20
-5369.08
 30
0.0
 11
7198.096740000001
 21
-5344.085
 31
0.0
  0
LINE
  5
11D2
330
17
100
AcDbEntity
  8
dek
100
AcDbLine
 10
7198.096740000001
 20
-5348.085
 30
0.0
 11
7198.096740000001
 21
-5344.085
 31
0.0
  0
LINE
  5
11D3
330
17
100
AcDbEntity
  8
dek
100
AcDbLine
 10
7804.305399999999
 20
-5698.089999999999
 30
0.0
 11
7804.305399999999
 21
-5694.089999999999
 31
0.0
  0
LINE
  5
11D4
330
17
100
AcDbEntity
  8
dek
100
AcDbLine
 10
7761.0140599999995
 20
-5723.084999999999
 30
0.0
 11
7761.0140599999995
 21
-5719.084999999999
 31
0.0
  0
LINE
  5
11D5
330
17
100
AcDbEntity
  8
dek
100
AcDbLine
 10
7154.805400000001
 20
-5373.08
 30
0.0
 11
7154.805400000001
 21
-5369.08
 31
0.0
  0
LINE
  5
11D6
330
17
100
AcDbEntity
  8
dek
100
AcDbLine
 10
7361.034640000001
 20
-5254.01
 30
0.0
 11
7404.3259800000005
 21
-5279.005
 31
0.0
  0
LINE
  5
11D7
330
17
100
AcDbEntity
  8
dek
100
AcDbLine
 10
7404.3259800000005
 20
-5279.005
 30
0.0
 11
7241.388080000001
 21
-5373.08
 31
0.0
  0
LINE
  5
11D8
330
17
100
AcDbEntity
  8
dek
100
AcDbLine
 10
7241.388080000001
 20
-5373.08
 30
0.0
 11
7198.096740000001
 21
-5348.085
 31
0.0
  0
LINE
  5
11D9
330
17
100
AcDbEntity
  8
dek
100
AcDbLine
 10
7198.096740000001
 20
-5348.085
 30
0.0
 11
7361.034640000001
 21
-5254.01
 31
0.0
  0
LINE
  5
11DA
330
17
100
AcDbEntity
  8
dek
100
AcDbLine
 10
7361.034640000001
 20
-5250.01
 30
0.0
 11
7404.3259800000005
 21
-5275.005
 31
0.0
  0
LINE
  5
11DB
330
17
100
AcDbEntity
  8
dek
100
AcDbLine
 10
7404.3259800000005
 20
-5275.005
 30
0.0
 11
7241.388080000001
 21
-5369.08
 31
0.0
  0
LINE
  5
11DC
330
17
100
AcDbEntity
  8
dek
100
AcDbLine
 10
7241.388080000001
 20
-5369.08
 30
0.0
 11
7198.096740000001
 21
-5344.085
 31
0.0
  0
LINE
  5
11DD
330
17
100
AcDbEntity
  8
dek
100
AcDbLine
 10
7198.096740000001
 20
-5344.085
 30
0.0
 11
7361.034640000001
 21
-5250.01
 31
0.0
  0
LINE
  5
11DE
330
17
100
AcDbEntity
  8
dek
100
AcDbLine
 10
7361.034640000001
 20
-5254.01
 30
0.0
 11
7361.034640000001
 21
-5250.01
 31
0.0
  0
LINE
  5
11DF
330
17
100
AcDbEntity
  8
dek
100
AcDbLine
 10
7404.3259800000005
 20
-5279.005
 30
0.0
 11
7404.3259800000005
 21
-5275.005
 31
0.0
  0
LINE
  5
11E0
330
17
100
AcDbEntity
  8
dek
100
AcDbLine
 10
7241.388080000001
 20
-5373.08
 30
0.0
 11
7241.388080000001
 21
-5369.08
 31
0.0
  0
LINE
  5
11E1
330
17
100
AcDbEntity
  8
dek
100
AcDbLine
 10
7923.951959999999
 20
-5579.0199999999995
 30
0.0
 11
7967.243299999999
 21
-5604.014999999999
 31
0.0
  0
LINE
  5
11E2
330
17
100
AcDbEntity
  8
dek
100
AcDbLine
 10
7967.243299999999
 20
-5604.014999999999
 30
0.0
 11
7804.305399999999
 21
-5698.089999999999
 31
0.0
  0
LINE
  5
11E3
330
17
100
AcDbEntity
  8
dek
100
AcDbLine
 10
7804.305399999999
 20
-5698.089999999999
 30
0.0
 11
7761.0140599999995
 21
-5673.094999999999
 31
0.0
  0
LINE
  5
11E4
330
17
100
AcDbEntity
  8
dek
100
AcDbLine
 10
7761.0140599999995
 20
-5673.094999999999
 30
0.0
 11
7923.951959999999
 21
-5579.0199999999995
 31
0.0
  0
LINE
  5
11E5
330
17
100
AcDbEntity
  8
dek
100
AcDbLine
 10
7923.951959999999
 20
-5575.0199999999995
 30
0.0
 11
7967.243299999999
 21
-5600.014999999999
 31
0.0
  0
LINE
  5
11E6
330
17
100
AcDbEntity
  8
dek
100
AcDbLine
 10
7967.243299999999
 20
-5600.014999999999
 30
0.0
 11
7804.305399999999
 21
-5694.089999999999
 31
0.0
  0
LINE
  5
11E7
330
17
100
AcDbEntity
  8
dek
100
AcDbLine
 10
7804.305399999999
 20
-5694.089999999999
 30
0.0
 11
7761.0140599999995
 21
-5669.094999999999
 31
0.0
  0
LINE
  5
11E8
330
17
100
AcDbEntity
  8
dek
100
AcDbLine
 10
7761.0140599999995
 20
-5669.094999999999
 30
0.0
 11
7923.951959999999
 21
-5575.0199999999995
 31
0.0
  0
LINE
  5
11E9
330
17
100
AcDbEntity
  8
dek
100
AcDbLine
 10
7923.951959999999
 20
-5579.0199999999995
 30
0.0
 11
7923.951959999999
 21
-5575.0199999999995
 31
0.0
  0
LINE
  5
11EA
330
17
100
AcDbEntity
  8
dek
100
AcDbLine
 10
7967.243299999999
 20
-5604.014999999999
 30
0.0
 11
7967.243299999999
 21
-5600.014999999999
 31
0.0
  0
LINE
  5
11EB
330
17
100
AcDbEntity
  8
dek
100
AcDbLine
 10
7761.0140599999995
 20
-5673.094999999999
 30
0.0
 11
7761.0140599999995
 21
-5669.094999999999
 31
0.0
  0
LINE
  5
11EC
330
17
100
AcDbEntity
  8
dek
100
AcDbLine
 10
2998.01406
 20
-2923.1049999999996
 30
0.0
 11
3041.3054000000006
 21
-2948.1000000000004
 31
0.0
  0
LINE
  5
11ED
330
17
100
AcDbEntity
  8
dek
100
AcDbLine
 10
3041.3054000000006
 20
-2948.1000000000004
 30
0.0
 11
2608.31406
 21
-3198.0950000000003
 31
0.0
  0
LINE
  5
11EE
330
17
100
AcDbEntity
  8
dek
100
AcDbLine
 10
2608.31406
 20
-3198.0950000000003
 30
0.0
 11
2565.0227199999995
 21
-3173.0999999999995
 31
0.0
  0
LINE
  5
11EF
330
17
100
AcDbEntity
  8
dek
100
AcDbLine
 10
2565.0227199999995
 20
-3173.0999999999995
 30
0.0
 11
2998.01406
 21
-2923.1049999999996
 31
0.0
  0
LINE
  5
11F0
330
17
100
AcDbEntity
  8
dek
100
AcDbLine
 10
2998.01406
 20
-2919.1049999999996
 30
0.0
 11
3041.3054000000006
 21
-2944.1000000000004
 31
0.0
  0
LINE
  5
11F1
330
17
100
AcDbEntity
  8
dek
100
AcDbLine
 10
3041.3054000000006
 20
-2944.1000000000004
 30
0.0
 11
2608.31406
 21
-3194.0950000000003
 31
0.0
  0
LINE
  5
11F2
330
17
100
AcDbEntity
  8
dek
100
AcDbLine
 10
2608.31406
 20
-3194.0950000000003
 30
0.0
 11
2565.0227199999995
 21
-3169.0999999999995
 31
0.0
  0
LINE
  5
11F3
330
17
100
AcDbEntity
  8
dek
100
AcDbLine
 10
2565.0227199999995
 20
-3169.0999999999995
 30
0.0
 11
2998.01406
 21
-2919.1049999999996
 31
0.0
  0
LINE
  5
11F4
330
17
100
AcDbEntity
  8
dek
100
AcDbLine
 10
2998.01406
 20
-2923.1049999999996
 30
0.0
 11
2998.01406
 21
-2919.1049999999996
 31
0.0
  0
LINE
  5
11F5
330
17
100
AcDbEntity
  8
dek
100
AcDbLine
 10
3041.3054000000006
 20
-2948.1000000000004
 30
0.0
 11
3041.3054000000006
 21
-2944.1000000000004
 31
0.0
  0
LINE
  5
11F6
330
17
100
AcDbEntity
  8
dek
100
AcDbLine
 10
2608.31406
 20
-3198.0950000000003
 30
0.0
 11
2608.31406
 21
-3194.0950000000003
 31
0.0
  0
LINE
  5
11F7
330
17
100
AcDbEntity
  8
dek
100
AcDbLine
 10
2565.0227199999995
 20
-3173.0999999999995
 30
0.0
 11
2565.0227199999995
 21
-3169.0999999999995
 31
0.0
  0
LINE
  5
11F8
330
17
100
AcDbEntity
  8
dek
100
AcDbLine
 10
2478.38808
 20
-2573.1000000000004
 30
0.0
 11
3084.5967400000004
 21
-2923.1049999999996
 31
0.0
  0
LINE
  5
11F9
330
17
100
AcDbEntity
  8
dek
100
AcDbLine
 10
3084.5967400000004
 20
-2923.1049999999996
 30
0.0
 11
3041.3054000000006
 21
-2948.1000000000004
 31
0.0
  0
LINE
  5
11FA
330
17
100
AcDbEntity
  8
dek
100
AcDbLine
 10
3041.3054000000006
 20
-2948.1000000000004
 30
0.0
 11
2435.0967400000004
 21
-2598.0950000000003
 31
0.0
  0
LINE
  5
11FB
330
17
100
AcDbEntity
  8
dek
100
AcDbLine
 10
2435.0967400000004
 20
-2598.0950000000003
 30
0.0
 11
2478.38808
 21
-2573.1000000000004
 31
0.0
  0
LINE
  5
11FC
330
17
100
AcDbEntity
  8
dek
100
AcDbLine
 10
2478.38808
 20
-2569.1000000000004
 30
0.0
 11
3084.5967400000004
 21
-2919.1049999999996
 31
0.0
  0
LINE
  5
11FD
330
17
100
AcDbEntity
  8
dek
100
AcDbLine
 10
3084.5967400000004
 20
-2919.1049999999996
 30
0.0
 11
3041.3054000000006
 21
-2944.1000000000004
 31
0.0
  0
LINE
  5
11FE
330
17
100
AcDbEntity
  8
dek
100
AcDbLine
 10
3041.3054000000006
 20
-2944.1000000000004
 30
0.0
 11
2435.0967400000004
 21
-2594.0950000000003
 31
0.0
  0
LINE
  5
11FF
330
17
100
AcDbEntity
  8
dek
100
AcDbLine
 10
2435.0967400000004
 20
-2594.0950000000003
 30
0.0
 11
2478.38808
 21
-2569.1000000000004
 31
0.0
  0
LINE
  5
1200
330
17
100
AcDbEntity
  8
dek
100
AcDbLine
 10
2478.38808
 20
-2573.1000000000004
 30
0.0
 11
2478.38808
 21
-2569.1000000000004
 31
0.0
  0
LINE
  5
1201
330
17
100
AcDbEntity
  8
dek
100
AcDbLine
 10
3084.5967400000004
 20
-2923.1049999999996
 30
0.0
 11
3084.5967400000004
 21
-2919.1049999999996
 31
0.0
  0
LINE
  5
1202
330
17
100
AcDbEntity
  8
dek
100
AcDbLine
 10
2435.0967400000004
 20
-2598.0950000000003
 30
0.0
 11
2435.0967400000004
 21
-2594.0950000000003
 31
0.0
  0
LINE
  5
1203
330
17
100
AcDbEntity
  8
dek
100
AcDbLine
 10
2608.31406
 20
-3198.0950000000003
 30
0.0
 11
2565.0227200000004
 21
-3223.09
 31
0.0
  0
LINE
  5
1204
330
17
100
AcDbEntity
  8
dek
100
AcDbLine
 10
2565.0227200000004
 20
-3223.09
 30
0.0
 11
2521.72272
 21
-3198.09
 31
0.0
  0
LINE
  5
1205
330
17
100
AcDbEntity
  8
dek
100
AcDbLine
 10
2521.72272
 20
-3198.09
 30
0.0
 11
2565.0140600000004
 21
-3173.0950000000003
 31
0.0
  0
LINE
  5
1206
330
17
100
AcDbEntity
  8
dek
100
AcDbLine
 10
2608.31406
 20
-3194.0950000000003
 30
0.0
 11
2565.0227200000004
 21
-3219.09
 31
0.0
  0
LINE
  5
1207
330
17
100
AcDbEntity
  8
dek
100
AcDbLine
 10
2565.0227200000004
 20
-3219.09
 30
0.0
 11
2521.72272
 21
-3194.09
 31
0.0
  0
LINE
  5
1208
330
17
100
AcDbEntity
  8
dek
100
AcDbLine
 10
2521.72272
 20
-3194.09
 30
0.0
 11
2565.0140600000004
 21
-3169.0950000000003
 31
0.0
  0
LINE
  5
1209
330
17
100
AcDbEntity
  8
dek
100
AcDbLine
 10
2565.0227200000004
 20
-3223.09
 30
0.0
 11
2565.0227200000004
 21
-3219.09
 31
0.0
  0
LINE
  5
120A
330
17
100
AcDbEntity
  8
dek
100
AcDbLine
 10
2521.72272
 20
-3198.09
 30
0.0
 11
2521.72272
 21
-3194.09
 31
0.0
  0
LINE
  5
120B
330
17
100
AcDbEntity
  8
dek
100
AcDbLine
 10
2998.01406
 20
-2756.4349999999995
 30
0.0
 11
3041.3054000000006
 21
-2781.4300000000003
 31
0.0
  0
LINE
  5
120C
330
17
100
AcDbEntity
  8
dek
100
AcDbLine
 10
3041.3054000000006
 20
-2781.4300000000003
 30
0.0
 11
2608.31406
 21
-3031.425
 31
0.0
  0
LINE
  5
120D
330
17
100
AcDbEntity
  8
dek
100
AcDbLine
 10
2608.31406
 20
-3031.425
 30
0.0
 11
2565.0227199999995
 21
-3006.4299999999994
 31
0.0
  0
LINE
  5
120E
330
17
100
AcDbEntity
  8
dek
100
AcDbLine
 10
2565.0227199999995
 20
-3006.4299999999994
 30
0.0
 11
2998.01406
 21
-2756.4349999999995
 31
0.0
  0
LINE
  5
120F
330
17
100
AcDbEntity
  8
dek
100
AcDbLine
 10
2998.01406
 20
-2752.4349999999995
 30
0.0
 11
3041.3054000000006
 21
-2777.4300000000003
 31
0.0
  0
LINE
  5
1210
330
17
100
AcDbEntity
  8
dek
100
AcDbLine
 10
3041.3054000000006
 20
-2777.4300000000003
 30
0.0
 11
2608.31406
 21
-3027.425
 31
0.0
  0
LINE
  5
1211
330
17
100
AcDbEntity
  8
dek
100
AcDbLine
 10
2608.31406
 20
-3027.425
 30
0.0
 11
2565.0227199999995
 21
-3002.4299999999994
 31
0.0
  0
LINE
  5
1212
330
17
100
AcDbEntity
  8
dek
100
AcDbLine
 10
2565.0227199999995
 20
-3002.4299999999994
 30
0.0
 11
2998.01406
 21
-2752.4349999999995
 31
0.0
  0
LINE
  5
1213
330
17
100
AcDbEntity
  8
dek
100
AcDbLine
 10
2998.01406
 20
-2756.4349999999995
 30
0.0
 11
2998.01406
 21
-2752.4349999999995
 31
0.0
  0
LINE
  5
1214
330
17
100
AcDbEntity
  8
dek
100
AcDbLine
 10
3041.3054000000006
 20
-2781.4300000000003
 30
0.0
 11
3041.3054000000006
 21
-2777.4300000000003
 31
0.0
  0
LINE
  5
1215
330
17
100
AcDbEntity
  8
dek
100
AcDbLine
 10
2608.31406
 20
-3031.425
 30
0.0
 11
2608.31406
 21
-3027.425
 31
0.0
  0
LINE
  5
1216
330
17
100
AcDbEntity
  8
dek
100
AcDbLine
 10
2565.0227199999995
 20
-3006.4299999999994
 30
0.0
 11
2565.0227199999995
 21
-3002.4299999999994
 31
0.0
  0
LINE
  5
1217
330
17
100
AcDbEntity
  8
dek
100
AcDbLine
 10
2478.38808
 20
-2406.4300000000003
 30
0.0
 11
3084.5967400000004
 21
-2756.4349999999995
 31
0.0
  0
LINE
  5
1218
330
17
100
AcDbEntity
  8
dek
100
AcDbLine
 10
3084.5967400000004
 20
-2756.4349999999995
 30
0.0
 11
3041.3054000000006
 21
-2781.4300000000003
 31
0.0
  0
LINE
  5
1219
330
17
100
AcDbEntity
  8
dek
100
AcDbLine
 10
3041.3054000000006
 20
-2781.4300000000003
 30
0.0
 11
2435.0967400000004
 21
-2431.425
 31
0.0
  0
LINE
  5
121A
330
17
100
AcDbEntity
  8
dek
100
AcDbLine
 10
2435.0967400000004
 20
-2431.425
 30
0.0
 11
2478.38808
 21
-2406.4300000000003
 31
0.0
  0
LINE
  5
121B
330
17
100
AcDbEntity
  8
dek
100
AcDbLine
 10
2478.38808
 20
-2402.4300000000003
 30
0.0
 11
3084.5967400000004
 21
-2752.4349999999995
 31
0.0
  0
LINE
  5
121C
330
17
100
AcDbEntity
  8
dek
100
AcDbLine
 10
3084.5967400000004
 20
-2752.4349999999995
 30
0.0
 11
3041.3054000000006
 21
-2777.4300000000003
 31
0.0
  0
LINE
  5
121D
330
17
100
AcDbEntity
  8
dek
100
AcDbLine
 10
3041.3054000000006
 20
-2777.4300000000003
 30
0.0
 11
2435.0967400000004
 21
-2427.425
 31
0.0
  0
LINE
  5
121E
330
17
100
AcDbEntity
  8
dek
100
AcDbLine
 10
2435.0967400000004
 20
-2427.425
 30
0.0
 11
2478.38808
 21
-2402.4300000000003
 31
0.0
  0
LINE
  5
121F
330
17
100
AcDbEntity
  8
dek
100
AcDbLine
 10
2478.38808
 20
-2406.4300000000003
 30
0.0
 11
2478.38808
 21
-2402.4300000000003
 31
0.0
  0
LINE
  5
1220
330
17
100
AcDbEntity
  8
dek
100
AcDbLine
 10
3084.5967400000004
 20
-2756.4349999999995
 30
0.0
 11
3084.5967400000004
 21
-2752.4349999999995
 31
0.0
  0
LINE
  5
1221
330
17
100
AcDbEntity
  8
dek
100
AcDbLine
 10
2435.0967400000004
 20
-2431.425
 30
0.0
 11
2435.0967400000004
 21
-2427.425
 31
0.0
  0
LINE
  5
1222
330
17
100
AcDbEntity
  8
dek
100
AcDbLine
 10
2608.31406
 20
-3031.425
 30
0.0
 11
2565.0227200000004
 21
-3056.42
 31
0.0
  0
LINE
  5
1223
330
17
100
AcDbEntity
  8
dek
100
AcDbLine
 10
2565.0227200000004
 20
-3056.42
 30
0.0
 11
2521.72272
 21
-3031.42
 31
0.0
  0
LINE
  5
1224
330
17
100
AcDbEntity
  8
dek
100
AcDbLine
 10
2521.72272
 20
-3031.42
 30
0.0
 11
2565.0140600000004
 21
-3006.425
 31
0.0
  0
LINE
  5
1225
330
17
100
AcDbEntity
  8
dek
100
AcDbLine
 10
2608.31406
 20
-3027.425
 30
0.0
 11
2565.0227200000004
 21
-3052.42
 31
0.0
  0
LINE
  5
1226
330
17
100
AcDbEntity
  8
dek
100
AcDbLine
 10
2565.0227200000004
 20
-3052.42
 30
0.0
 11
2521.72272
 21
-3027.42
 31
0.0
  0
LINE
  5
1227
330
17
100
AcDbEntity
  8
dek
100
AcDbLine
 10
2521.72272
 20
-3027.42
 30
0.0
 11
2565.0140600000004
 21
-3002.425
 31
0.0
  0
LINE
  5
1228
330
17
100
AcDbEntity
  8
dek
100
AcDbLine
 10
2565.0227200000004
 20
-3056.42
 30
0.0
 11
2565.0227200000004
 21
-3052.42
 31
0.0
  0
LINE
  5
1229
330
17
100
AcDbEntity
  8
dek
100
AcDbLine
 10
2521.72272
 20
-3031.42
 30
0.0
 11
2521.72272
 21
-3027.42
 31
0.0
  0
LINE
  5
122A
330
17
100
AcDbEntity
  8
baseplate
100
AcDbLine
 10
7664.11732
 20
-4339.889999999999
 30
0.0
 11
7794.01732
 21
-4414.889999999999
 31
0.0
  0
LINE
  5
122B
330
17
100
AcDbEntity
  8
baseplate
100
AcDbLine
 10
7794.01732
 20
-4414.889999999999
 30
0.0
 11
7664.11732
 21
-4489.889999999999
 31
0.0
  0
LINE
  5
122C
330
17
100
AcDbEntity
  8
baseplate
100
AcDbLine
 10
7664.11732
 20
-4489.889999999999
 30
0.0
 11
7534.217320000001
 21
-4414.889999999999
 31
0.0
  0
LINE
  5
122D
330
17
100
AcDbEntity
  8
baseplate
100
AcDbLine
 10
7534.217320000001
 20
-4414.889999999999
 30
0.0
 11
7664.11732
 21
-4339.889999999999
 31
0.0
  0
LINE
  5
122E
330
17
100
AcDbEntity
  8
baseplate
100
AcDbLine
 10
7664.11732
 20
-4331.889999999999
 30
0.0
 11
7794.01732
 21
-4406.889999999999
 31
0.0
  0
LINE
  5
122F
330
17
100
AcDbEntity
  8
baseplate
100
AcDbLine
 10
7794.01732
 20
-4406.889999999999
 30
0.0
 11
7664.11732
 21
-4481.889999999999
 31
0.0
  0
LINE
  5
1230
330
17
100
AcDbEntity
  8
baseplate
100
AcDbLine
 10
7664.11732
 20
-4481.889999999999
 30
0.0
 11
7534.217320000001
 21
-4406.889999999999
 31
0.0
  0
LINE
  5
1231
330
17
100
AcDbEntity
  8
baseplate
100
AcDbLine
 10
7534.217320000001
 20
-4406.889999999999
 30
0.0
 11
7664.11732
 21
-4331.889999999999
 31
0.0
  0
LINE
  5
1232
330
17
100
AcDbEntity
  8
baseplate
100
AcDbLine
 10
7664.11732
 20
-4339.889999999999
 30
0.0
 11
7664.11732
 21
-4331.889999999999
 31
0.0
  0
LINE
  5
1233
330
17
100
AcDbEntity
  8
baseplate
100
AcDbLine
 10
7794.01732
 20
-4414.889999999999
 30
0.0
 11
7794.01732
 21
-4406.889999999999
 31
0.0
  0
LINE
  5
1234
330
17
100
AcDbEntity
  8
baseplate
100
AcDbLine
 10
7664.11732
 20
-4489.889999999999
 30
0.0
 11
7664.11732
 21
-4481.889999999999
 31
0.0
  0
LINE
  5
1235
330
17
100
AcDbEntity
  8
baseplate
100
AcDbLine
 10
7534.217320000001
 20
-4414.889999999999
 30
0.0
 11
7534.217320000001
 21
-4406.889999999999
 31
0.0
  0
LINE
  5
1236
330
17
100
AcDbEntity
  8
baseplate
100
AcDbLine
 10
7664.11732
 20
-4349.889999999999
 30
0.0
 11
7794.01732
 21
-4424.889999999999
 31
0.0
  0
LINE
  5
1237
330
17
100
AcDbEntity
  8
baseplate
100
AcDbLine
 10
7794.01732
 20
-4424.889999999999
 30
0.0
 11
7664.11732
 21
-4499.889999999999
 31
0.0
  0
LINE
  5
1238
330
17
100
AcDbEntity
  8
baseplate
100
AcDbLine
 10
7664.11732
 20
-4499.889999999999
 30
0.0
 11
7534.217320000001
 21
-4424.889999999999
 31
0.0
  0
LINE
  5
1239
330
17
100
AcDbEntity
  8
baseplate
100
AcDbLine
 10
7534.217320000001
 20
-4424.889999999999
 30
0.0
 11
7664.11732
 21
-4349.889999999999
 31
0.0
  0
LINE
  5
123A
330
17
100
AcDbEntity
  8
baseplate
100
AcDbLine
 10
7664.11732
 20
-4349.889999999999
 30
0.0
 11
7664.11732
 21
-4339.889999999999
 31
0.0
  0
LINE
  5
123B
330
17
100
AcDbEntity
  8
baseplate
100
AcDbLine
 10
7794.01732
 20
-4424.889999999999
 30
0.0
 11
7794.01732
 21
-4414.889999999999
 31
0.0
  0
LINE
  5
123C
330
17
100
AcDbEntity
  8
baseplate
100
AcDbLine
 10
7664.11732
 20
-4499.889999999999
 30
0.0
 11
7664.11732
 21
-4489.889999999999
 31
0.0
  0
LINE
  5
123D
330
17
100
AcDbEntity
  8
baseplate
100
AcDbLine
 10
7534.217320000001
 20
-4424.889999999999
 30
0.0
 11
7534.217320000001
 21
-4414.889999999999
 31
0.0
  0
LINE
  5
123E
330
17
100
AcDbEntity
  8
baseplate
100
AcDbLine
 10
6798.074019999999
 20
-4849.915
 30
0.0
 11
6927.97402
 21
-4924.915
 31
0.0
  0
LINE
  5
123F
330
17
100
AcDbEntity
  8
baseplate
100
AcDbLine
 10
6927.97402
 20
-4924.915
 30
0.0
 11
6798.074019999999
 21
-4999.915
 31
0.0
  0
LINE
  5
1240
330
17
100
AcDbEntity
  8
baseplate
100
AcDbLine
 10
6798.074019999999
 20
-4999.915
 30
0.0
 11
6668.1740199999995
 21
-4924.915
 31
0.0
  0
LINE
  5
1241
330
17
100
AcDbEntity
  8
baseplate
100
AcDbLine
 10
6668.1740199999995
 20
-4924.915
 30
0.0
 11
6798.074019999999
 21
-4849.915
 31
0.0
  0
LINE
  5
1242
330
17
100
AcDbEntity
  8
baseplate
100
AcDbLine
 10
6798.074019999999
 20
-4839.915
 30
0.0
 11
6927.97402
 21
-4914.915
 31
0.0
  0
LINE
  5
1243
330
17
100
AcDbEntity
  8
baseplate
100
AcDbLine
 10
6927.97402
 20
-4914.915
 30
0.0
 11
6798.074019999999
 21
-4989.915
 31
0.0
  0
LINE
  5
1244
330
17
100
AcDbEntity
  8
baseplate
100
AcDbLine
 10
6798.074019999999
 20
-4989.915
 30
0.0
 11
6668.1740199999995
 21
-4914.915
 31
0.0
  0
LINE
  5
1245
330
17
100
AcDbEntity
  8
baseplate
100
AcDbLine
 10
6668.1740199999995
 20
-4914.915
 30
0.0
 11
6798.074019999999
 21
-4839.915
 31
0.0
  0
LINE
  5
1246
330
17
100
AcDbEntity
  8
baseplate
100
AcDbLine
 10
6798.074019999999
 20
-4849.915
 30
0.0
 11
6798.074019999999
 21
-4839.915
 31
0.0
  0
LINE
  5
1247
330
17
100
AcDbEntity
  8
baseplate
100
AcDbLine
 10
6927.97402
 20
-4924.915
 30
0.0
 11
6927.97402
 21
-4914.915
 31
0.0
  0
LINE
  5
1248
330
17
100
AcDbEntity
  8
baseplate
100
AcDbLine
 10
6798.074019999999
 20
-4999.915
 30
0.0
 11
6798.074019999999
 21
-4989.915
 31
0.0
  0
LINE
  5
1249
330
17
100
AcDbEntity
  8
baseplate
100
AcDbLine
 10
6668.1740199999995
 20
-4924.915
 30
0.0
 11
6668.1740199999995
 21
-4914.915
 31
0.0
  0
LINE
  5
124A
330
17
100
AcDbEntity
  8
baseplate
100
AcDbLine
 10
6798.074019999999
 20
-4831.915
 30
0.0
 11
6927.97402
 21
-4906.915
 31
0.0
  0
LINE
  5
124B
330
17
100
AcDbEntity
  8
baseplate
100
AcDbLine
 10
6927.97402
 20
-4906.915
 30
0.0
 11
6798.074019999999
 21
-4981.915
 31
0.0
  0
LINE
  5
124C
330
17
100
AcDbEntity
  8
baseplate
100
AcDbLine
 10
6798.074019999999
 20
-4981.915
 30
0.0
 11
6668.1740199999995
 21
-4906.915
 31
0.0
  0
LINE
  5
124D
330
17
100
AcDbEntity
  8
baseplate
100
AcDbLine
 10
6668.1740199999995
 20
-4906.915
 30
0.0
 11
6798.074019999999
 21
-4831.915
 31
0.0
  0
LINE
  5
124E
330
17
100
AcDbEntity
  8
baseplate
100
AcDbLine
 10
6798.074019999999
 20
-4839.915
 30
0.0
 11
6798.074019999999
 21
-4831.915
 31
0.0
  0
LINE
  5
124F
330
17
100
AcDbEntity
  8
baseplate
100
AcDbLine
 10
6927.97402
 20
-4914.915
 30
0.0
 11
6927.97402
 21
-4906.915
 31
0.0
  0
LINE
  5
1250
330
17
100
AcDbEntity
  8
baseplate
100
AcDbLine
 10
6798.074019999999
 20
-4989.915
 30
0.0
 11
6798.074019999999
 21
-4981.915
 31
0.0
  0
LINE
  5
1251
330
17
100
AcDbEntity
  8
baseplate
100
AcDbLine
 10
6668.1740199999995
 20
-4914.915
 30
0.0
 11
6668.1740199999995
 21
-4906.915
 31
0.0
  0
LINE
  5
1252
330
17
100
AcDbEntity
  8
baseplate
100
AcDbLine
 10
5932.03072
 20
-5339.94
 30
0.0
 11
6061.93072
 21
-5414.94
 31
0.0
  0
LINE
  5
1253
330
17
100
AcDbEntity
  8
baseplate
100
AcDbLine
 10
6061.93072
 20
-5414.94
 30
0.0
 11
5932.03072
 21
-5489.94
 31
0.0
  0
LINE
  5
1254
330
17
100
AcDbEntity
  8
baseplate
100
AcDbLine
 10
5932.03072
 20
-5489.94
 30
0.0
 11
5802.13072
 21
-5414.94
 31
0.0
  0
LINE
  5
1255
330
17
100
AcDbEntity
  8
baseplate
100
AcDbLine
 10
5802.13072
 20
-5414.94
 30
0.0
 11
5932.03072
 21
-5339.94
 31
0.0
  0
LINE
  5
1256
330
17
100
AcDbEntity
  8
baseplate
100
AcDbLine
 10
5932.03072
 20
-5331.94
 30
0.0
 11
6061.93072
 21
-5406.94
 31
0.0
  0
LINE
  5
1257
330
17
100
AcDbEntity
  8
baseplate
100
AcDbLine
 10
6061.93072
 20
-5406.94
 30
0.0
 11
5932.03072
 21
-5481.94
 31
0.0
  0
LINE
  5
1258
330
17
100
AcDbEntity
  8
baseplate
100
AcDbLine
 10
5932.03072
 20
-5481.94
 30
0.0
 11
5802.13072
 21
-5406.94
 31
0.0
  0
LINE
  5
1259
330
17
100
AcDbEntity
  8
baseplate
100
AcDbLine
 10
5802.13072
 20
-5406.94
 30
0.0
 11
5932.03072
 21
-5331.94
 31
0.0
  0
LINE
  5
125A
330
17
100
AcDbEntity
  8
baseplate
100
AcDbLine
 10
5932.03072
 20
-5339.94
 30
0.0
 11
5932.03072
 21
-5331.94
 31
0.0
  0
LINE
  5
125B
330
17
100
AcDbEntity
  8
baseplate
100
AcDbLine
 10
6061.93072
 20
-5414.94
 30
0.0
 11
6061.93072
 21
-5406.94
 31
0.0
  0
LINE
  5
125C
330
17
100
AcDbEntity
  8
baseplate
100
AcDbLine
 10
5932.03072
 20
-5489.94
 30
0.0
 11
5932.03072
 21
-5481.94
 31
0.0
  0
LINE
  5
125D
330
17
100
AcDbEntity
  8
baseplate
100
AcDbLine
 10
5802.13072
 20
-5414.94
 30
0.0
 11
5802.13072
 21
-5406.94
 31
0.0
  0
LINE
  5
125E
330
17
100
AcDbEntity
  8
baseplate
100
AcDbLine
 10
5932.03072
 20
-5349.94
 30
0.0
 11
6061.93072
 21
-5424.94
 31
0.0
  0
LINE
  5
125F
330
17
100
AcDbEntity
  8
baseplate
100
AcDbLine
 10
6061.93072
 20
-5424.94
 30
0.0
 11
5932.03072
 21
-5499.94
 31
0.0
  0
LINE
  5
1260
330
17
100
AcDbEntity
  8
baseplate
100
AcDbLine
 10
5932.03072
 20
-5499.94
 30
0.0
 11
5802.13072
 21
-5424.94
 31
0.0
  0
LINE
  5
1261
330
17
100
AcDbEntity
  8
baseplate
100
AcDbLine
 10
5802.13072
 20
-5424.94
 30
0.0
 11
5932.03072
 21
-5349.94
 31
0.0
  0
LINE
  5
1262
330
17
100
AcDbEntity
  8
baseplate
100
AcDbLine
 10
5932.03072
 20
-5349.94
 30
0.0
 11
5932.03072
 21
-5339.94
 31
0.0
  0
LINE
  5
1263
330
17
100
AcDbEntity
  8
baseplate
100
AcDbLine
 10
6061.93072
 20
-5424.94
 30
0.0
 11
6061.93072
 21
-5414.94
 31
0.0
  0
LINE
  5
1264
330
17
100
AcDbEntity
  8
baseplate
100
AcDbLine
 10
5932.03072
 20
-5499.94
 30
0.0
 11
5932.03072
 21
-5489.94
 31
0.0
  0
LINE
  5
1265
330
17
100
AcDbEntity
  8
baseplate
100
AcDbLine
 10
5802.13072
 20
-5424.94
 30
0.0
 11
5802.13072
 21
-5414.94
 31
0.0
  0
LINE
  5
1266
330
17
100
AcDbEntity
  8
baseplate
100
AcDbLine
 10
5065.9874199999995
 20
-5839.965
 30
0.0
 11
5195.887419999999
 21
-5914.965
 31
0.0
  0
LINE
  5
1267
330
17
100
AcDbEntity
  8
baseplate
100
AcDbLine
 10
5195.887419999999
 20
-5914.965
 30
0.0
 11
5065.9874199999995
 21
-5989.965
 31
0.0
  0
LINE
  5
1268
330
17
100
AcDbEntity
  8
baseplate
100
AcDbLine
 10
5065.9874199999995
 20
-5989.965
 30
0.0
 11
4936.087419999999
 21
-5914.965
 31
0.0
  0
LINE
  5
1269
330
17
100
AcDbEntity
  8
baseplate
100
AcDbLine
 10
4936.087419999999
 20
-5914.965
 30
0.0
 11
5065.9874199999995
 21
-5839.965
 31
0.0
  0
LINE
  5
126A
330
17
100
AcDbEntity
  8
baseplate
100
AcDbLine
 10
5065.9874199999995
 20
-5831.965
 30
0.0
 11
5195.887419999999
 21
-5906.965
 31
0.0
  0
LINE
  5
126B
330
17
100
AcDbEntity
  8
baseplate
100
AcDbLine
 10
5195.887419999999
 20
-5906.965
 30
0.0
 11
5065.9874199999995
 21
-5981.965
 31
0.0
  0
LINE
  5
126C
330
17
100
AcDbEntity
  8
baseplate
100
AcDbLine
 10
5065.9874199999995
 20
-5981.965
 30
0.0
 11
4936.087419999999
 21
-5906.965
 31
0.0
  0
LINE
  5
126D
330
17
100
AcDbEntity
  8
baseplate
100
AcDbLine
 10
4936.087419999999
 20
-5906.965
 30
0.0
 11
5065.9874199999995
 21
-5831.965
 31
0.0
  0
LINE
  5
126E
330
17
100
AcDbEntity
  8
baseplate
100
AcDbLine
 10
5065.9874199999995
 20
-5839.965
 30
0.0
 11
5065.9874199999995
 21
-5831.965
 31
0.0
  0
LINE
  5
126F
330
17
100
AcDbEntity
  8
baseplate
100
AcDbLine
 10
5195.887419999999
 20
-5914.965
 30
0.0
 11
5195.887419999999
 21
-5906.965
 31
0.0
  0
LINE
  5
1270
330
17
100
AcDbEntity
  8
baseplate
100
AcDbLine
 10
5065.9874199999995
 20
-5989.965
 30
0.0
 11
5065.9874199999995
 21
-5981.965
 31
0.0
  0
LINE
  5
1271
330
17
100
AcDbEntity
  8
baseplate
100
AcDbLine
 10
4936.087419999999
 20
-5914.965
 30
0.0
 11
4936.087419999999
 21
-5906.965
 31
0.0
  0
LINE
  5
1272
330
17
100
AcDbEntity
  8
baseplate
100
AcDbLine
 10
5065.9874199999995
 20
-5849.965
 30
0.0
 11
5195.887419999999
 21
-5924.965
 31
0.0
  0
LINE
  5
1273
330
17
100
AcDbEntity
  8
baseplate
100
AcDbLine
 10
5195.887419999999
 20
-5924.965
 30
0.0
 11
5065.9874199999995
 21
-5999.965
 31
0.0
  0
LINE
  5
1274
330
17
100
AcDbEntity
  8
baseplate
100
AcDbLine
 10
5065.9874199999995
 20
-5999.965
 30
0.0
 11
4936.087419999999
 21
-5924.965
 31
0.0
  0
LINE
  5
1275
330
17
100
AcDbEntity
  8
baseplate
100
AcDbLine
 10
4936.087419999999
 20
-5924.965
 30
0.0
 11
5065.9874199999995
 21
-5849.965
 31
0.0
  0
LINE
  5
1276
330
17
100
AcDbEntity
  8
baseplate
100
AcDbLine
 10
5065.9874199999995
 20
-5849.965
 30
0.0
 11
5065.9874199999995
 21
-5839.965
 31
0.0
  0
LINE
  5
1277
330
17
100
AcDbEntity
  8
baseplate
100
AcDbLine
 10
5195.887419999999
 20
-5924.965
 30
0.0
 11
5195.887419999999
 21
-5914.965
 31
0.0
  0
LINE
  5
1278
330
17
100
AcDbEntity
  8
baseplate
100
AcDbLine
 10
5065.9874199999995
 20
-5999.965
 30
0.0
 11
5065.9874199999995
 21
-5989.965
 31
0.0
  0
LINE
  5
1279
330
17
100
AcDbEntity
  8
baseplate
100
AcDbLine
 10
4936.087419999999
 20
-5924.965
 30
0.0
 11
4936.087419999999
 21
-5914.965
 31
0.0
  0
LINE
  5
127A
330
17
100
AcDbEntity
  8
baseplate
100
AcDbLine
 10
4199.94412
 20
-6339.99
 30
0.0
 11
4329.84412
 21
-6414.99
 31
0.0
  0
LINE
  5
127B
330
17
100
AcDbEntity
  8
baseplate
100
AcDbLine
 10
4329.84412
 20
-6414.99
 30
0.0
 11
4199.94412
 21
-6489.99
 31
0.0
  0
LINE
  5
127C
330
17
100
AcDbEntity
  8
baseplate
100
AcDbLine
 10
4199.94412
 20
-6489.99
 30
0.0
 11
4070.0441199999996
 21
-6414.99
 31
0.0
  0
LINE
  5
127D
330
17
100
AcDbEntity
  8
baseplate
100
AcDbLine
 10
4070.0441199999996
 20
-6414.99
 30
0.0
 11
4199.94412
 21
-6339.99
 31
0.0
  0
LINE
  5
127E
330
17
100
AcDbEntity
  8
baseplate
100
AcDbLine
 10
4199.94412
 20
-6331.99
 30
0.0
 11
4329.84412
 21
-6406.99
 31
0.0
  0
LINE
  5
127F
330
17
100
AcDbEntity
  8
baseplate
100
AcDbLine
 10
4329.84412
 20
-6406.99
 30
0.0
 11
4199.94412
 21
-6481.99
 31
0.0
  0
LINE
  5
1280
330
17
100
AcDbEntity
  8
baseplate
100
AcDbLine
 10
4199.94412
 20
-6481.99
 30
0.0
 11
4070.0441199999996
 21
-6406.99
 31
0.0
  0
LINE
  5
1281
330
17
100
AcDbEntity
  8
baseplate
100
AcDbLine
 10
4070.0441199999996
 20
-6406.99
 30
0.0
 11
4199.94412
 21
-6331.99
 31
0.0
  0
LINE
  5
1282
330
17
100
AcDbEntity
  8
baseplate
100
AcDbLine
 10
4199.94412
 20
-6339.99
 30
0.0
 11
4199.94412
 21
-6331.99
 31
0.0
  0
LINE
  5
1283
330
17
100
AcDbEntity
  8
baseplate
100
AcDbLine
 10
4329.84412
 20
-6414.99
 30
0.0
 11
4329.84412
 21
-6406.99
 31
0.0
  0
LINE
  5
1284
330
17
100
AcDbEntity
  8
baseplate
100
AcDbLine
 10
4199.94412
 20
-6489.99
 30
0.0
 11
4199.94412
 21
-6481.99
 31
0.0
  0
LINE
  5
1285
330
17
100
AcDbEntity
  8
baseplate
100
AcDbLine
 10
4070.0441199999996
 20
-6414.99
 30
0.0
 11
4070.0441199999996
 21
-6406.99
 31
0.0
  0
LINE
  5
1286
330
17
100
AcDbEntity
  8
baseplate
100
AcDbLine
 10
4199.94412
 20
-6349.99
 30
0.0
 11
4329.84412
 21
-6424.99
 31
0.0
  0
LINE
  5
1287
330
17
100
AcDbEntity
  8
baseplate
100
AcDbLine
 10
4329.84412
 20
-6424.99
 30
0.0
 11
4199.94412
 21
-6499.99
 31
0.0
  0
LINE
  5
1288
330
17
100
AcDbEntity
  8
baseplate
100
AcDbLine
 10
4199.94412
 20
-6499.99
 30
0.0
 11
4070.0441199999996
 21
-6424.99
 31
0.0
  0
LINE
  5
1289
330
17
100
AcDbEntity
  8
baseplate
100
AcDbLine
 10
4070.0441199999996
 20
-6424.99
 30
0.0
 11
4199.94412
 21
-6349.99
 31
0.0
  0
LINE
  5
128A
330
17
100
AcDbEntity
  8
baseplate
100
AcDbLine
 10
4199.94412
 20
-6349.99
 30
0.0
 11
4199.94412
 21
-6339.99
 31
0.0
  0
LINE
  5
128B
330
17
100
AcDbEntity
  8
baseplate
100
AcDbLine
 10
4329.84412
 20
-6424.99
 30
0.0
 11
4329.84412
 21
-6414.99
 31
0.0
  0
LINE
  5
128C
330
17
100
AcDbEntity
  8
baseplate
100
AcDbLine
 10
4199.94412
 20
-6499.99
 30
0.0
 11
4199.94412
 21
-6489.99
 31
0.0
  0
LINE
  5
128D
330
17
100
AcDbEntity
  8
baseplate
100
AcDbLine
 10
4070.0441199999996
 20
-6424.99
 30
0.0
 11
4070.0441199999996
 21
-6414.99
 31
0.0
  0
LINE
  5
128E
330
17
100
AcDbEntity
  8
baseplate
100
AcDbLine
 10
-147.15072000000006
 20
-4830.16
 30
0.0
 11
-17.25072000000006
 21
-4905.16
 31
0.0
  0
LINE
  5
128F
330
17
100
AcDbEntity
  8
baseplate
100
AcDbLine
 10
-17.25072000000006
 20
-4905.16
 30
0.0
 11
-147.15072000000006
 21
-4980.16
 31
0.0
  0
LINE
  5
1290
330
17
100
AcDbEntity
  8
baseplate
100
AcDbLine
 10
-147.15072000000006
 20
-4980.16
 30
0.0
 11
-277.05072000000007
 21
-4905.16
 31
0.0
  0
LINE
  5
1291
330
17
100
AcDbEntity
  8
baseplate
100
AcDbLine
 10
-277.05072000000007
 20
-4905.16
 30
0.0
 11
-147.15072000000006
 21
-4830.16
 31
0.0
  0
LINE
  5
1292
330
17
100
AcDbEntity
  8
baseplate
100
AcDbLine
 10
-147.15072000000006
 20
-4822.16
 30
0.0
 11
-17.25072000000006
 21
-4897.16
 31
0.0
  0
LINE
  5
1293
330
17
100
AcDbEntity
  8
baseplate
100
AcDbLine
 10
-17.25072000000006
 20
-4897.16
 30
0.0
 11
-147.15072000000006
 21
-4972.16
 31
0.0
  0
LINE
  5
1294
330
17
100
AcDbEntity
  8
baseplate
100
AcDbLine
 10
-147.15072000000006
 20
-4972.16
 30
0.0
 11
-277.05072000000007
 21
-4897.16
 31
0.0
  0
LINE
  5
1295
330
17
100
AcDbEntity
  8
baseplate
100
AcDbLine
 10
-277.05072000000007
 20
-4897.16
 30
0.0
 11
-147.15072000000006
 21
-4822.16
 31
0.0
  0
LINE
  5
1296
330
17
100
AcDbEntity
  8
baseplate
100
AcDbLine
 10
-147.15072000000006
 20
-4830.16
 30
0.0
 11
-147.15072000000006
 21
-4822.16
 31
0.0
  0
LINE
  5
1297
330
17
100
AcDbEntity
  8
baseplate
100
AcDbLine
 10
-17.25072000000006
 20
-4905.16
 30
0.0
 11
-17.25072000000006
 21
-4897.16
 31
0.0
  0
LINE
  5
1298
330
17
100
AcDbEntity
  8
baseplate
100
AcDbLine
 10
-147.15072000000006
 20
-4980.16
 30
0.0
 11
-147.15072000000006
 21
-4972.16
 31
0.0
  0
LINE
  5
1299
330
17
100
AcDbEntity
  8
baseplate
100
AcDbLine
 10
-277.05072000000007
 20
-4905.16
 30
0.0
 11
-277.05072000000007
 21
-4897.16
 31
0.0
  0
LINE
  5
129A
330
17
100
AcDbEntity
  8
baseplate
100
AcDbLine
 10
-147.15072000000006
 20
-4840.16
 30
0.0
 11
-17.25072000000006
 21
-4915.16
 31
0.0
  0
LINE
  5
129B
330
17
100
AcDbEntity
  8
baseplate
100
AcDbLine
 10
-17.25072000000006
 20
-4915.16
 30
0.0
 11
-147.15072000000006
 21
-4990.16
 31
0.0
  0
LINE
  5
129C
330
17
100
AcDbEntity
  8
baseplate
100
AcDbLine
 10
-147.15072000000006
 20
-4990.16
 30
0.0
 11
-277.05072000000007
 21
-4915.16
 31
0.0
  0
LINE
  5
129D
330
17
100
AcDbEntity
  8
baseplate
100
AcDbLine
 10
-277.05072000000007
 20
-4915.16
 30
0.0
 11
-147.15072000000006
 21
-4840.16
 31
0.0
  0
LINE
  5
129E
330
17
100
AcDbEntity
  8
baseplate
100
AcDbLine
 10
-147.15072000000006
 20
-4840.16
 30
0.0
 11
-147.15072000000006
 21
-4830.16
 31
0.0
  0
LINE
  5
129F
330
17
100
AcDbEntity
  8
baseplate
100
AcDbLine
 10
-17.25072000000006
 20
-4915.16
 30
0.0
 11
-17.25072000000006
 21
-4905.16
 31
0.0
  0
LINE
  5
12A0
330
17
100
AcDbEntity
  8
baseplate
100
AcDbLine
 10
-147.15072000000006
 20
-4990.16
 30
0.0
 11
-147.15072000000006
 21
-4980.16
 31
0.0
  0
LINE
  5
12A1
330
17
100
AcDbEntity
  8
baseplate
100
AcDbLine
 10
-277.05072000000007
 20
-4915.16
 30
0.0
 11
-277.05072000000007
 21
-4905.16
 31
0.0
  0
LINE
  5
12A2
330
17
100
AcDbEntity
  8
baseplate
100
AcDbLine
 10
1619.2468000000001
 20
-5850.02
 30
0.0
 11
1749.1468000000002
 21
-5925.02
 31
0.0
  0
LINE
  5
12A3
330
17
100
AcDbEntity
  8
baseplate
100
AcDbLine
 10
1749.1468000000002
 20
-5925.02
 30
0.0
 11
1619.2468000000001
 21
-6000.02
 31
0.0
  0
LINE
  5
12A4
330
17
100
AcDbEntity
  8
baseplate
100
AcDbLine
 10
1619.2468000000001
 20
-6000.02
 30
0.0
 11
1489.3468
 21
-5925.02
 31
0.0
  0
LINE
  5
12A5
330
17
100
AcDbEntity
  8
baseplate
100
AcDbLine
 10
1489.3468
 20
-5925.02
 30
0.0
 11
1619.2468000000001
 21
-5850.02
 31
0.0
  0
LINE
  5
12A6
330
17
100
AcDbEntity
  8
baseplate
100
AcDbLine
 10
1619.2468000000001
 20
-5842.02
 30
0.0
 11
1749.1468000000002
 21
-5917.02
 31
0.0
  0
LINE
  5
12A7
330
17
100
AcDbEntity
  8
baseplate
100
AcDbLine
 10
1749.1468000000002
 20
-5917.02
 30
0.0
 11
1619.2468000000001
 21
-5992.02
 31
0.0
  0
LINE
  5
12A8
330
17
100
AcDbEntity
  8
baseplate
100
AcDbLine
 10
1619.2468000000001
 20
-5992.02
 30
0.0
 11
1489.3468
 21
-5917.02
 31
0.0
  0
LINE
  5
12A9
330
17
100
AcDbEntity
  8
baseplate
100
AcDbLine
 10
1489.3468
 20
-5917.02
 30
0.0
 11
1619.2468000000001
 21
-5842.02
 31
0.0
  0
LINE
  5
12AA
330
17
100
AcDbEntity
  8
baseplate
100
AcDbLine
 10
1619.2468000000001
 20
-5850.02
 30
0.0
 11
1619.2468000000001
 21
-5842.02
 31
0.0
  0
LINE
  5
12AB
330
17
100
AcDbEntity
  8
baseplate
100
AcDbLine
 10
1749.1468000000002
 20
-5925.02
 30
0.0
 11
1749.1468000000002
 21
-5917.02
 31
0.0
  0
LINE
  5
12AC
330
17
100
AcDbEntity
  8
baseplate
100
AcDbLine
 10
1619.2468000000001
 20
-6000.02
 30
0.0
 11
1619.2468000000001
 21
-5992.02
 31
0.0
  0
LINE
  5
12AD
330
17
100
AcDbEntity
  8
baseplate
100
AcDbLine
 10
1489.3468
 20
-5925.02
 30
0.0
 11
1489.3468
 21
-5917.02
 31
0.0
  0
LINE
  5
12AE
330
17
100
AcDbEntity
  8
baseplate
100
AcDbLine
 10
1619.2468000000001
 20
-5860.02
 30
0.0
 11
1749.1468000000002
 21
-5935.02
 31
0.0
  0
LINE
  5
12AF
330
17
100
AcDbEntity
  8
baseplate
100
AcDbLine
 10
1749.1468000000002
 20
-5935.02
 30
0.0
 11
1619.2468000000001
 21
-6010.02
 31
0.0
  0
LINE
  5
12B0
330
17
100
AcDbEntity
  8
baseplate
100
AcDbLine
 10
1619.2468000000001
 20
-6010.02
 30
0.0
 11
1489.3468
 21
-5935.02
 31
0.0
  0
LINE
  5
12B1
330
17
100
AcDbEntity
  8
baseplate
100
AcDbLine
 10
1489.3468
 20
-5935.02
 30
0.0
 11
1619.2468000000001
 21
-5860.02
 31
0.0
  0
LINE
  5
12B2
330
17
100
AcDbEntity
  8
baseplate
100
AcDbLine
 10
1619.2468000000001
 20
-5860.02
 30
0.0
 11
1619.2468000000001
 21
-5850.02
 31
0.0
  0
LINE
  5
12B3
330
17
100
AcDbEntity
  8
baseplate
100
AcDbLine
 10
1749.1468000000002
 20
-5935.02
 30
0.0
 11
1749.1468000000002
 21
-5925.02
 31
0.0
  0
LINE
  5
12B4
330
17
100
AcDbEntity
  8
baseplate
100
AcDbLine
 10
1619.2468000000001
 20
-6010.02
 30
0.0
 11
1619.2468000000001
 21
-6000.02
 31
0.0
  0
LINE
  5
12B5
330
17
100
AcDbEntity
  8
baseplate
100
AcDbLine
 10
1489.3468
 20
-5935.02
 30
0.0
 11
1489.3468
 21
-5925.02
 31
0.0
  0
LINE
  5
12B6
330
17
100
AcDbEntity
  8
baseplate
100
AcDbLine
 10
6261.188659999999
 20
-8530.125
 30
0.0
 11
6391.088659999999
 21
-8605.125
 31
0.0
  0
LINE
  5
12B7
330
17
100
AcDbEntity
  8
baseplate
100
AcDbLine
 10
6391.088659999999
 20
-8605.125
 30
0.0
 11
6261.188659999999
 21
-8680.125
 31
0.0
  0
LINE
  5
12B8
330
17
100
AcDbEntity
  8
baseplate
100
AcDbLine
 10
6261.188659999999
 20
-8680.125
 30
0.0
 11
6131.288659999999
 21
-8605.125
 31
0.0
  0
LINE
  5
12B9
330
17
100
AcDbEntity
  8
baseplate
100
AcDbLine
 10
6131.288659999999
 20
-8605.125
 30
0.0
 11
6261.188659999999
 21
-8530.125
 31
0.0
  0
LINE
  5
12BA
330
17
100
AcDbEntity
  8
baseplate
100
AcDbLine
 10
6261.188659999999
 20
-8522.125
 30
0.0
 11
6391.088659999999
 21
-8597.125
 31
0.0
  0
LINE
  5
12BB
330
17
100
AcDbEntity
  8
baseplate
100
AcDbLine
 10
6391.088659999999
 20
-8597.125
 30
0.0
 11
6261.188659999999
 21
-8672.125
 31
0.0
  0
LINE
  5
12BC
330
17
100
AcDbEntity
  8
baseplate
100
AcDbLine
 10
6261.188659999999
 20
-8672.125
 30
0.0
 11
6131.288659999999
 21
-8597.125
 31
0.0
  0
LINE
  5
12BD
330
17
100
AcDbEntity
  8
baseplate
100
AcDbLine
 10
6131.288659999999
 20
-8597.125
 30
0.0
 11
6261.188659999999
 21
-8522.125
 31
0.0
  0
LINE
  5
12BE
330
17
100
AcDbEntity
  8
baseplate
100
AcDbLine
 10
6261.188659999999
 20
-8530.125
 30
0.0
 11
6261.188659999999
 21
-8522.125
 31
0.0
  0
LINE
  5
12BF
330
17
100
AcDbEntity
  8
baseplate
100
AcDbLine
 10
6391.088659999999
 20
-8605.125
 30
0.0
 11
6391.088659999999
 21
-8597.125
 31
0.0
  0
LINE
  5
12C0
330
17
100
AcDbEntity
  8
baseplate
100
AcDbLine
 10
6261.188659999999
 20
-8680.125
 30
0.0
 11
6261.188659999999
 21
-8672.125
 31
0.0
  0
LINE
  5
12C1
330
17
100
AcDbEntity
  8
baseplate
100
AcDbLine
 10
6131.288659999999
 20
-8605.125
 30
0.0
 11
6131.288659999999
 21
-8597.125
 31
0.0
  0
LINE
  5
12C2
330
17
100
AcDbEntity
  8
baseplate
100
AcDbLine
 10
6261.188659999999
 20
-8540.125
 30
0.0
 11
6391.088659999999
 21
-8615.125
 31
0.0
  0
LINE
  5
12C3
330
17
100
AcDbEntity
  8
baseplate
100
AcDbLine
 10
6391.088659999999
 20
-8615.125
 30
0.0
 11
6261.188659999999
 21
-8690.125
 31
0.0
  0
LINE
  5
12C4
330
17
100
AcDbEntity
  8
baseplate
100
AcDbLine
 10
6261.188659999999
 20
-8690.125
 30
0.0
 11
6131.288659999999
 21
-8615.125
 31
0.0
  0
LINE
  5
12C5
330
17
100
AcDbEntity
  8
baseplate
100
AcDbLine
 10
6131.288659999999
 20
-8615.125
 30
0.0
 11
6261.188659999999
 21
-8540.125
 31
0.0
  0
LINE
  5
12C6
330
17
100
AcDbEntity
  8
baseplate
100
AcDbLine
 10
6261.188659999999
 20
-8540.125
 30
0.0
 11
6261.188659999999
 21
-8530.125
 31
0.0
  0
LINE
  5
12C7
330
17
100
AcDbEntity
  8
baseplate
100
AcDbLine
 10
6391.088659999999
 20
-8615.125
 30
0.0
 11
6391.088659999999
 21
-8605.125
 31
0.0
  0
LINE
  5
12C8
330
17
100
AcDbEntity
  8
baseplate
100
AcDbLine
 10
6261.188659999999
 20
-8690.125
 30
0.0
 11
6261.188659999999
 21
-8680.125
 31
0.0
  0
LINE
  5
12C9
330
17
100
AcDbEntity
  8
baseplate
100
AcDbLine
 10
6131.288659999999
 20
-8615.125
 30
0.0
 11
6131.288659999999
 21
-8605.125
 31
0.0
  0
LINE
  5
12CA
330
17
100
AcDbEntity
  8
baseplate
100
AcDbLine
 10
6815.2381399999995
 20
-8850.015
 30
0.0
 11
6945.13814
 21
-8925.015
 31
0.0
  0
LINE
  5
12CB
330
17
100
AcDbEntity
  8
baseplate
100
AcDbLine
 10
6945.13814
 20
-8925.015
 30
0.0
 11
6815.2381399999995
 21
-9000.015
 31
0.0
  0
LINE
  5
12CC
330
17
100
AcDbEntity
  8
baseplate
100
AcDbLine
 10
6815.2381399999995
 20
-9000.015
 30
0.0
 11
6685.33814
 21
-8925.015
 31
0.0
  0
LINE
  5
12CD
330
17
100
AcDbEntity
  8
baseplate
100
AcDbLine
 10
6685.33814
 20
-8925.015
 30
0.0
 11
6815.2381399999995
 21
-8850.015
 31
0.0
  0
LINE
  5
12CE
330
17
100
AcDbEntity
  8
baseplate
100
AcDbLine
 10
6815.2381399999995
 20
-8842.015
 30
0.0
 11
6945.13814
 21
-8917.015
 31
0.0
  0
LINE
  5
12CF
330
17
100
AcDbEntity
  8
baseplate
100
AcDbLine
 10
6945.13814
 20
-8917.015
 30
0.0
 11
6815.2381399999995
 21
-8992.015
 31
0.0
  0
LINE
  5
12D0
330
17
100
AcDbEntity
  8
baseplate
100
AcDbLine
 10
6815.2381399999995
 20
-8992.015
 30
0.0
 11
6685.33814
 21
-8917.015
 31
0.0
  0
LINE
  5
12D1
330
17
100
AcDbEntity
  8
baseplate
100
AcDbLine
 10
6685.33814
 20
-8917.015
 30
0.0
 11
6815.2381399999995
 21
-8842.015
 31
0.0
  0
LINE
  5
12D2
330
17
100
AcDbEntity
  8
baseplate
100
AcDbLine
 10
6815.2381399999995
 20
-8850.015
 30
0.0
 11
6815.2381399999995
 21
-8842.015
 31
0.0
  0
LINE
  5
12D3
330
17
100
AcDbEntity
  8
baseplate
100
AcDbLine
 10
6945.13814
 20
-8925.015
 30
0.0
 11
6945.13814
 21
-8917.015
 31
0.0
  0
LINE
  5
12D4
330
17
100
AcDbEntity
  8
baseplate
100
AcDbLine
 10
6815.2381399999995
 20
-9000.015
 30
0.0
 11
6815.2381399999995
 21
-8992.015
 31
0.0
  0
LINE
  5
12D5
330
17
100
AcDbEntity
  8
baseplate
100
AcDbLine
 10
6685.33814
 20
-8925.015
 30
0.0
 11
6685.33814
 21
-8917.015
 31
0.0
  0
LINE
  5
12D6
330
17
100
AcDbEntity
  8
baseplate
100
AcDbLine
 10
6815.2381399999995
 20
-8860.015
 30
0.0
 11
6945.13814
 21
-8935.015
 31
0.0
  0
LINE
  5
12D7
330
17
100
AcDbEntity
  8
baseplate
100
AcDbLine
 10
6945.13814
 20
-8935.015
 30
0.0
 11
6815.2381399999995
 21
-9010.015
 31
0.0
  0
LINE
  5
12D8
330
17
100
AcDbEntity
  8
baseplate
100
AcDbLine
 10
6815.2381399999995
 20
-9010.015
 30
0.0
 11
6685.33814
 21
-8935.015
 31
0.0
  0
LINE
  5
12D9
330
17
100
AcDbEntity
  8
baseplate
100
AcDbLine
 10
6685.33814
 20
-8935.015
 30
0.0
 11
6815.2381399999995
 21
-8860.015
 31
0.0
  0
LINE
  5
12DA
330
17
100
AcDbEntity
  8
baseplate
100
AcDbLine
 10
6815.2381399999995
 20
-8860.015
 30
0.0
 11
6815.2381399999995
 21
-8850.015
 31
0.0
  0
LINE
  5
12DB
330
17
100
AcDbEntity
  8
baseplate
100
AcDbLine
 10
6945.13814
 20
-8935.015
 30
0.0
 11
6945.13814
 21
-8925.015
 31
0.0
  0
LINE
  5
12DC
330
17
100
AcDbEntity
  8
baseplate
100
AcDbLine
 10
6815.2381399999995
 20
-9010.015
 30
0.0
 11
6815.2381399999995
 21
-9000.015
 31
0.0
  0
LINE
  5
12DD
330
17
100
AcDbEntity
  8
baseplate
100
AcDbLine
 10
6685.33814
 20
-8935.015
 30
0.0
 11
6685.33814
 21
-8925.015
 31
0.0
  0
LINE
  5
12DE
330
17
100
AcDbEntity
  8
baseplate
100
AcDbLine
 10
-2294.9
 20
-1590.0300000000002
 30
0.0
 11
-2165.0
 21
-1665.0300000000002
 31
0.0
  0
LINE
  5
12DF
330
17
100
AcDbEntity
  8
baseplate
100
AcDbLine
 10
-2165.0
 20
-1665.0300000000002
 30
0.0
 11
-2294.9
 21
-1740.0300000000002
 31
0.0
  0
LINE
  5
12E0
330
17
100
AcDbEntity
  8
baseplate
100
AcDbLine
 10
-2294.9
 20
-1740.0300000000002
 30
0.0
 11
-2424.8
 21
-1665.0300000000002
 31
0.0
  0
LINE
  5
12E1
330
17
100
AcDbEntity
  8
baseplate
100
AcDbLine
 10
-2424.8
 20
-1665.0300000000002
 30
0.0
 11
-2294.9
 21
-1590.0300000000002
 31
0.0
  0
LINE
  5
12E2
330
17
100
AcDbEntity
  8
baseplate
100
AcDbLine
 10
-2294.9
 20
-1582.0300000000002
 30
0.0
 11
-2165.0
 21
-1657.0300000000002
 31
0.0
  0
LINE
  5
12E3
330
17
100
AcDbEntity
  8
baseplate
100
AcDbLine
 10
-2165.0
 20
-1657.0300000000002
 30
0.0
 11
-2294.9
 21
-1732.0300000000002
 31
0.0
  0
LINE
  5
12E4
330
17
100
AcDbEntity
  8
baseplate
100
AcDbLine
 10
-2294.9
 20
-1732.0300000000002
 30
0.0
 11
-2424.8
 21
-1657.0300000000002
 31
0.0
  0
LINE
  5
12E5
330
17
100
AcDbEntity
  8
baseplate
100
AcDbLine
 10
-2424.8
 20
-1657.0300000000002
 30
0.0
 11
-2294.9
 21
-1582.0300000000002
 31
0.0
  0
LINE
  5
12E6
330
17
100
AcDbEntity
  8
baseplate
100
AcDbLine
 10
-2294.9
 20
-1590.0300000000002
 30
0.0
 11
-2294.9
 21
-1582.0300000000002
 31
0.0
  0
LINE
  5
12E7
330
17
100
AcDbEntity
  8
baseplate
100
AcDbLine
 10
-2165.0
 20
-1665.0300000000002
 30
0.0
 11
-2165.0
 21
-1657.0300000000002
 31
0.0
  0
LINE
  5
12E8
330
17
100
AcDbEntity
  8
baseplate
100
AcDbLine
 10
-2294.9
 20
-1740.0300000000002
 30
0.0
 11
-2294.9
 21
-1732.0300000000002
 31
0.0
  0
LINE
  5
12E9
330
17
100
AcDbEntity
  8
baseplate
100
AcDbLine
 10
-2424.8
 20
-1665.0300000000002
 30
0.0
 11
-2424.8
 21
-1657.0300000000002
 31
0.0
  0
LINE
  5
12EA
330
17
100
AcDbEntity
  8
baseplate
100
AcDbLine
 10
-2294.9
 20
-1600.0300000000002
 30
0.0
 11
-2165.0
 21
-1675.0300000000002
 31
0.0
  0
LINE
  5
12EB
330
17
100
AcDbEntity
  8
baseplate
100
AcDbLine
 10
-2165.0
 20
-1675.0300000000002
 30
0.0
 11
-2294.9
 21
-1750.0300000000002
 31
0.0
  0
LINE
  5
12EC
330
17
100
AcDbEntity
  8
baseplate
100
AcDbLine
 10
-2294.9
 20
-1750.0300000000002
 30
0.0
 11
-2424.8
 21
-1675.0300000000002
 31
0.0
  0
LINE
  5
12ED
330
17
100
AcDbEntity
  8
baseplate
100
AcDbLine
 10
-2424.8
 20
-1675.0300000000002
 30
0.0
 11
-2294.9
 21
-1600.0300000000002
 31
0.0
  0
LINE
  5
12EE
330
17
100
AcDbEntity
  8
baseplate
100
AcDbLine
 10
-2294.9
 20
-1600.0300000000002
 30
0.0
 11
-2294.9
 21
-1590.0300000000002
 31
0.0
  0
LINE
  5
12EF
330
17
100
AcDbEntity
  8
baseplate
100
AcDbLine
 10
-2165.0
 20
-1675.0300000000002
 30
0.0
 11
-2165.0
 21
-1665.0300000000002
 31
0.0
  0
LINE
  5
12F0
330
17
100
AcDbEntity
  8
baseplate
100
AcDbLine
 10
-2294.9
 20
-1750.0300000000002
 30
0.0
 11
-2294.9
 21
-1740.0300000000002
 31
0.0
  0
LINE
  5
12F1
330
17
100
AcDbEntity
  8
baseplate
100
AcDbLine
 10
-2424.8
 20
-1675.0300000000002
 30
0.0
 11
-2424.8
 21
-1665.0300000000002
 31
0.0
  0
LINE
  5
12F2
330
17
100
AcDbEntity
  8
baseplate
100
AcDbLine
 10
12427.134639999998
 20
-10090.05
 30
0.0
 11
12557.03464
 21
-10165.05
 31
0.0
  0
LINE
  5
12F3
330
17
100
AcDbEntity
  8
baseplate
100
AcDbLine
 10
12557.03464
 20
-10165.05
 30
0.0
 11
12427.134639999998
 21
-10240.05
 31
0.0
  0
LINE
  5
12F4
330
17
100
AcDbEntity
  8
baseplate
100
AcDbLine
 10
12427.134639999998
 20
-10240.05
 30
0.0
 11
12297.234639999999
 21
-10165.05
 31
0.0
  0
LINE
  5
12F5
330
17
100
AcDbEntity
  8
baseplate
100
AcDbLine
 10
12297.234639999999
 20
-10165.05
 30
0.0
 11
12427.134639999998
 21
-10090.05
 31
0.0
  0
LINE
  5
12F6
330
17
100
AcDbEntity
  8
baseplate
100
AcDbLine
 10
12427.134639999998
 20
-10082.05
 30
0.0
 11
12557.03464
 21
-10157.05
 31
0.0
  0
LINE
  5
12F7
330
17
100
AcDbEntity
  8
baseplate
100
AcDbLine
 10
12557.03464
 20
-10157.05
 30
0.0
 11
12427.134639999998
 21
-10232.05
 31
0.0
  0
LINE
  5
12F8
330
17
100
AcDbEntity
  8
baseplate
100
AcDbLine
 10
12427.134639999998
 20
-10232.05
 30
0.0
 11
12297.234639999999
 21
-10157.05
 31
0.0
  0
LINE
  5
12F9
330
17
100
AcDbEntity
  8
baseplate
100
AcDbLine
 10
12297.234639999999
 20
-10157.05
 30
0.0
 11
12427.134639999998
 21
-10082.05
 31
0.0
  0
LINE
  5
12FA
330
17
100
AcDbEntity
  8
baseplate
100
AcDbLine
 10
12427.134639999998
 20
-10090.05
 30
0.0
 11
12427.134639999998
 21
-10082.05
 31
0.0
  0
LINE
  5
12FB
330
17
100
AcDbEntity
  8
baseplate
100
AcDbLine
 10
12557.03464
 20
-10165.05
 30
0.0
 11
12557.03464
 21
-10157.05
 31
0.0
  0
LINE
  5
12FC
330
17
100
AcDbEntity
  8
baseplate
100
AcDbLine
 10
12427.134639999998
 20
-10240.05
 30
0.0
 11
12427.134639999998
 21
-10232.05
 31
0.0
  0
LINE
  5
12FD
330
17
100
AcDbEntity
  8
baseplate
100
AcDbLine
 10
12297.234639999999
 20
-10165.05
 30
0.0
 11
12297.234639999999
 21
-10157.05
 31
0.0
  0
LINE
  5
12FE
330
17
100
AcDbEntity
  8
baseplate
100
AcDbLine
 10
12427.134639999998
 20
-10100.05
 30
0.0
 11
12557.03464
 21
-10175.05
 31
0.0
  0
LINE
  5
12FF
330
17
100
AcDbEntity
  8
baseplate
100
AcDbLine
 10
12557.03464
 20
-10175.05
 30
0.0
 11
12427.134639999998
 21
-10250.05
 31
0.0
  0
LINE
  5
1300
330
17
100
AcDbEntity
  8
baseplate
100
AcDbLine
 10
12427.134639999998
 20
-10250.05
 30
0.0
 11
12297.234639999999
 21
-10175.05
 31
0.0
  0
LINE
  5
1301
330
17
100
AcDbEntity
  8
baseplate
100
AcDbLine
 10
12297.234639999999
 20
-10175.05
 30
0.0
 11
12427.134639999998
 21
-10100.05
 31
0.0
  0
LINE
  5
1302
330
17
100
AcDbEntity
  8
baseplate
100
AcDbLine
 10
12427.134639999998
 20
-10100.05
 30
0.0
 11
12427.134639999998
 21
-10090.05
 31
0.0
  0
LINE
  5
1303
330
17
100
AcDbEntity
  8
baseplate
100
AcDbLine
 10
12557.03464
 20
-10175.05
 30
0.0
 11
12557.03464
 21
-10165.05
 31
0.0
  0
LINE
  5
1304
330
17
100
AcDbEntity
  8
baseplate
100
AcDbLine
 10
12427.134639999998
 20
-10250.05
 30
0.0
 11
12427.134639999998
 21
-10240.05
 31
0.0
  0
LINE
  5
1305
330
17
100
AcDbEntity
  8
baseplate
100
AcDbLine
 10
12297.234639999999
 20
-10175.05
 30
0.0
 11
12297.234639999999
 21
-10165.05
 31
0.0
  0
LINE
  5
1306
330
17
100
AcDbEntity
  8
balok
100
AcDbLine
 10
-4308.4279400000005
 20
-91.57499999999982
 30
0.0
 11
289.96277999999995
 21
-2746.535
 31
0.0
  0
LINE
  5
1307
330
17
100
AcDbEntity
  8
balok
100
AcDbLine
 10
289.96277999999995
 20
-2746.535
 30
0.0
 11
246.66277999999994
 21
-2771.535
 31
0.0
  0
LINE
  5
1308
330
17
100
AcDbEntity
  8
balok
100
AcDbLine
 10
246.66277999999994
 20
-2771.535
 30
0.0
 11
-4351.72794
 21
-116.57499999999982
 31
0.0
  0
LINE
  5
1309
330
17
100
AcDbEntity
  8
balok
100
AcDbLine
 10
-4351.72794
 20
-116.57499999999982
 30
0.0
 11
-4308.4279400000005
 21
-91.57499999999982
 31
0.0
  0
LINE
  5
130A
330
17
100
AcDbEntity
  8
balok
100
AcDbLine
 10
-4308.4279400000005
 20
8.425000000000182
 30
0.0
 11
289.96277999999995
 21
-2646.535
 31
0.0
  0
LINE
  5
130B
330
17
100
AcDbEntity
  8
balok
100
AcDbLine
 10
289.96277999999995
 20
-2646.535
 30
0.0
 11
246.66277999999994
 21
-2671.535
 31
0.0
  0
LINE
  5
130C
330
17
100
AcDbEntity
  8
balok
100
AcDbLine
 10
246.66277999999994
 20
-2671.535
 30
0.0
 11
-4351.72794
 21
-16.574999999999818
 31
0.0
  0
LINE
  5
130D
330
17
100
AcDbEntity
  8
balok
100
AcDbLine
 10
-4351.72794
 20
-16.574999999999818
 30
0.0
 11
-4308.4279400000005
 21
8.425000000000182
 31
0.0
  0
LINE
  5
130E
330
17
100
AcDbEntity
  8
balok
100
AcDbLine
 10
-4308.4279400000005
 20
-91.57499999999982
 30
0.0
 11
-4308.4279400000005
 21
8.425000000000182
 31
0.0
  0
LINE
  5
130F
330
17
100
AcDbEntity
  8
balok
100
AcDbLine
 10
289.96277999999995
 20
-2746.535
 30
0.0
 11
289.96277999999995
 21
-2646.535
 31
0.0
  0
LINE
  5
1310
330
17
100
AcDbEntity
  8
balok
100
AcDbLine
 10
246.66277999999994
 20
-2771.535
 30
0.0
 11
246.66277999999994
 21
-2671.535
 31
0.0
  0
LINE
  5
1311
330
17
100
AcDbEntity
  8
balok
100
AcDbLine
 10
-4351.72794
 20
-116.57499999999982
 30
0.0
 11
-4351.72794
 21
-16.574999999999818
 31
0.0
  0
LINE
  5
1312
330
17
100
AcDbEntity
  8
balok
100
AcDbLine
 10
289.96277999999995
 20
-2746.535
 30
0.0
 11
4888.353500000001
 21
-5401.495000000001
 31
0.0
  0
LINE
  5
1313
330
17
100
AcDbEntity
  8
balok
100
AcDbLine
 10
4888.353500000001
 20
-5401.495000000001
 30
0.0
 11
4845.053500000001
 21
-5426.495000000001
 31
0.0
  0
LINE
  5
1314
330
17
100
AcDbEntity
  8
balok
100
AcDbLine
 10
4845.053500000001
 20
-5426.495000000001
 30
0.0
 11
246.66277999999994
 21
-2771.535
 31
0.0
  0
LINE
  5
1315
330
17
100
AcDbEntity
  8
balok
100
AcDbLine
 10
289.96277999999995
 20
-2646.535
 30
0.0
 11
4888.353500000001
 21
-5301.495000000001
 31
0.0
  0
LINE
  5
1316
330
17
100
AcDbEntity
  8
balok
100
AcDbLine
 10
4888.353500000001
 20
-5301.495000000001
 30
0.0
 11
4845.053500000001
 21
-5326.495000000001
 31
0.0
  0
LINE
  5
1317
330
17
100
AcDbEntity
  8
balok
100
AcDbLine
 10
4845.053500000001
 20
-5326.495000000001
 30
0.0
 11
246.66277999999994
 21
-2671.535
 31
0.0
  0
LINE
  5
1318
330
17
100
AcDbEntity
  8
balok
100
AcDbLine
 10
4888.353500000001
 20
-5401.495000000001
 30
0.0
 11
4888.353500000001
 21
-5301.495000000001
 31
0.0
  0
LINE
  5
1319
330
17
100
AcDbEntity
  8
balok
100
AcDbLine
 10
4845.053500000001
 20
-5426.495000000001
 30
0.0
 11
4845.053500000001
 21
-5326.495000000001
 31
0.0
  0
LINE
  5
131A
330
17
100
AcDbEntity
  8
balok
100
AcDbLine
 10
4888.353500000001
 20
-5401.495000000001
 30
0.0
 11
9487.01268
 21
-8056.610000000001
 31
0.0
  0
LINE
  5
131B
330
17
100
AcDbEntity
  8
balok
100
AcDbLine
 10
9487.01268
 20
-8056.610000000001
 30
0.0
 11
9443.712679999999
 21
-8081.610000000001
 31
0.0
  0
LINE
  5
131C
330
17
100
AcDbEntity
  8
balok
100
AcDbLine
 10
9443.712679999999
 20
-8081.610000000001
 30
0.0
 11
4845.053500000001
 21
-5426.495000000001
 31
0.0
  0
LINE
  5
131D
330
17
100
AcDbEntity
  8
balok
100
AcDbLine
 10
4888.353500000001
 20
-5301.495000000001
 30
0.0
 11
9487.01268
 21
-7956.610000000001
 31
0.0
  0
LINE
  5
131E
330
17
100
AcDbEntity
  8
balok
100
AcDbLine
 10
9487.01268
 20
-7956.610000000001
 30
0.0
 11
9443.712679999999
 21
-7981.610000000001
 31
0.0
  0
LINE
  5
131F
330
17
100
AcDbEntity
  8
balok
100
AcDbLine
 10
9443.712679999999
 20
-7981.610000000001
 30
0.0
 11
4845.053500000001
 21
-5326.495000000001
 31
0.0
  0
LINE
  5
1320
330
17
100
AcDbEntity
  8
balok
100
AcDbLine
 10
9487.01268
 20
-8056.610000000001
 30
0.0
 11
9487.01268
 21
-7956.610000000001
 31
0.0
  0
LINE
  5
1321
330
17
100
AcDbEntity
  8
balok
100
AcDbLine
 10
9443.712679999999
 20
-8081.610000000001
 30
0.0
 11
9443.712679999999
 21
-7981.610000000001
 31
0.0
  0
LINE
  5
1322
330
17
100
AcDbEntity
  8
balok
100
AcDbLine
 10
9487.01268
 20
-8056.610000000001
 30
0.0
 11
11019.806700000001
 21
-8941.595
 31
0.0
  0
LINE
  5
1323
330
17
100
AcDbEntity
  8
balok
100
AcDbLine
 10
11019.806700000001
 20
-8941.595
 30
0.0
 11
10976.5067
 21
-8966.595
 31
0.0
  0
LINE
  5
1324
330
17
100
AcDbEntity
  8
balok
100
AcDbLine
 10
10976.5067
 20
-8966.595
 30
0.0
 11
9443.712679999999
 21
-8081.610000000001
 31
0.0
  0
LINE
  5
1325
330
17
100
AcDbEntity
  8
balok
100
AcDbLine
 10
9487.01268
 20
-7956.610000000001
 30
0.0
 11
11019.806700000001
 21
-8841.595
 31
0.0
  0
LINE
  5
1326
330
17
100
AcDbEntity
  8
balok
100
AcDbLine
 10
11019.806700000001
 20
-8841.595
 30
0.0
 11
10976.5067
 21
-8866.595
 31
0.0
  0
LINE
  5
1327
330
17
100
AcDbEntity
  8
balok
100
AcDbLine
 10
10976.5067
 20
-8866.595
 30
0.0
 11
9443.712679999999
 21
-7981.610000000001
 31
0.0
  0
LINE
  5
1328
330
17
100
AcDbEntity
  8
balok
100
AcDbLine
 10
11019.806700000001
 20
-8941.595
 30
0.0
 11
11019.806700000001
 21
-8841.595
 31
0.0
  0
LINE
  5
1329
330
17
100
AcDbEntity
  8
balok
100
AcDbLine
 10
10976.5067
 20
-8966.595
 30
0.0
 11
10976.5067
 21
-8866.595
 31
0.0
  0
TEXT
  5
132A
330
17
100
AcDbEntity
  8
dim
100
AcDbText
 10
0.0
 20
2000.0
 30
0.0
 40
180.0
  1
RHS 50 x 100 x 2,3 / DEK 4 / DUDUKAN 150 x 150 / 8 X
100
AcDbText
  0
TEXT
  5
132B
330
17
100
AcDbEntity
  8
dim
100
AcDbText
 10
-5247.588187162179
 20
3749.9946959191257
 30
0.0
 40
198.7540936844596
  1
R03 / LOD 200 / mm / KOORDINASI
100
AcDbText
  0
ENDSEC
  0
SECTION
  2
OBJECTS
  0
DICTIONARY
  5
A
330
0
100
AcDbDictionary
281
1
  3
ACAD_COLOR
350
B
  3
ACAD_GROUP
350
C
  3
ACAD_LAYOUT
350
D
  3
ACAD_MATERIAL
350
E
  3
ACAD_MLEADERSTYLE
350
F
  3
ACAD_MLINESTYLE
350
10
  3
ACAD_PLOTSETTINGS
350
11
  3
ACAD_PLOTSTYLENAME
350
12
  3
ACAD_SCALELIST
350
14
  3
ACAD_TABLESTYLE
350
15
  3
ACAD_VISUALSTYLE
350
16
  3
EZDXF_META
350
2D
  0
DICTIONARY
  5
B
330
A
100
AcDbDictionary
281
1
  0
DICTIONARY
  5
C
330
A
100
AcDbDictionary
281
1
  0
DICTIONARY
  5
D
330
A
100
AcDbDictionary
281
1
  3
Model
350
1A
  3
Layout1
350
1E
  0
DICTIONARY
  5
E
330
A
100
AcDbDictionary
281
1
  3
ByBlock
350
1F
  3
ByLayer
350
20
  3
Global
350
21
  0
DICTIONARY
  5
F
330
A
100
AcDbDictionary
281
1
  3
Standard
350
2C
  0
DICTIONARY
  5
10
330
A
100
AcDbDictionary
281
1
  3
Standard
350
22
  0
DICTIONARY
  5
11
330
A
100
AcDbDictionary
281
1
  0
ACDBDICTIONARYWDFLT
  5
12
330
A
100
AcDbDictionary
281
1
  3
Normal
350
13
100
AcDbDictionaryWithDefault
340
13
  0
ACDBPLACEHOLDER
  5
13
330
12
  0
DICTIONARY
  5
14
330
A
100
AcDbDictionary
281
1
  0
DICTIONARY
  5
15
330
A
100
AcDbDictionary
281
1
  0
DICTIONARY
  5
16
330
A
100
AcDbDictionary
281
1
  0
LAYOUT
  5
1A
330
D
100
AcDbPlotSettings
  1

  4
A3
  6

 40
7.5
 41
20.0
 42
7.5
 43
20.0
 44
420.0
 45
297.0
 46
0.0
 47
0.0
 48
0.0
 49
0.0
140
0.0
141
0.0
142
1.0
143
1.0
 70
1024
 72
1
 73
0
 74
5
  7

 75
16
 76
0
 77
2
 78
300
147
1.0
148
0.0
149
0.0
100
AcDbLayout
  1
Model
 70
1
 71
0
 10
0.0
 20
0.0
 11
420.0
 21
297.0
 12
0.0
 22
0.0
 32
0.0
 14
1e+20
 24
1e+20
 34
1e+20
 15
-1e+20
 25
-1e+20
 35
-1e+20
146
0.0
 13
0.0
 23
0.0
 33
0.0
 16
1.0
 26
0.0
 36
0.0
 17
0.0
 27
1.0
 37
0.0
 76
1
330
17
  0
LAYOUT
  5
1E
330
D
100
AcDbPlotSettings
  1

  4
A3
  6

 40
7.5
 41
20.0
 42
7.5
 43
20.0
 44
420.0
 45
297.0
 46
0.0
 47
0.0
 48
0.0
 49
0.0
140
0.0
141
0.0
142
1.0
143
1.0
 70
0
 72
1
 73
0
 74
5
  7

 75
16
 76
0
 77
2
 78
300
147
1.0
148
0.0
149
0.0
100
AcDbLayout
  1
Layout1
 70
1
 71
1
 10
0.0
 20
0.0
 11
420.0
 21
297.0
 12
0.0
 22
0.0
 32
0.0
 14
1e+20
 24
1e+20
 34
1e+20
 15
-1e+20
 25
-1e+20
 35
-1e+20
146
0.0
 13
0.0
 23
0.0
 33
0.0
 16
1.0
 26
0.0
 36
0.0
 17
0.0
 27
1.0
 37
0.0
 76
1
330
1B
  0
MATERIAL
  5
1F
102
{ACAD_REACTORS
330
E
102
}
330
E
100
AcDbMaterial
  1
ByBlock
  2

 70
0
 40
1.0
 71
1
 41
1.0
 91
-1023410177
 42
1.0
 72
1
  3

 73
1
 74
1
 75
1
 44
0.5
 73
0
 45
1.0
 46
1.0
 77
1
  4

 78
1
 79
1
170
1
 48
1.0
171
1
  6

172
1
173
1
174
1
140
1.0
141
1.0
175
1
  7

176
1
177
1
178
1
143
1.0
179
1
  8

270
1
271
1
272
1
145
1.0
146
1.0
273
1
  9

274
1
275
1
276
1
 42
1.0
 72
1
  3

 73
1
 74
1
 75
1
 94
63
  0
MATERIAL
  5
20
102
{ACAD_REACTORS
330
E
102
}
330
E
100
AcDbMaterial
  1
ByLayer
  2

 70
0
 40
1.0
 71
1
 41
1.0
 91
-1023410177
 42
1.0
 72
1
  3

 73
1
 74
1
 75
1
 44
0.5
 73
0
 45
1.0
 46
1.0
 77
1
  4

 78
1
 79
1
170
1
 48
1.0
171
1
  6

172
1
173
1
174
1
140
1.0
141
1.0
175
1
  7

176
1
177
1
178
1
143
1.0
179
1
  8

270
1
271
1
272
1
145
1.0
146
1.0
273
1
  9

274
1
275
1
276
1
 42
1.0
 72
1
  3

 73
1
 74
1
 75
1
 94
63
  0
MATERIAL
  5
21
102
{ACAD_REACTORS
330
E
102
}
330
E
100
AcDbMaterial
  1
Global
  2

 70
0
 40
1.0
 71
1
 41
1.0
 91
-1023410177
 42
1.0
 72
1
  3

 73
1
 74
1
 75
1
 44
0.5
 73
0
 45
1.0
 46
1.0
 77
1
  4

 78
1
 79
1
170
1
 48
1.0
171
1
  6

172
1
173
1
174
1
140
1.0
141
1.0
175
1
  7

176
1
177
1
178
1
143
1.0
179
1
  8

270
1
271
1
272
1
145
1.0
146
1.0
273
1
  9

274
1
275
1
276
1
 42
1.0
 72
1
  3

 73
1
 74
1
 75
1
 94
63
  0
MLINESTYLE
  5
22
102
{ACAD_REACTORS
330
10
102
}
330
10
100
AcDbMlineStyle
  2
Standard
 70
0
  3

 62
256
 51
90.0
 52
90.0
 71
2
 49
0.5
 62
256
  6
BYLAYER
 49
-0.5
 62
256
  6
BYLAYER
  0
MLEADERSTYLE
  5
2C
102
{ACAD_REACTORS
330
F
102
}
330
F
100
AcDbMLeaderStyle
179
2
170
2
171
1
172
0
 90
2
 40
0.0
 41
0.0
173
1
 91
-1056964608
 92
-2
290
1
 42
2.0
291
1
 43
8.0
  3
Standard
 44
4.0
300

342
29
174
1
175
1
176
0
178
1
 93
-1056964608
 45
4.0
292
0
297
0
 46
4.0
 94
-1056964608
 47
1.0
 49
1.0
140
1.0
294
1
141
0.0
177
0
142
1.0
295
0
296
0
143
3.75
271
0
272
9
273
9
  0
DICTIONARY
  5
2D
330
A
100
AcDbDictionary
280
1
281
1
  3
CREATED_BY_EZDXF
350
2E
  3
WRITTEN_BY_EZDXF
350
132E
  0
DICTIONARYVAR
  5
2E
330
2D
100
DictionaryVariables
280
0
  1
1.4.4 @ 2026-09-08T09:13:19.629106+00:00
  0
DICTIONARYVAR
  5
132E
330
2D
100
DictionaryVariables
280
0
  1
1.4.4 @ 2026-09-08T09:13:19.750162+00:00
  0
ENDSEC
  0
EOF
